epsilon_x opt,epsilon_y opt,epsilon_z opt,exfoliation_en,structure,e_form,structure initial,jid,gap tbmbj,epsilon_x tbmbj,epsilon_y tbmbj,epsilon_z tbmbj,mpid,gap opt,composition
10.3295,10.3295,7.0367,63.59383333,"Full Formula (Hf2 Si2 Te2)
Reduced Formula: HfSiTe
abc   :   3.667305   3.667305  27.311209
angles:  90.000000  90.000000  90.000000
pbc   :       True       True       True
Sites (6)
  #  SP           a         b         c  velocities
---  ----  --------  --------  --------  ---------------
  0  Hf    0.407174  0.907174  0.265919  [0.0, 0.0, 0.0]
  1  Hf    0.907174  0.407174  0.111626  [0.0, 0.0, 0.0]
  2  Si    0.907174  0.907174  0.188772  [0.0, 0.0, 0.0]
  3  Si    0.407174  0.407174  0.188772  [0.0, 0.0, 0.0]
  4  Te    0.907174  0.407174  0.317053  [0.0, 0.0, 0.0]
  5  Te    0.407174  0.907174  0.060492  [0.0, 0.0, 0.0]",-0.624,"Full Formula (Hf2 Si2 Te2)
Reduced Formula: HfSiTe
abc   :   3.663800   3.663800  27.311209
angles:  90.000000  90.000000  90.000000
pbc   :       True       True       True
Sites (6)
  #  SP           a         b         c
---  ----  --------  --------  --------
  0  Hf    0.407174  0.907174  0.265728
  1  Hf    0.907174  0.407174  0.111817
  2  Si    0.907174  0.907174  0.188772
  3  Si    0.407174  0.407174  0.188772
  4  Te    0.907174  0.407174  0.316676
  5  Te    0.407174  0.907174  0.060869",JVASP-19990,,,,,mp-13963,0.0341,Hf2 Si2 Te2
4.7325,5.6477,2.6267,134.86375,"Full Formula (As4)
Reduced Formula: As
abc   :   3.701362   4.699617  25.441200
angles:  90.000000  90.000000  90.000000
pbc   :       True       True       True
Sites (4)
  #  SP       a         b         c  velocities
---  ----  ----  --------  --------  ---------------
  0  As     0.5  0.931349  0.272399  [0.0, 0.0, 0.0]
  1  As     0    0.568651  0.272399  [0.0, 0.0, 0.0]
  2  As     0.5  0.068651  0.177312  [0.0, 0.0, 0.0]
  3  As    -0    0.431349  0.177312  [0.0, 0.0, 0.0]",0.16,"Full Formula (As4)
Reduced Formula: As
abc   :   3.706500   4.686400  25.441200
angles:  90.000000  90.000000  90.000000
pbc   :       True       True       True
Sites (4)
  #  SP      a       b         c
---  ----  ---  ------  --------
  0  As    0.5  0.9314  0.27248
  1  As    0    0.5686  0.27248
  2  As    0.5  0.0686  0.177231
  3  As    0    0.4314  0.177231",JVASP-31349,,,,,mp-158,0.7467,As4
6.4357,5.2377,3.007,43.11466667,"Full Formula (Ti2 Br2 O2)
Reduced Formula: TiBrO
abc   :   3.377602   4.042665  25.238364
angles:  90.000000  90.000000  90.000000
pbc   :       True       True       True
Sites (6)
  #  SP      a    b         c  velocities
---  ----  ---  ---  --------  ---------------
  0  Ti    0    0.5  0.474389  [0.0, 0.0, 0.0]
  1  Ti    0.5  0    0.525611  [0.0, 0.0, 0.0]
  2  Br    0.5  0.5  0.396751  [0.0, 0.0, 0.0]
  3  Br    0    0    0.603249  [0.0, 0.0, 0.0]
  4  O     0    0    0.478647  [0.0, 0.0, 0.0]
  5  O     0.5  0.5  0.521353  [0.0, 0.0, 0.0]",-2.231,"Full Formula (Ti2 Br2 O2)
Reduced Formula: TiBrO
abc   :   3.387106   4.047891  25.238364
angles:  90.000000  90.000000  90.000000
pbc   :       True       True       True
Sites (6)
  #  SP      a    b         c
---  ----  ---  ---  --------
  0  Ti    0    0.5  0.474042
  1  Ti    0.5  0    0.525958
  2  Br    0.5  0.5  0.396222
  3  Br    0    0    0.603778
  4  O     0    0    0.478231
  5  O     0.5  0.5  0.521769",JVASP-27890,,,,,mp-23002,0.0023,Ti2 Br2 O2
9.3915,9.3915,4.2669,240.7154875,"Full Formula (In2 Bi2)
Reduced Formula: InBi
abc   :   4.689404   4.689404  25.074031
angles:  90.000000  90.000000  90.000000
pbc   :       True       True       True
Sites (4)
  #  SP           a         b         c  velocities
---  ----  --------  --------  --------  ---------------
  0  In    0.511542  0.511542  0.101181  [0.0, 0.0, 0.0]
  1  In    0.011542  0.011542  0.101181  [0.0, 0.0, 0.0]
  2  Bi    0.011542  0.511542  0.180072  [0.0, 0.0, 0.0]
  3  Bi    0.511542  0.011542  0.02229   [0.0, 0.0, 0.0]",0.24,"Full Formula (In2 Bi2)
Reduced Formula: InBi
abc   :   4.959543   4.959543  25.074031
angles:  90.000000  90.000000  90.000000
pbc   :       True       True       True
Sites (4)
  #  SP           a         b         c
---  ----  --------  --------  --------
  0  In    0.511542  0.511542  0.101181
  1  In    0.011542  0.011542  0.101181
  2  Bi    0.011542  0.511542  0.179795
  3  Bi    0.511542  0.011542  0.022567",JVASP-31353,,,,,mp-23313,0.0266,In2 Bi2
2.7367,2.7367,2.0162,67.44283333,"Full Formula (Nb1 O2)
Reduced Formula: NbO2
abc   :   3.001645   3.001645  22.467047
angles:  90.000000  90.000000 120.000010
pbc   :       True       True       True
Sites (3)
  #  SP           a         b         c  velocities
---  ----  --------  --------  --------  ---------------
  0  Nb    0.333333  0.666667  0.116471  [0.0, 0.0, 0.0]
  1  O     0.666667  0.333333  0.063596  [0.0, 0.0, 0.0]
  2  O     0.666667  0.333333  0.169346  [0.0, 0.0, 0.0]",-2.245,"Full Formula (Nb1 O2)
Reduced Formula: NbO2
abc   :   2.998537   2.998537  22.467047
angles:  90.000000  90.000000 120.000010
pbc   :       True       True       True
Sites (3)
  #  SP           a         b         c
---  ----  --------  --------  --------
  0  Nb    0.333333  0.666667  0.116471
  1  O     0.666667  0.333333  0.063132
  2  O     0.666667  0.333333  0.16981",JVASP-31356,,,,,mp-25214,0.0484,Nb1 O2
2.303,2.4367,2.2339,66.30685,"Full Formula (Sb2 As2 O6)
Reduced Formula: SbAsO3
abc   :   4.485823   5.396512  19.504737
angles:  90.000000  90.717611  86.287086
pbc   :       True       True       True
Sites (10)
  #  SP            a         b         c  velocities
---  ----  ---------  --------  --------  ---------------
  0  Sb     0.483917  0.674845  0.017126  [0.0, 0.0, 0.0]
  1  Sb    -0.0084    0.174457  0.154035  [0.0, 0.0, 0.0]
  2  As     0.989235  0.241175  0.977104  [0.0, 0.0, 0.0]
  3  As     0.501234  0.740597  0.194098  [0.0, 0.0, 0.0]
  4  O      0.06084   0.550795  0.008407  [0.0, 0.0, 0.0]
  5  O      0.592714  0.325555  0.982148  [0.0, 0.0, 0.0]
  6  O      0.54141   0.562076  0.114925  [0.0, 0.0, 0.0]
  7  O      0.038202  0.061949  0.056236  [0.0, 0.0, 0.0]
  8  O      0.569442  0.050519  0.162883  [0.0, 0.0, 0.0]
  9  O      0.104173  0.825089  0.189097  [0.0, 0.0, 0.0]",-1.306,"Full Formula (Sb2 As2 O6)
Reduced Formula: SbAsO3
abc   :   4.355299   6.384288  19.504737
angles:  90.000000  90.739118  90.000000
pbc   :       True       True       True
Sites (10)
  #  SP           a         b         c
---  ----  --------  --------  --------
  0  Sb    0.423831  0.701373  0.013425
  1  Sb    0.171657  0.114343  0.133017
  2  As    0.896409  0.298309  0.99239
  3  As    0.499248  0.726236  0.190277
  4  O     0.994827  0.566707  0.013656
  5  O     0.508266  0.345855  0.988384
  6  O     0.480387  0.594037  0.108007
  7  O     0.222699  0.969929  0.04739
  8  O     0.591343  0.067456  0.179683
  9  O     0.084099  0.822812  0.189829",JVASP-60308,4.347,2.0666,2.1851,1.9995,mp-28109,2.2826,Sb2 As2 O6
2.3318,2.4729,2.2521,45.942375,"Full Formula (Mo2 O6)
Reduced Formula: MoO3
abc   :   3.696882   3.893860  28.497100
angles:  90.000000  90.000000  90.000000
pbc   :       True       True       True
Sites (8)
  #  SP       a         b         c  velocities
---  ----  ----  --------  --------  ---------------
  0  Mo    0.25  0.431436  0.324004  [0.0, 0.0, 0.0]
  1  Mo    0.75  0.568564  0.21981   [0.0, 0.0, 0.0]
  2  O     0.25  0.466915  0.382591  [0.0, 0.0, 0.0]
  3  O     0.75  0.533085  0.161222  [0.0, 0.0, 0.0]
  4  O     0.25  0.497766  0.238833  [0.0, 0.0, 0.0]
  5  O     0.75  0.502234  0.30498   [0.0, 0.0, 0.0]
  6  O     0.25  0.981867  0.315661  [0.0, 0.0, 0.0]
  7  O     0.75  0.018133  0.228152  [0.0, 0.0, 0.0]",-2.04,"Full Formula (Mo2 O6)
Reduced Formula: MoO3
abc   :   3.755000   3.921400  28.497100
angles:  90.000000  90.000000  90.000000
pbc   :       True       True       True
Sites (8)
  #  SP       a       b         c
---  ----  ----  ------  --------
  0  Mo    0.25  0.4352  0.324385
  1  Mo    0.75  0.5648  0.219429
  2  O     0.25  0.4692  0.383823
  3  O     0.75  0.5308  0.15999
  4  O     0.25  0.5014  0.238462
  5  O     0.75  0.4986  0.305351
  6  O     0.25  0.9815  0.316499
  7  O     0.75  0.0185  0.227314",JVASP-31368,,,,,mp-510584,1.8234,Mo2 O6
37.3468,37.3472,3.5319,89.476,"Full Formula (Cr2 Ge2 Te6)
Reduced Formula: CrGeTe3
abc   :   6.898647   6.898647  23.444603
angles:  90.000000  90.000000 120.000003
pbc   :       True       True       True
Sites (10)
  #  SP            a          b         c  velocities
---  ----  ---------  ---------  --------  ---------------
  0  Te     0.373713   0.373709  0.147284  [0.0, 0.0, 0.0]
  1  Te    -4e-06      0.626287  0.147284  [0.0, 0.0, 0.0]
  2  Te     0.626291   4e-06     0.147284  [0.0, 0.0, 0.0]
  3  Te     0.626287   0.626291  0.999641  [0.0, 0.0, 0.0]
  4  Te     4e-06      0.373713  0.999641  [0.0, 0.0, 0.0]
  5  Te     0.373709  -4e-06     0.999641  [0.0, 0.0, 0.0]
  6  Cr     0.666667   0.333333  0.073463  [0.0, 0.0, 0.0]
  7  Cr     0.333333   0.666667  0.073462  [0.0, 0.0, 0.0]
  8  Ge    -0         -0         0.125048  [0.0, 0.0, 0.0]
  9  Ge    -0         -0         0.021877  [0.0, 0.0, 0.0]",-0.04,"Full Formula (Cr2 Ge2 Te6)
Reduced Formula: CrGeTe3
abc   :   6.912916   6.912916  23.444603
angles:  90.000000  90.000000 120.000001
pbc   :       True       True       True
Sites (10)
  #  SP           a         b         c
---  ----  --------  --------  --------
  0  Te    0.373339  0.372697  0.146925
  1  Te    0.999358  0.626661  0.146925
  2  Te    0.627303  0.000642  0.146925
  3  Te    0.626661  0.627303  0
  4  Te    0.000642  0.373339  0
  5  Te    0.372697  0.999358  0
  6  Cr    0.666667  0.333333  0.073211
  7  Cr    0.333333  0.666667  0.073714
  8  Ge    0         0         0.125026
  9  Ge    0         0         0.021899",JVASP-60389,0.0203,39.0126,43.907,3.3777,mp-541449,0.5289,Te6 Cr2 Ge2
2.8944,2.8944,2.7008,36.73083333,"Full Formula (Zr2 Br2 N2)
Reduced Formula: ZrBrN
abc   :   3.658791   3.658791  30.340540
angles:  90.000000  90.000000 120.000003
pbc   :       True       True       True
Sites (6)
  #  SP            a          b         c  velocities
---  ----  ---------  ---------  --------  ---------------
  0  Zr    -0          0         0.123503  [0.0, 0.0, 0.0]
  1  Zr     0.666667   0.333333  0.209831  [0.0, 0.0, 0.0]
  2  Br     0.333333   0.666667  0.058157  [0.0, 0.0, 0.0]
  3  Br     0.333333   0.666667  0.275176  [0.0, 0.0, 0.0]
  4  N      0.666667   0.333333  0.137972  [0.0, 0.0, 0.0]
  5  N      0         -0         0.195361  [0.0, 0.0, 0.0]",-1.769,"Full Formula (Zr2 Br2 N2)
Reduced Formula: ZrBrN
abc   :   3.682188   3.682188  30.340540
angles:  90.000000  90.000000 120.000003
pbc   :       True       True       True
Sites (6)
  #  SP           a         b         c
---  ----  --------  --------  --------
  0  Zr    0         0         0.123542
  1  Zr    0.666667  0.333333  0.209792
  2  Br    0.333333  0.666667  0.057814
  3  Br    0.333333  0.666667  0.275519
  4  N     0.666667  0.333333  0.137803
  5  N     0         0         0.19553",JVASP-31374,,,,,mp-541912,1.3309,Zr2 Br2 N2
2.1019,2.3753,1.8636,76.1309,"Full Formula (Pd2 Se2 O6)
Reduced Formula: PdSeO3
abc   :   3.943861   6.409045  26.262160
angles:  90.000000  96.040454  90.000000
pbc   :       True       True       True
Sites (10)
  #  SP           a         b         c  velocities
---  ----  --------  --------  --------  ---------------
  0  Pd    0.5       0         0.119224  [0.0, 0.0, 0.0]
  1  Pd    0.5       0.5       0.119224  [0.0, 0.0, 0.0]
  2  Se    0.951344  0.25      0.041504  [0.0, 0.0, 0.0]
  3  Se    0.048656  0.75      0.196944  [0.0, 0.0, 0.0]
  4  O     0.209484  0.036254  0.050914  [0.0, 0.0, 0.0]
  5  O     0.209484  0.463746  0.050914  [0.0, 0.0, 0.0]
  6  O     0.787854  0.25      0.104757  [0.0, 0.0, 0.0]
  7  O     0.212146  0.75      0.133691  [0.0, 0.0, 0.0]
  8  O     0.790516  0.963746  0.187534  [0.0, 0.0, 0.0]
  9  O     0.790516  0.536254  0.187534  [0.0, 0.0, 0.0]",-0.598,"Full Formula (Pd2 Se2 O6)
Reduced Formula: PdSeO3
abc   :   4.030541   6.565476  26.262160
angles:  90.000000  95.910081  90.000000
pbc   :       True       True       True
Sites (10)
  #  SP           a         b         c
---  ----  --------  --------  --------
  0  Pd    0.5       0         0.119224
  1  Pd    0.5       0.5       0.119224
  2  Se    0.946026  0.25      0.04244
  3  Se    0.053974  0.75      0.196008
  4  O     0.200955  0.040954  0.052081
  5  O     0.200955  0.459046  0.052081
  6  O     0.780187  0.25      0.105542
  7  O     0.219813  0.75      0.132906
  8  O     0.799045  0.959046  0.186367
  9  O     0.799045  0.540954  0.186367",JVASP-31375,,,,,mp-545482,1.1115,Pd2 Se2 O6
,,,62.799125,"Full Formula (Nb2 Br4 O2)
Reduced Formula: NbBr2O
abc   :   7.047209   3.924012  27.724200
angles:  90.000000 104.601508  90.000000
pbc   :       True       True       True
Sites (8)
  #  SP           a         b         c  velocities
---  ----  --------  --------  --------  ---------------
  0  Br    0.078394  0.455778  0.344574  [0.0, 0.0, 0.0]
  1  Br    0.566239  0.44983   0.332351  [0.0, 0.0, 0.0]
  2  Br    0.433761  0.44983   0.198745  [0.0, 0.0, 0.0]
  3  Br    0.921606  0.455778  0.186522  [0.0, 0.0, 0.0]
  4  Nb    0.784932  0.486139  0.26555   [0.0, 0.0, 0.0]
  5  Nb    0.215068  0.486139  0.265546  [0.0, 0.0, 0.0]
  6  O     0.778808  0.961352  0.265565  [0.0, 0.0, 0.0]
  7  O     0.221192  0.961352  0.26553   [0.0, 0.0, 0.0]",-1.552,"Full Formula (Nb2 Br4 O2)
Reduced Formula: NbBr2O
abc   :   7.096000   3.963200  27.724200
angles:  90.000000 104.498901  90.000000
pbc   :       True       True       True
Sites (8)
  #  SP         a       b         c
---  ----  ------  ------  --------
  0  Br    0.0774  0.4527  0.344044
  1  Br    0.5645  0.4453  0.331935
  2  Br    0.4355  0.4453  0.199161
  3  Br    0.9226  0.4527  0.187052
  4  Nb    0.7852  0.4966  0.265601
  5  Nb    0.2148  0.4966  0.265495
  6  O     0.7791  0.9585  0.265707
  7  O     0.2209  0.9585  0.265388",JVASP-31377,,,,,mp-550070,,Br4 Nb2 O2
26.5044,26.5044,3.2882,57.3815,"Full Formula (Sr2 Sb2 Se4 F2)
Reduced Formula: SrSbSe2F
abc   :   4.103648   4.103648  34.757428
angles:  90.000000  90.000000  90.000000
pbc   :       True       True       True
Sites (10)
  #  SP       a     b         c  velocities
---  ----  ----  ----  --------  ---------------
  0  Sr     0     0.5  0.170778  [0.0, 0.0, 0.0]
  1  Sr     0.5   0    0.253806  [0.0, 0.0, 0.0]
  2  Sb     0.5  -0    0.059902  [0.0, 0.0, 0.0]
  3  Sb    -0     0.5  0.364681  [0.0, 0.0, 0.0]
  4  Se     0     0.5  0.048539  [0.0, 0.0, 0.0]
  5  Se     0.5   0    0.133148  [0.0, 0.0, 0.0]
  6  Se     0     0.5  0.291436  [0.0, 0.0, 0.0]
  7  Se     0.5   0    0.376044  [0.0, 0.0, 0.0]
  8  F      0     0    0.212292  [0.0, 0.0, 0.0]
  9  F      0.5   0.5  0.212292  [0.0, 0.0, 0.0]",-1.768,"Full Formula (Sr2 Sb2 Se4 F2)
Reduced Formula: SrSbSe2F
abc   :   4.124000   4.124000  34.757428
angles:  90.000000  90.000000  90.000000
pbc   :       True       True       True
Sites (10)
  #  SP      a    b         c
---  ----  ---  ---  --------
  0  Sr    0    0.5  0.170556
  1  Sr    0.5  0    0.254028
  2  Sb    0.5  0    0.058207
  3  Sb    0    0.5  0.366376
  4  Se    0    0.5  0.047822
  5  Se    0.5  0    0.131742
  6  Se    0    0.5  0.292842
  7  Se    0.5  0    0.376761
  8  F     0    0    0.212292
  9  F     0.5  0.5  0.212292",JVASP-31378,,,,,mp-556194,0.0132,Sr2 Sb2 Se4 F2
15.701,9.585,2.0206,1.659833333,"Full Formula (Co2 O4)
Reduced Formula: CoO2
abc   :   4.882604   2.819455  25.306090
angles:  90.000000  92.392471  90.000000
pbc   :       True       True       True
Sites (6)
  #  SP           a         b         c  velocities
---  ----  --------  --------  --------  ---------------
  0  Co    0.939716  0.799419  0.22539   [0.0, 0.0, 0.0]
  1  Co    0.439716  0.299419  0.22539   [0.0, 0.0, 0.0]
  2  O     0.281047  0.799419  0.262292  [0.0, 0.0, 0.0]
  3  O     0.781047  0.299419  0.262292  [0.0, 0.0, 0.0]
  4  O     0.098385  0.299419  0.188487  [0.0, 0.0, 0.0]
  5  O     0.598385  0.799419  0.188487  [0.0, 0.0, 0.0]",-0.925,"Full Formula (Co2 O4)
Reduced Formula: CoO2
abc   :   5.146493   2.874298  25.308537
angles:  90.000000  92.521615  90.000000
pbc   :       True       True       True
Sites (6)
  #  SP            a         b         c
---  ----  ---------  --------  --------
  0  Co    -0.060284  0.799419  0.22539
  1  Co     0.439716  0.299419  0.22539
  2  O      0.298999  0.799419  0.263466
  3  O      0.798999  0.299419  0.263466
  4  O      0.080433  0.299419  0.187313
  5  O      0.580433  0.799419  0.187313",JVASP-31379,,,,,mp-556750,1.3905,Co2 O4
2.0382,2.0382,2.0954,88.7062275,"Full Formula (Ag2 I2)
Reduced Formula: AgI
abc   :   4.352319   4.352319  28.673183
angles:  90.000000  90.000000  90.000000
pbc   :       True       True       True
Sites (4)
  #  SP           a         b         c  velocities
---  ----  --------  --------  --------  ---------------
  0  Ag    0.727068  0.727068  0.116366  [0.0, 0.0, 0.0]
  1  Ag    0.227068  0.227068  0.116366  [0.0, 0.0, 0.0]
  2  I     0.227068  0.727068  0.184101  [0.0, 0.0, 0.0]
  3  I     0.727068  0.227068  0.048632  [0.0, 0.0, 0.0]",-0.116,"Full Formula (Ag2 I2)
Reduced Formula: AgI
abc   :   4.589103   4.589103  28.673183
angles:  90.000000  90.000000  90.000000
pbc   :       True       True       True
Sites (4)
  #  SP           a         b         c
---  ----  --------  --------  --------
  0  Ag    0.727068  0.727068  0.116366
  1  Ag    0.227068  0.227068  0.116366
  2  I     0.227068  0.727068  0.179563
  3  I     0.727068  0.227068  0.05317",JVASP-14417,,,,,mp-567809,1.9771,Ag2 I2
16.7072,16.7072,2.6201,85.11186667,"Full Formula (Co1 I2)
Reduced Formula: CoI2
abc   :   3.915152   3.915152  26.666722
angles:  90.000000  90.000000 120.000006
pbc   :       True       True       True
Sites (3)
  #  SP           a         b         c  velocities
---  ----  --------  --------  --------  ---------------
  0  Co    0.334942  0.977245  0.125001  [0.0, 0.0, 0.0]
  1  I     0.668275  0.643912  0.183142  [0.0, 0.0, 0.0]
  2  I     0.001609  0.310578  0.06686   [0.0, 0.0, 0.0]",0.102,"Full Formula (Co1 I2)
Reduced Formula: CoI2
abc   :   3.938657   3.938657  26.666722
angles:  90.000000  90.000000 120.000008
pbc   :       True       True       True
Sites (3)
  #  SP           a         b         c
---  ----  --------  --------  --------
  0  Co    0.334942  0.977245  0.125001
  1  I     0.668275  0.643912  0.182555
  2  I     0.001609  0.310578  0.067447",JVASP-14419,,,,,mp-569610,0.0281,Co1 I2
2.9142,2.9246,2.3904,74.06065,"Full Formula (Nb4 Se8 Br8)
Reduced Formula: Nb(SeBr)2
abc   :   6.695561  11.774121  27.256753
angles:  90.000000  95.515606  90.000000
pbc   :       True       True       True
Sites (20)
  #  SP           a         b         c  velocities
---  ----  --------  --------  --------  ---------------
  0  Nb    0.89893   0.948374  0.18048   [0.0, 0.0, 0.0]
  1  Nb    0.89893   0.695756  0.18048   [0.0, 0.0, 0.0]
  2  Nb    0.39893   0.195756  0.18048   [0.0, 0.0, 0.0]
  3  Nb    0.39893   0.448374  0.18048   [0.0, 0.0, 0.0]
  4  Se    0.209097  0.822065  0.213652  [0.0, 0.0, 0.0]
  5  Se    0.709097  0.322065  0.213652  [0.0, 0.0, 0.0]
  6  Se    0.942437  0.822065  0.261739  [0.0, 0.0, 0.0]
  7  Se    0.442437  0.322065  0.261739  [0.0, 0.0, 0.0]
  8  Se    0.355422  0.322065  0.099221  [0.0, 0.0, 0.0]
  9  Se    0.855422  0.822065  0.099221  [0.0, 0.0, 0.0]
 10  Se    0.088762  0.322065  0.147308  [0.0, 0.0, 0.0]
 11  Se    0.588762  0.822065  0.147308  [0.0, 0.0, 0.0]
 12  Br    0.108658  0.529735  0.237436  [0.0, 0.0, 0.0]
 13  Br    0.108658  0.114395  0.237436  [0.0, 0.0, 0.0]
 14  Br    0.608658  0.614395  0.237436  [0.0, 0.0, 0.0]
 15  Br    0.608658  0.029735  0.237436  [0.0, 0.0, 0.0]
 16  Br    0.189202  0.614395  0.123524  [0.0, 0.0, 0.0]
 17  Br    0.189202  0.029735  0.123524  [0.0, 0.0, 0.0]
 18  Br    0.689202  0.114395  0.123524  [0.0, 0.0, 0.0]
 19  Br    0.689202  0.529735  0.123524  [0.0, 0.0, 0.0]",-0.698,"Full Formula (Nb4 Se8 Br8)
Reduced Formula: Nb(SeBr)2
abc   :   6.804602  11.816584  27.260887
angles:  90.000000  95.604862  90.000000
pbc   :       True       True       True
Sites (20)
  #  SP            a         b         c
---  ----  ---------  --------  --------
  0  Nb    -0.10107   0.948318  0.18048
  1  Nb    -0.10107   0.695812  0.18048
  2  Nb     0.39893   0.195812  0.18048
  3  Nb     0.39893   0.448318  0.18048
  4  Se     0.202586  0.822065  0.21342
  5  Se     0.702586  0.322065  0.21342
  6  Se    -0.058482  0.822065  0.261443
  7  Se     0.441518  0.322065  0.261443
  8  Se     0.356341  0.322065  0.099517
  9  Se     0.856341  0.822065  0.099517
 10  Se     0.095273  0.322065  0.14754
 11  Se     0.595273  0.822065  0.14754
 12  Br     0.113643  0.530667  0.2375
 13  Br     0.113643  0.113463  0.2375
 14  Br     0.613643  0.613463  0.2375
 15  Br     0.613643  0.030667  0.2375
 16  Br     0.184217  0.613463  0.12346
 17  Br     0.184217  0.030667  0.12346
 18  Br     0.684217  0.113463  0.12346
 19  Br     0.684217  0.530667  0.12346",JVASP-14420,1.224,2.7887,2.8445,2.2781,mp-569623,1.1027,Nb4 Se8 Br8
2.847,2.6254,2.2545,42.06616667,"Full Formula (Zr2 Br2 N2)
Reduced Formula: ZrBrN
abc   :   3.625047   4.128046  28.003880
angles:  90.000000  90.000000  90.000000
pbc   :       True       True       True
Sites (6)
  #  SP           a         b         c  velocities
---  ----  --------  --------  --------  ---------------
  0  Zr    0.737131  0.079168  0.192578  [0.0, 0.0, 0.0]
  1  Zr    0.237131  0.579168  0.128945  [0.0, 0.0, 0.0]
  2  Br    0.237131  0.079168  0.267263  [0.0, 0.0, 0.0]
  3  Br    0.737131  0.579168  0.05426   [0.0, 0.0, 0.0]
  4  N     0.737131  0.579168  0.170911  [0.0, 0.0, 0.0]
  5  N     0.237131  0.079168  0.150612  [0.0, 0.0, 0.0]",-1.726,"Full Formula (Zr2 Br2 N2)
Reduced Formula: ZrBrN
abc   :   3.639016   4.171676  28.003880
angles:  90.000000  90.000000  90.000000
pbc   :       True       True       True
Sites (6)
  #  SP           a         b         c
---  ----  --------  --------  --------
  0  Zr    0.737131  0.079168  0.192388
  1  Zr    0.237131  0.579168  0.129135
  2  Br    0.237131  0.079168  0.267654
  3  Br    0.737131  0.579168  0.053869
  4  N     0.737131  0.579168  0.171065
  5  N     0.237131  0.079168  0.150458",JVASP-14421,2.123,2.6185,2.4318,2.1158,mp-570157,1.9056,Zr2 Br2 N2
1.9965,1.9948,1.8948,77.39025,"Full Formula (In2 Br6)
Reduced Formula: InBr3
abc   :   6.784793   6.784813  23.189906
angles:  86.453330  82.892949  60.000095
pbc   :       True       True       True
Sites (8)
  #  SP           a          b         c  velocities
---  ----  --------  ---------  --------  ---------------
  0  Br    0.112857   0         0.000725  [0.0, 0.0, 0.0]
  1  Br    0.749317  -0         0.137101  [0.0, 0.0, 0.0]
  2  Br    0.806971   0.652953  0.000736  [0.0, 0.0, 0.0]
  3  Br    0.40225    0.652953  0.13709   [0.0, 0.0, 0.0]
  4  Br    0.055203   0.347047  0.13709   [0.0, 0.0, 0.0]
  5  Br    0.459924   0.347047  0.000736  [0.0, 0.0, 0.0]
  6  In    0.097741   0.666691  0.068913  [0.0, 0.0, 0.0]
  7  In    0.764433   0.333309  0.068913  [0.0, 0.0, 0.0]",-0.752,"Full Formula (In2 Br6)
Reduced Formula: InBr3
abc   :   7.067869   7.072634  23.189906
angles:  86.597835  83.178976  60.022277
pbc   :       True       True       True
Sites (8)
  #  SP           a         b         c
---  ----  --------  --------  --------
  0  Br    0.101341  0         0.000146
  1  Br    0.760833  0         0.13768
  2  Br    0.814479  0.643764  0.000695
  3  Br    0.403931  0.643764  0.137131
  4  Br    0.047695  0.356236  0.137131
  5  Br    0.458243  0.356236  0.000695
  6  In    0.097236  0.667701  0.068913
  7  In    0.764938  0.332299  0.068913",JVASP-60467,3.4241,1.8747,1.8709,1.6458,mp-570219,2.8824,Br6 In2
7.6242,7.6242,5.4266,44.3685,"Full Formula (Y2 Ga2 I2)
Reduced Formula: YGaI
abc   :   4.181055   4.181054  28.242785
angles:  90.000000  90.000000 119.999998
pbc   :       True       True       True
Sites (6)
  #  SP           a         b         c  velocities
---  ----  --------  --------  --------  ---------------
  0  Y     0.294047  0.679359  0.288101  [0.0, 0.0, 0.0]
  1  Y     0.294047  0.679359  0.145383  [0.0, 0.0, 0.0]
  2  Ga    0.960714  0.012692  0.229259  [0.0, 0.0, 0.0]
  3  Ga    0.62738   0.346026  0.204225  [0.0, 0.0, 0.0]
  4  I     0.62738   0.346026  0.358767  [0.0, 0.0, 0.0]
  5  I     0.960714  0.012692  0.074716  [0.0, 0.0, 0.0]",-1.059,"Full Formula (Y2 Ga2 I2)
Reduced Formula: YGaI
abc   :   4.208973   4.208972  28.242785
angles:  90.000000  90.000000 120.000000
pbc   :       True       True       True
Sites (6)
  #  SP           a         b         c
---  ----  --------  --------  --------
  0  Y     0.294047  0.679359  0.288343
  1  Y     0.294047  0.679359  0.145141
  2  Ga    0.960714  0.012692  0.229
  3  Ga    0.62738   0.346026  0.204484
  4  I     0.62738   0.346026  0.3594
  5  I     0.960714  0.012692  0.074083",JVASP-14425,,,,,mp-571210,0.074,Y2 Ga2 I2
2.0545,2.0545,1.9386,92.268875,"Full Formula (Y2 I6)
Reduced Formula: YI3
abc   :   7.512037   7.512038  25.673741
angles:  90.000000  90.000000 120.000001
pbc   :       True       True       True
Sites (8)
  #  SP           a         b         c  velocities
---  ----  --------  --------  --------  ---------------
  0  Y     0         0         0.147202  [0.0, 0.0, 0.0]
  1  Y     0.666667  0.333333  0.14718   [0.0, 0.0, 0.0]
  2  I     0.676501  0.009793  0.078744  [0.0, 0.0, 0.0]
  3  I     0.333292  0.323499  0.078744  [0.0, 0.0, 0.0]
  4  I     0.990207  0.666708  0.078744  [0.0, 0.0, 0.0]
  5  I     0.333375  0.009835  0.215639  [0.0, 0.0, 0.0]
  6  I     0.67646   0.666625  0.215639  [0.0, 0.0, 0.0]
  7  I     0.990165  0.32354   0.215639  [0.0, 0.0, 0.0]",-1.381,"Full Formula (Y2 I6)
Reduced Formula: YI3
abc   :   7.706913   7.706914  25.673741
angles:  90.000000  90.000000 120.000001
pbc   :       True       True       True
Sites (8)
  #  SP           a         b         c
---  ----  --------  --------  --------
  0  Y     0         0         0.146954
  1  Y     0.666667  0.333333  0.147428
  2  I     0.689841  0.023738  0.078142
  3  I     0.333897  0.310159  0.078142
  4  I     0.976262  0.666103  0.078142
  5  I     0.33277   0.023175  0.216241
  6  I     0.690405  0.66723   0.216241
  7  I     0.976825  0.309595  0.216241",JVASP-14427,,,,,mp-571442,2.8984,Y2 I6
28.6941,25.369,5.336,80.471875,"Full Formula (Nb4 Co4 Te8)
Reduced Formula: NbCoTe2
abc   :   6.352074   7.797617  24.960256
angles:  98.585492  90.000000  90.000000
pbc   :       True       True       True
Sites (16)
  #  SP           a         b         c  velocities
---  ----  --------  --------  --------  ---------------
  0  Nb    0.483005  0.197304  0.090328  [0.0, 0.0, 0.0]
  1  Nb    0.516995  0.802695  0.099351  [0.0, 0.0, 0.0]
  2  Nb    0.983005  0.302695  0.099351  [0.0, 0.0, 0.0]
  3  Nb    0.016995  0.697305  0.090328  [0.0, 0.0, 0.0]
  4  Co    0.853694  0.977181  0.062474  [0.0, 0.0, 0.0]
  5  Co    0.353694  0.522819  0.127203  [0.0, 0.0, 0.0]
  6  Co    0.646306  0.477181  0.062474  [0.0, 0.0, 0.0]
  7  Co    0.146306  0.022819  0.127203  [0.0, 0.0, 0.0]
  8  Te    0.25426   0.433392  0.025149  [0.0, 0.0, 0.0]
  9  Te    0.747193  0.694936  0.000122  [0.0, 0.0, 0.0]
 10  Te    0.247193  0.805064  0.189557  [0.0, 0.0, 0.0]
 11  Te    0.75426   0.066608  0.16453   [0.0, 0.0, 0.0]
 12  Te    0.752807  0.194936  0.000122  [0.0, 0.0, 0.0]
 13  Te    0.252807  0.305064  0.189557  [0.0, 0.0, 0.0]
 14  Te    0.24574   0.933392  0.025149  [0.0, 0.0, 0.0]
 15  Te    0.74574   0.566608  0.16453   [0.0, 0.0, 0.0]",-0.269,"Full Formula (Nb4 Co4 Te8)
Reduced Formula: NbCoTe2
abc   :   6.270534   7.701428  24.960256
angles:  98.693547  90.000000  90.000000
pbc   :       True       True       True
Sites (16)
  #  SP           a         b         c
---  ----  --------  --------  --------
  0  Nb    0.465151  0.18112   0.090121
  1  Nb    0.534849  0.818879  0.099558
  2  Nb    0.965151  0.318879  0.099558
  3  Nb    0.034849  0.681121  0.090121
  4  Co    0.849153  0.951587  0.065854
  5  Co    0.349153  0.548413  0.123823
  6  Co    0.650847  0.451587  0.065854
  7  Co    0.150847  0.048413  0.123823
  8  Te    0.261047  0.403566  0.021337
  9  Te    0.765413  0.644598  0.999919
 10  Te    0.265413  0.855402  0.18976
 11  Te    0.761047  0.096434  0.168342
 12  Te    0.734587  0.144598  0.999919
 13  Te    0.234587  0.355402  0.18976
 14  Te    0.238953  0.903566  0.021337
 15  Te    0.738953  0.596434  0.168342",JVASP-60483,,,,,mp-571471,0.0081,Nb4 Co4 Te8
12.9578,12.9578,2.5256,81.8425,"Full Formula (Mn2 Se2)
Reduced Formula: MnSe
abc   :   3.576771   3.576771  26.246356
angles:  90.000000  90.000000  90.000000
pbc   :       True       True       True
Sites (4)
  #  SP           a         b         c  velocities
---  ----  --------  --------  --------  ---------------
  0  Mn    0.864359  0.864359  0.118995  [0.0, 0.0, 0.0]
  1  Mn    0.364359  0.364359  0.118995  [0.0, 0.0, 0.0]
  2  Se    0.864359  0.364359  0.178936  [0.0, 0.0, 0.0]
  3  Se    0.364359  0.864359  0.059054  [0.0, 0.0, 0.0]",-0.217,"Full Formula (Mn2 Se2)
Reduced Formula: MnSe
abc   :   3.613289   3.613289  26.246356
angles:  90.000000  90.000000  90.000000
pbc   :       True       True       True
Sites (4)
  #  SP           a         b         c
---  ----  --------  --------  --------
  0  Mn    0.864359  0.864359  0.118995
  1  Mn    0.364359  0.364359  0.118995
  2  Se    0.864359  0.364359  0.178417
  3  Se    0.364359  0.864359  0.059573",JVASP-14431,,,,,mp-604910,0.019,Mn2 Se2
1.4121,1.3904,1.4634,68.471,"Full Formula (Al2 H2 O4)
Reduced Formula: AlHO2
abc   :   2.928467   3.702499  26.333641
angles:  90.000000 100.330019  90.000000
pbc   :       True       True       True
Sites (8)
  #  SP           a     b         c  velocities
---  ----  --------  ----  --------  ---------------
  0  Al    0.697866  0.75  0.087942  [0.0, 0.0, 0.0]
  1  Al    0.302129  0.25  0.152572  [0.0, 0.0, 0.0]
  2  H     0.062334  0.75  0.003824  [0.0, 0.0, 0.0]
  3  H     0.937685  0.25  0.236692  [0.0, 0.0, 0.0]
  4  O     0.1223    0.75  0.041083  [0.0, 0.0, 0.0]
  5  O     0.721837  0.25  0.102791  [0.0, 0.0, 0.0]
  6  O     0.278152  0.75  0.137725  [0.0, 0.0, 0.0]
  7  O     0.877698  0.25  0.199432  [0.0, 0.0, 0.0]",-2.362,"Full Formula (Al2 H2 O4)
Reduced Formula: AlHO2
abc   :   2.911458   3.761468  26.333641
angles:  90.000000 100.391039  90.000000
pbc   :       True       True       True
Sites (8)
  #  SP           a     b         c
---  ----  --------  ----  --------
  0  Al    0.697478  0.75  0.088277
  1  Al    0.302522  0.25  0.152239
  2  H     0.053897  0.75  0.003758
  3  H     0.946103  0.25  0.236757
  4  O     0.121068  0.75  0.041456
  5  O     0.72143   0.25  0.102421
  6  O     0.27857   0.75  0.138094
  7  O     0.878932  0.25  0.199059",JVASP-14432,,,,,mp-625055,2.7324,Al2 H2 O4
14.1627,14.1627,2.0511,66.60233333,"Full Formula (Co1 O2)
Reduced Formula: CoO2
abc   :   2.817350   2.817350  24.551775
angles:  90.000000  90.000000 120.000006
pbc   :       True       True       True
Sites (3)
  #  SP           a         b         c  velocities
---  ----  --------  --------  --------  ---------------
  0  Co    0.269054  0.929012  0.092697  [0.0, 0.0, 0.0]
  1  O     0.602387  0.595679  0.130762  [0.0, 0.0, 0.0]
  2  O     0.935721  0.262345  0.054633  [0.0, 0.0, 0.0]",-0.925,"Full Formula (Co1 O2)
Reduced Formula: CoO2
abc   :   2.828778   2.828778  24.551775
angles:  90.000000  90.000000 120.000008
pbc   :       True       True       True
Sites (3)
  #  SP           a         b         c
---  ----  --------  --------  --------
  0  Co    0.269054  0.929012  0.092697
  1  O     0.602387  0.595679  0.131147
  2  O     0.935721  0.262345  0.054248",JVASP-14441,,,,,mp-714976,1.4092,Co1 O2
2.3341,2.3263,2.1986,81.0140625,"Full Formula (Bi4 Br12)
Reduced Formula: BiBr3
abc   :   7.172737  12.427234  23.445848
angles:  90.000000  98.059914  90.000000
pbc   :       True       True       True
Sites (16)
  #  SP           a         b          c  velocities
---  ----  --------  --------  ---------  ---------------
  0  Bi    0.923326  0.666643   0.923357  [0.0, 0.0, 0.0]
  1  Bi    0.423326  0.833357   0.923357  [0.0, 0.0, 0.0]
  2  Bi    0.923624  0.333357   0.923593  [0.0, 0.0, 0.0]
  3  Bi    0.423624  0.166643   0.923593  [0.0, 0.0, 0.0]
  4  Br    0.719405  0.82909    0.851127  [0.0, 0.0, 0.0]
  5  Br    0.732106  0.499801   0.851248  [0.0, 0.0, 0.0]
  6  Br    0.627195  0.670825   0.995549  [0.0, 0.0, 0.0]
  7  Br    0.219405  0.67091    0.851127  [0.0, 0.0, 0.0]
  8  Br    0.127195  0.829175   0.995549  [0.0, 0.0, 0.0]
  9  Br    0.114844  0.500199   0.995702  [0.0, 0.0, 0.0]
 10  Br    0.614844  0.999801   0.995702  [0.0, 0.0, 0.0]
 11  Br    0.232106  0.000199   0.851248  [0.0, 0.0, 0.0]
 12  Br    0.719755  0.170825   0.851401  [0.0, 0.0, 0.0]
 13  Br    0.627545  0.329091  -0.004177  [0.0, 0.0, 0.0]
 14  Br    0.219755  0.329175   0.851401  [0.0, 0.0, 0.0]
 15  Br    0.127545  0.17091   -0.004177  [0.0, 0.0, 0.0]",-0.667,"Full Formula (Bi4 Br12)
Reduced Formula: BiBr3
abc   :   7.215011  12.370597  23.445848
angles:  90.000000  98.012378  90.000000
pbc   :       True       True       True
Sites (16)
  #  SP           a         b         c
---  ----  --------  --------  --------
  0  Bi    0.906161  0.666215  0.920835
  1  Bi    0.406161  0.833785  0.920835
  2  Bi    0.940789  0.333785  0.926115
  3  Bi    0.440789  0.166215  0.926115
  4  Br    0.694157  0.821809  0.846403
  5  Br    0.740785  0.492272  0.849954
  6  Br    0.606894  0.66685   0.991508
  7  Br    0.194157  0.678191  0.846403
  8  Br    0.106894  0.83315   0.991508
  9  Br    0.106165  0.507728  0.996996
 10  Br    0.606165  0.992272  0.996996
 11  Br    0.240785  0.007728  0.849954
 12  Br    0.740056  0.16685   0.855442
 13  Br    0.652793  0.32181   0.000547
 14  Br    0.240056  0.33315   0.855442
 15  Br    0.152793  0.178191  0.000547",JVASP-60549,3.4053,2.0267,2.0242,1.8498,mp-752602,2.998,Bi4 Br12
2.0335,2.0335,2.0131,37.02383333,"Full Formula (Y2 Br2 O2)
Reduced Formula: YBrO
abc   :   3.833462   3.833462  30.308701
angles:  90.000000  90.000000 120.000635
pbc   :       True       True       True
Sites (6)
  #  SP           a         b         c  velocities
---  ----  --------  --------  --------  ---------------
  0  Br    0.333335  0.666665  0.556048  [0.0, 0.0, 0.0]
  1  Br    0.333336  0.666664  0.777279  [0.0, 0.0, 0.0]
  2  O     0         1         0.638403  [0.0, 0.0, 0.0]
  3  O     0.666664  0.333336  0.694933  [0.0, 0.0, 0.0]
  4  Y     0.666669  0.333331  0.619531  [0.0, 0.0, 0.0]
  5  Y     0.999995  5e-06     0.713806  [0.0, 0.0, 0.0]",-3.091,"Full Formula (Y2 Br2 O2)
Reduced Formula: YBrO
abc   :   3.866300   3.866300  30.308701
angles:  90.000000  90.000000 120.000000
pbc   :       True       True       True
Sites (6)
  #  SP         a       b       c
---  ----  ------  ------  ------
  0  Br    0.3333  0.6667  0.5555
  1  Br    0.3333  0.6667  0.7778
  2  O     0       0       0.6382
  3  O     0.6667  0.3333  0.6952
  4  Y     0.6667  0.3333  0.6194
  5  Y     0       0       0.7139",JVASP-14443,,,,,mp-754031,2.6996,Br2 O2 Y2
1.6784,1.6784,1.7464,70.60972727,"Full Formula (Mg1 Re2 O8)
Reduced Formula: Mg(ReO4)2
abc   :   5.756231   5.756231  27.011491
angles:  90.000000  90.000000 119.999995
pbc   :       True       True       True
Sites (11)
  #  SP           a         b         c  velocities
---  ----  --------  --------  --------  ---------------
  0  Mg    0         0         0.870213  [0.0, 0.0, 0.0]
  1  O     0.79165   0.128637  0.914335  [0.0, 0.0, 0.0]
  2  O     0.871363  0.663014  0.914335  [0.0, 0.0, 0.0]
  3  O     0.663014  0.79165   0.826091  [0.0, 0.0, 0.0]
  4  O     0.336986  0.20835   0.914335  [0.0, 0.0, 0.0]
  5  O     0.128637  0.336986  0.826091  [0.0, 0.0, 0.0]
  6  O     0.20835   0.871363  0.826091  [0.0, 0.0, 0.0]
  7  O     0.666666  0.333332  0.999903  [0.0, 0.0, 0.0]
  8  O     0.333334  0.666668  0.740523  [0.0, 0.0, 0.0]
  9  Re    0.666666  0.333332  0.936064  [0.0, 0.0, 0.0]
 10  Re    0.333334  0.666668  0.804362  [0.0, 0.0, 0.0]",-1.917,"Full Formula (Mg1 Re2 O8)
Reduced Formula: Mg(ReO4)2
abc   :   5.753668   5.753668  27.011491
angles:  90.000000  90.000000 119.999998
pbc   :       True       True       True
Sites (11)
  #  SP           a         b         c
---  ----  --------  --------  --------
  0  Mg    0         0         0.870213
  1  O     0.797171  0.132592  0.914437
  2  O     0.867408  0.664579  0.914437
  3  O     0.664579  0.797171  0.825989
  4  O     0.335421  0.202829  0.914437
  5  O     0.132592  0.335421  0.825989
  6  O     0.202829  0.867408  0.825989
  7  O     0.666666  0.333332  0.99983
  8  O     0.333334  0.666668  0.740596
  9  Re    0.666666  0.333332  0.935987
 10  Re    0.333334  0.666668  0.804439",JVASP-60555,,,,,mp-754311,4.0791,Mg1 O8 Re2
1.8997,1.8997,1.8105,87.052,"Full Formula (Bi2 O2 F2)
Reduced Formula: BiOF
abc   :   3.968686   3.968686  30.474493
angles:  90.000000  90.000000 119.999993
pbc   :       True       True       True
Sites (6)
  #  SP            a          b         c  velocities
---  ----  ---------  ---------  --------  ---------------
  0  Bi     0.666667   0.333333  0.063108  [0.0, 0.0, 0.0]
  1  Bi    -0         -0         0.160844  [0.0, 0.0, 0.0]
  2  O     -0         -0         0.087081  [0.0, 0.0, 0.0]
  3  O      0.666667   0.333333  0.136872  [0.0, 0.0, 0.0]
  4  F      0.333333   0.666667  0.03113   [0.0, 0.0, 0.0]
  5  F      0.333333   0.666667  0.192822  [0.0, 0.0, 0.0]",-1.882,"Full Formula (Bi2 O2 F2)
Reduced Formula: BiOF
abc   :   4.001267   4.001267  30.474493
angles:  90.000000  90.000000 119.999993
pbc   :       True       True       True
Sites (6)
  #  SP           a         b         c
---  ----  --------  --------  --------
  0  Bi    0.666667  0.333333  0.063335
  1  Bi    0         0         0.160617
  2  O     0         0         0.086036
  3  O     0.666667  0.333333  0.137917
  4  F     0.333333  0.666667  0.029724
  5  F     0.333333  0.666667  0.194228",JVASP-14445,,,,,mp-759883,3.21,Bi2 O2 F2
10.3175,16.3776,1.6877,68.9495,"Full Formula (Ni1 Te1 O4)
Reduced Formula: NiTeO4
abc   :   3.110733   5.293604  21.798178
angles:  92.927614  90.000000  90.000000
pbc   :       True       True       True
Sites (6)
  #  SP      a         b         c  velocities
---  ----  ---  --------  --------  ---------------
  0  Ni    0.5  0.549072  0.049072  [0.0, 0.0, 0.0]
  1  Te    0    0.049072  0.049072  [0.0, 0.0, 0.0]
  2  O     0    0.740801  0.091672  [0.0, 0.0, 0.0]
  3  O     0    0.357343  0.006472  [0.0, 0.0, 0.0]
  4  O     0.5  0.212279  0.097976  [0.0, 0.0, 0.0]
  5  O     0.5  0.885866  0.000169  [0.0, 0.0, 0.0]",-0.752,"Full Formula (Ni1 Te1 O4)
Reduced Formula: NiTeO4
abc   :   3.104107   5.285284  21.798178
angles:  92.932227  90.000000  90.000000
pbc   :       True       True       True
Sites (6)
  #  SP      a         b         c
---  ----  ---  --------  --------
  0  Ni    0.5  0.549072  0.049072
  1  Te    0    0.049072  0.049072
  2  O     0    0.741189  0.091683
  3  O     0    0.356955  0.006461
  4  O     0.5  0.212149  0.098195
  5  O     0.5  0.885996  0.99995",JVASP-60589,0.0051,11.8111,35.4298,1.6746,mp-774160,0.0161,Ni1 Te1 O4
19.8793,21.8199,3.3356,113.1188333,"Full Formula (Zr1 Ti1 Te4)
Reduced Formula: ZrTiTe4
abc   :   6.718059   3.871191  26.942834
angles:  90.000000  90.032873  90.000000
pbc   :       True       True       True
Sites (6)
  #  SP           a         b         c  velocities
---  ----  --------  --------  --------  ---------------
  0  Zr    0.517062  0.894183  0.12913   [0.0, 0.0, 0.0]
  1  Ti    0.017062  0.394183  0.12913   [0.0, 0.0, 0.0]
  2  Te    0.173441  0.894183  0.193577  [0.0, 0.0, 0.0]
  3  Te    0.694341  0.394183  0.195754  [0.0, 0.0, 0.0]
  4  Te    0.339783  0.394183  0.062506  [0.0, 0.0, 0.0]
  5  Te    0.860683  0.894183  0.064683  [0.0, 0.0, 0.0]",-0.692,"Full Formula (Zr1 Ti1 Te4)
Reduced Formula: ZrTiTe4
abc   :   6.702668   3.882232  26.942834
angles:  90.000000  90.032799  90.000000
pbc   :       True       True       True
Sites (6)
  #  SP           a         b         c
---  ----  --------  --------  --------
  0  Zr    0.517062  0.894183  0.12913
  1  Ti    0.017062  0.394183  0.12913
  2  Te    0.172583  0.894183  0.19365
  3  Te    0.693904  0.394183  0.195984
  4  Te    0.34022   0.394183  0.062276
  5  Te    0.861541  0.894183  0.06461",JVASP-31419,,,,,mp-8677,0.0075,Zr1 Ti1 Te4
4.4729,4.4729,3.5123,25.958625,"Full Formula (Si6 H2)
Reduced Formula: Si3H
abc   :   3.873072   3.873072  31.302199
angles:  90.000000  90.000000 120.000007
pbc   :       True       True       True
Sites (8)
  #  SP           a         b         c  velocities
---  ----  --------  --------  --------  ---------------
  0  Si    0.333333  0.666667  0.066509  [0.0, 0.0, 0.0]
  1  Si    0.666667  0.333333  0.091249  [0.0, 0.0, 0.0]
  2  Si    0.666667  0.333333  0.167623  [0.0, 0.0, 0.0]
  3  Si    0.333333  0.666667  0.193444  [0.0, 0.0, 0.0]
  4  Si    0.333333  0.666667  0.269818  [0.0, 0.0, 0.0]
  5  Si    0.666667  0.333333  0.294558  [0.0, 0.0, 0.0]
  6  H     0.333333  0.666667  0.018271  [0.0, 0.0, 0.0]
  7  H     0.666667  0.333333  0.342796  [0.0, 0.0, 0.0]",0.063,"Full Formula (Si6 H2)
Reduced Formula: Si3H
abc   :   3.861791   3.861791  31.302199
angles:  90.000000  90.000000 120.000007
pbc   :       True       True       True
Sites (8)
  #  SP           a         b         c
---  ----  --------  --------  --------
  0  Si    0.333333  0.666667  0.066888
  1  Si    0.666667  0.333333  0.091471
  2  Si    0.666667  0.333333  0.16791
  3  Si    0.333333  0.666667  0.193157
  4  Si    0.333333  0.666667  0.269596
  5  Si    0.666667  0.333333  0.294179
  6  H     0.333333  0.666667  0.019036
  7  H     0.666667  0.333333  0.342031",JVASP-14451,,,,,mp-995193,0.9862,Si6 H2
2.9013,2.9013,5.9349,49.87433333,"Full Formula (Co1 O2)
Reduced Formula: CoO2
abc   :   2.871736   2.871736  25.455227
angles:  90.000000  90.000000 119.999998
pbc   :       True       True       True
Sites (3)
  #  SP           a         b         c  velocities
---  ----  --------  --------  --------  ---------------
  0  Co    0.666667  0.333333  0.102683  [0.0, 0.0, 0.0]
  1  O     0.666667  0.333333  0.040384  [0.0, 0.0, 0.0]
  2  O     0.666667  0.333333  0.164981  [0.0, 0.0, 0.0]",0.214,"Full Formula (Co1 O2)
Reduced Formula: CoO2
abc   :   3.045534   3.045534  25.455227
angles:  90.000000  90.000000 119.999998
pbc   :       True       True       True
Sites (3)
  #  SP           a         b         c
---  ----  --------  --------  --------
  0  Co    0.666667  0.333333  0.102683
  1  O     0.666667  0.333333  0.041273
  2  O     0.666667  0.333333  0.164092",JVASP-14456,,,,,mvc-10954,0.0087,Co1 O2
11.7028,11.7028,1.6914,58.82966667,"Full Formula (V1 O2)
Reduced Formula: VO2
abc   :   2.899181   2.899181  26.380600
angles:  90.000000  90.000000 120.000130
pbc   :       True       True       True
Sites (3)
  #  SP           a          b         c  velocities
---  ----  --------  ---------  --------  ---------------
  0  O     0.333333   0.666667  0.159266  [0.0, 0.0, 0.0]
  1  O     0.666667   0.333333  0.234227  [0.0, 0.0, 0.0]
  2  V     0         -0         0.196747  [0.0, 0.0, 0.0]",-2.288,"Full Formula (V1 O2)
Reduced Formula: VO2
abc   :   2.968200   2.968200  26.380600
angles:  90.000000  90.000000 120.000000
pbc   :       True       True       True
Sites (3)
  #  SP         a       b         c
---  ----  ------  ------  --------
  0  O     0.3333  0.6667  0.16086
  1  O     0.6667  0.3333  0.232633
  2  V     0       0       0.196747",JVASP-14457,,,,,mvc-11573,0.1437,O2 V1
1.6941,1.6941,2.2018,49.3355,"Full Formula (Te1 O3)
Reduced Formula: TeO3
abc   :   3.757948   3.757948  31.754374
angles:  90.000000  90.000000 120.000000
pbc   :       True       True       True
Sites (4)
  #  SP           a          b         c  velocities
---  ----  --------  ---------  --------  ---------------
  0  Te    0.333333   0.666667  0.092541  [0.0, 0.0, 0.0]
  1  O     0.333333   0.666667  0.149118  [0.0, 0.0, 0.0]
  2  O     0.333333   0.666667  0.035965  [0.0, 0.0, 0.0]
  3  O     0         -0         0.092541  [0.0, 0.0, 0.0]",-0.093,"Full Formula (Te1 O3)
Reduced Formula: TeO3
abc   :   3.772252   3.772252  31.754374
angles:  90.000000  90.000000 120.000000
pbc   :       True       True       True
Sites (4)
  #  SP           a         b         c
---  ----  --------  --------  --------
  0  Te    0.333333  0.666667  0.092541
  1  O     0.333333  0.666667  0.149083
  2  O     0.333333  0.666667  0.036
  3  O     0         0         0.092541",JVASP-14458,,,,,mvc-14413,0.9469,Te1 O3
1.942,1.942,2.0512,161.2965333,"Full Formula (Bi1 O2)
Reduced Formula: BiO2
abc   :   3.687471   3.687471  25.806384
angles:  90.000000  90.000000 119.999996
pbc   :       True       True       True
Sites (3)
  #  SP           a         b         c  velocities
---  ----  --------  --------  --------  ---------------
  0  Bi    0.666667  0.333333  0.075625  [0.0, 0.0, 0.0]
  1  O     0.333333  0.666667  0.033067  [0.0, 0.0, 0.0]
  2  O     0.333333  0.666667  0.118182  [0.0, 0.0, 0.0]",-0.485,"Full Formula (Bi1 O2)
Reduced Formula: BiO2
abc   :   3.751954   3.751954  25.806384
angles:  90.000000  90.000000 119.999996
pbc   :       True       True       True
Sites (3)
  #  SP           a         b         c
---  ----  --------  --------  --------
  0  Bi    0.666667  0.333333  0.075625
  1  O     0.333333  0.666667  0.034319
  2  O     0.333333  0.666667  0.11693",JVASP-14459,,,,,mvc-15971,1.9231,Bi1 O2
26.9886,26.9886,8.6294,400.6573333,"Full Formula (Ho2 C1)
Reduced Formula: Ho2C
abc   :   3.483479   3.483478  22.680312
angles:  90.000000  90.000000 119.999997
pbc   :       True       True       True
Sites (3)
  #  SP           a          b         c  velocities
---  ----  --------  ---------  --------  ---------------
  0  Ho    0         -0         0.440068  [0.0, 0.0, 0.0]
  1  Ho    0.333333   0.666667  0.559932  [0.0, 0.0, 0.0]
  2  C     0.666667   0.333333  0.5       [0.0, 0.0, 0.0]",0.026,"Full Formula (Ho2 C1)
Reduced Formula: Ho2C
abc   :   3.575779   3.575778  22.680312
angles:  90.000000  90.000000 119.999997
pbc   :       True       True       True
Sites (3)
  #  SP           a         b         c
---  ----  --------  --------  --------
  0  Ho    0         0         0.440911
  1  Ho    0.333333  0.666667  0.559089
  2  C     0.666667  0.333333  0.5",JVASP-27872,,,,,mp-1640,0.0579,Ho2 C1
11.9162,11.9166,6.2042,66.0352,"Full Formula (Zr2 Te2 P1)
Reduced Formula: Zr2Te2P
abc   :   3.844757   3.844757  30.479900
angles:  90.000000  90.000000 119.999823
pbc   :       True       True       True
Sites (5)
  #  SP           a          b         c  velocities
---  ----  --------  ---------  --------  ---------------
  0  P     0.333342   0.666658  0.666679  [0.0, 0.0, 0.0]
  1  Te    0.666668   0.333332  0.556938  [0.0, 0.0, 0.0]
  2  Te    3e-06     -3e-06     0.776421  [0.0, 0.0, 0.0]
  3  Zr    1.7e-05   -1.7e-05   0.619264  [0.0, 0.0, 0.0]
  4  Zr    0.66667    0.33333   0.714098  [0.0, 0.0, 0.0]",-1.093,"Full Formula (Zr2 Te2 P1)
Reduced Formula: Zr2Te2P
abc   :   3.853000   3.853000  30.479900
angles:  90.000000  90.000000 120.000000
pbc   :       True       True       True
Sites (5)
  #  SP         a       b       c
---  ----  ------  ------  ------
  0  P     0.3333  0.6667  0.6667
  1  Te    0.6667  0.3333  0.5574
  2  Te    0       0       0.776
  3  Zr    0       0       0.6195
  4  Zr    0.6667  0.3333  0.7138",JVASP-27726,,,,,mp-16765,0.0542,P1 Te2 Zr2
2.1592,2.4597,1.9728,90.85875,"Full Formula (Te4 O8)
Reduced Formula: TeO2
abc   :   5.181492   5.712790  24.125976
angles:  90.000000  90.000000  90.000000
pbc   :       True       True       True
Sites (12)
  #  SP           a         b         c  velocities
---  ----  --------  --------  --------  ---------------
  0  O     0.689903  0.436037  0.001871  [0.0, 0.0, 0.0]
  1  O     0.810097  0.936037  0.001871  [0.0, 0.0, 0.0]
  2  O     0.645749  0.167761  0.100573  [0.0, 0.0, 0.0]
  3  O     0.354251  0.832239  0.070445  [0.0, 0.0, 0.0]
  4  O     0.145749  0.332239  0.070445  [0.0, 0.0, 0.0]
  5  O     0.854251  0.667761  0.100573  [0.0, 0.0, 0.0]
  6  O     0.189903  0.063963  0.169147  [0.0, 0.0, 0.0]
  7  O     0.310097  0.563963  0.169147  [0.0, 0.0, 0.0]
  8  Te    0.521235  0.131716  0.025647  [0.0, 0.0, 0.0]
  9  Te    0.978765  0.631716  0.025647  [0.0, 0.0, 0.0]
 10  Te    0.478765  0.868284  0.145372  [0.0, 0.0, 0.0]
 11  Te    0.021235  0.368284  0.145372  [0.0, 0.0, 0.0]",-1.025,"Full Formula (Te4 O8)
Reduced Formula: TeO2
abc   :   5.306452   5.699146  24.125976
angles:  90.000000  90.000000  90.000000
pbc   :       True       True       True
Sites (12)
  #  SP           a         b         c
---  ----  --------  --------  --------
  0  O     0.712125  0.416082  0.000176
  1  O     0.787875  0.916082  0.000176
  2  O     0.647096  0.166747  0.09999
  3  O     0.352904  0.833253  0.071028
  4  O     0.147096  0.333253  0.071028
  5  O     0.852904  0.666747  0.09999
  6  O     0.212125  0.083918  0.170842
  7  O     0.287875  0.583918  0.170842
  8  Te    0.523252  0.126068  0.025468
  9  Te    0.976748  0.626068  0.025468
 10  Te    0.476748  0.873932  0.145551
 11  Te    0.023252  0.373932  0.145551",JVASP-60249,3.3201,1.9308,2.1493,1.7758,mp-2125,2.0905,O8 Te4
4.6211,4.6211,3.1155,36.1485,"Full Formula (Lu2 H2 Cl2)
Reduced Formula: LuHCl
abc   :   3.622833   3.622832  27.703472
angles:  90.000000  90.000000 119.999993
pbc   :       True       True       True
Sites (6)
  #  SP           a         b         c  velocities
---  ----  --------  --------  --------  ---------------
  0  Lu    0         0         0.119265  [0.0, 0.0, 0.0]
  1  Lu    0.666667  0.333333  0.214068  [0.0, 0.0, 0.0]
  2  H     0.666667  0.333333  0.137447  [0.0, 0.0, 0.0]
  3  H     0         0         0.195886  [0.0, 0.0, 0.0]
  4  Cl    0.333333  0.666667  0.058766  [0.0, 0.0, 0.0]
  5  Cl    0.333333  0.666667  0.274567  [0.0, 0.0, 0.0]",-1.419,"Full Formula (Lu2 H2 Cl2)
Reduced Formula: LuHCl
abc   :   3.654201   3.654201  27.703472
angles:  90.000000  90.000000 119.999992
pbc   :       True       True       True
Sites (6)
  #  SP           a         b         c
---  ----  --------  --------  --------
  0  Lu    0         0         0.119507
  1  Lu    0.666667  0.333333  0.213826
  2  H     0.666667  0.333333  0.136987
  3  H     0         0         0.196346
  4  Cl    0.333333  0.666667  0.058983
  5  Cl    0.333333  0.666667  0.27435",JVASP-13587,,,,,mp-23896,0.0476,Lu2 H2 Cl2
2.0269,2.0269,1.6711,110.7744615,"Full Formula (Te8 O18)
Reduced Formula: Te4O9
abc   :   9.422115   9.422115  22.777858
angles:  90.000000  90.000000 120.000001
pbc   :       True       True       True
Sites (26)
  #  SP           a         b         c  velocities
---  ----  --------  --------  --------  ---------------
  0  Te    0.333333  0.666667  0.512234  [0.0, 0.0, 0.0]
  1  Te    0.685598  0.065771  0.550741  [0.0, 0.0, 0.0]
  2  Te    0.380172  0.314402  0.550741  [0.0, 0.0, 0.0]
  3  Te    0.934229  0.619828  0.550741  [0.0, 0.0, 0.0]
  4  Te    0.399104  0.046839  0.44926   [0.0, 0.0, 0.0]
  5  Te    0.647735  0.600896  0.44926   [0.0, 0.0, 0.0]
  6  Te    0.953161  0.352265  0.44926   [0.0, 0.0, 0.0]
  7  Te    0         0         0.487767  [0.0, 0.0, 0.0]
  8  O     0.486828  0.843373  0.561364  [0.0, 0.0, 0.0]
  9  O     0.356546  0.513172  0.561364  [0.0, 0.0, 0.0]
 10  O     0.156627  0.643454  0.561364  [0.0, 0.0, 0.0]
 11  O     0.298192  0.811704  0.457968  [0.0, 0.0, 0.0]
 12  O     0.51351   0.701808  0.457968  [0.0, 0.0, 0.0]
 13  O     0.188296  0.48649   0.457968  [0.0, 0.0, 0.0]
 14  O     0.846506  0.823293  0.438636  [0.0, 0.0, 0.0]
 15  O     0.976788  0.153494  0.438636  [0.0, 0.0, 0.0]
 16  O     0.176707  0.023212  0.438636  [0.0, 0.0, 0.0]
 17  O     0.035141  0.854963  0.542033  [0.0, 0.0, 0.0]
 18  O     0.819823  0.964859  0.542033  [0.0, 0.0, 0.0]
 19  O     0.145037  0.180177  0.542033  [0.0, 0.0, 0.0]
 20  O     0.409815  0.107548  0.530264  [0.0, 0.0, 0.0]
 21  O     0.697733  0.590185  0.530264  [0.0, 0.0, 0.0]
 22  O     0.892452  0.302267  0.530264  [0.0, 0.0, 0.0]
 23  O     0.923518  0.559119  0.469737  [0.0, 0.0, 0.0]
 24  O     0.6356    0.076482  0.469737  [0.0, 0.0, 0.0]
 25  O     0.440881  0.3644    0.469737  [0.0, 0.0, 0.0]",-0.943,"Full Formula (Te8 O18)
Reduced Formula: Te4O9
abc   :   9.486168   9.486168  22.777858
angles:  90.000000  90.000000 120.000001
pbc   :       True       True       True
Sites (26)
  #  SP           a         b         c
---  ----  --------  --------  --------
  0  Te    0.333333  0.666667  0.511051
  1  Te    0.687412  0.068573  0.550797
  2  Te    0.38116   0.312588  0.550797
  3  Te    0.931427  0.61884   0.550797
  4  Te    0.401906  0.047827  0.449204
  5  Te    0.645921  0.598094  0.449204
  6  Te    0.952173  0.354079  0.449204
  7  Te    0         0         0.48895
  8  O     0.488106  0.841256  0.560977
  9  O     0.353151  0.511894  0.560977
 10  O     0.158744  0.646849  0.560977
 11  O     0.301312  0.813356  0.457368
 12  O     0.512043  0.698688  0.457368
 13  O     0.186644  0.487957  0.457368
 14  O     0.845228  0.82541   0.439023
 15  O     0.980183  0.154772  0.439023
 16  O     0.17459   0.019817  0.439023
 17  O     0.032021  0.853311  0.542633
 18  O     0.82129   0.967979  0.542633
 19  O     0.146689  0.17871   0.542633
 20  O     0.409631  0.107098  0.530533
 21  O     0.697467  0.590369  0.530533
 22  O     0.892902  0.302533  0.530533
 23  O     0.923702  0.559569  0.469468
 24  O     0.635866  0.076298  0.469468
 25  O     0.440431  0.364134  0.469468",JVASP-27915,2.9786,1.8261,1.826,1.5395,mp-27127,2.6803,Te8 O18
11.7419,7.6448,2.4614,70.2696,"Full Formula (U2 Br8)
Reduced Formula: UBr4
abc   :   7.060576   7.060576  25.191743
angles:  87.418853  87.418853  77.519499
pbc   :       True       True       True
Sites (10)
  #  SP           a         b         c  velocities
---  ----  --------  --------  --------  ---------------
  0  Br    0.173922  0.555561  0.057805  [0.0, 0.0, 0.0]
  1  Br    0.946786  0.946786  0.174574  [0.0, 0.0, 0.0]
  2  Br    0.053214  0.053214  0.031515  [0.0, 0.0, 0.0]
  3  Br    0.668625  0.668625  0.000866  [0.0, 0.0, 0.0]
  4  Br    0.555561  0.173922  0.057805  [0.0, 0.0, 0.0]
  5  Br    0.444439  0.826078  0.148284  [0.0, 0.0, 0.0]
  6  Br    0.826078  0.444439  0.148284  [0.0, 0.0, 0.0]
  7  Br    0.331375  0.331375  0.205223  [0.0, 0.0, 0.0]
  8  U     0.802288  0.802288  0.085249  [0.0, 0.0, 0.0]
  9  U     0.197712  0.197712  0.12084   [0.0, 0.0, 0.0]",-1.281,"Full Formula (U2 Br8)
Reduced Formula: UBr4
abc   :   7.063070   7.063070  25.191743
angles:  87.419764  87.419764  77.331241
pbc   :       True       True       True
Sites (10)
  #  SP           a         b         c
---  ----  --------  --------  --------
  0  Br    0.173872  0.55483   0.057276
  1  Br    0.94721   0.94721   0.175009
  2  Br    0.05279   0.05279   0.03108
  3  Br    0.672126  0.672126  0.999823
  4  Br    0.55483   0.173872  0.057276
  5  Br    0.44517   0.826128  0.148813
  6  Br    0.826128  0.44517   0.148813
  7  Br    0.327874  0.327874  0.206266
  8  U     0.802327  0.802327  0.085181
  9  U     0.197673  0.197673  0.120908",JVASP-60280,,,,,mp-27153,0.0232,Br8 U2
16.877,16.877,11.6213,49.7245,"Full Formula (Al1 Pd5 I2)
Reduced Formula: AlPd5I2
abc   :   4.063195   4.063195  27.268541
angles:  90.000000  90.000000  90.000000
pbc   :       True       True       True
Sites (8)
  #  SP       a     b          c  velocities
---  ----  ----  ----  ---------  ---------------
  0  Al     0.5   0.5   0.133277  [0.0, 0.0, 0.0]
  1  I      0    -0     0.268703  [0.0, 0.0, 0.0]
  2  I      0     0    -0.002149  [0.0, 0.0, 0.0]
  3  Pd    -0     0.5   0.198244  [0.0, 0.0, 0.0]
  4  Pd     0.5   0     0.198244  [0.0, 0.0, 0.0]
  5  Pd     0.5   0     0.06831   [0.0, 0.0, 0.0]
  6  Pd     0     0.5   0.06831   [0.0, 0.0, 0.0]
  7  Pd     0    -0     0.133277  [0.0, 0.0, 0.0]",-0.351,"Full Formula (Al1 Pd5 I2)
Reduced Formula: AlPd5I2
abc   :   4.099481   4.099481  27.268541
angles:  90.000000  90.000000  90.000000
pbc   :       True       True       True
Sites (8)
  #  SP      a    b         c
---  ----  ---  ---  --------
  0  Al    0.5  0.5  0.133277
  1  I     0    0    0.266554
  2  I     0    0    0
  3  Pd    0    0.5  0.19821
  4  Pd    0.5  0    0.19821
  5  Pd    0.5  0    0.068344
  6  Pd    0    0.5  0.068344
  7  Pd    0    0    0.133277",JVASP-60286,,,,,mp-27393,0.008,Al1 I2 Pd5
28.9687,28.9687,2.9923,81.66795,"Full Formula (Ni1 I2)
Reduced Formula: NiI2
abc   :   3.923638   3.923639  23.007733
angles:  90.000000  90.000000 120.000002
pbc   :       True       True       True
Sites (3)
  #  SP            a         b         c  velocities
---  ----  ---------  --------  --------  ---------------
  0  Ni     0.666667  0.333333  0.5       [0.0, 0.0, 0.0]
  1  I      0.333333  0.666667  0.566482  [0.0, 0.0, 0.0]
  2  I     -0         0         0.433518  [0.0, 0.0, 0.0]",-0.018,"Full Formula (Ni1 I2)
Reduced Formula: NiI2
abc   :   3.949977   3.949978  23.007733
angles:  90.000000  90.000000 120.000002
pbc   :       True       True       True
Sites (3)
  #  SP           a         b         c
---  ----  --------  --------  --------
  0  Ni    0.666667  0.333333  0.5
  1  I     0.333333  0.666667  0.565364
  2  I     0         0         0.434636",JVASP-27920,0.0031,118.825,117.4402,3.472,mp-27638,0.025,Ni1 I2
21.0765,21.0822,2.3198,80.01143333,"Full Formula (Th1 I2)
Reduced Formula: ThI2
abc   :   3.920339   3.920339  37.952801
angles:  90.000000  90.000000 120.002488
pbc   :       True       True       True
Sites (3)
  #  SP            a          b         c  velocities
---  ----  ---------  ---------  --------  ---------------
  0  I      0.333319   0.666681  0.439173  [0.0, 0.0, 0.0]
  1  I      0.666681   0.333319  0.560827  [0.0, 0.0, 0.0]
  2  Th    -0         -0         0.5       [0.0, 0.0, 0.0]",-1.025,"Full Formula (Th1 I2)
Reduced Formula: ThI2
abc   :   3.969800   3.969800  37.952801
angles:  90.000000  90.000000 120.000000
pbc   :       True       True       True
Sites (3)
  #  SP         a       b       c
---  ----  ------  ------  ------
  0  I     0.3333  0.6667  0.4399
  1  I     0.6667  0.3333  0.5601
  2  Th    0       0       0.5",JVASP-27738,,,,,mp-27652,0.1738,I2 Th1
,,,89.6721,"Full Formula (Th4 I16)
Reduced Formula: ThI4
abc   :   8.114398  14.386568  23.672317
angles: 102.801055  90.000000  90.000000
pbc   :       True       True       True
Sites (20)
  #  SP           a         b         c  velocities
---  ----  --------  --------  --------  ---------------
  0  Th    0.517118  0.779248  0.096062  [0.0, 0.0, 0.0]
  1  Th    0.017118  0.917349  0.100535  [0.0, 0.0, 0.0]
  2  Th    0.482882  0.417349  0.100535  [0.0, 0.0, 0.0]
  3  Th    0.982882  0.279248  0.096062  [0.0, 0.0, 0.0]
  4  I     0.86573   0.699232  0.051618  [0.0, 0.0, 0.0]
  5  I     0.36573   0.997365  0.144979  [0.0, 0.0, 0.0]
  6  I     0.591459  0.621698  0.175096  [0.0, 0.0, 0.0]
  7  I     0.408541  0.574899  0.021501  [0.0, 0.0, 0.0]
  8  I     0.254948  0.813411  0.99923   [0.0, 0.0, 0.0]
  9  I     0.754948  0.883186  0.197367  [0.0, 0.0, 0.0]
 10  I     0.694344  0.925692  0.027755  [0.0, 0.0, 0.0]
 11  I     0.194344  0.770905  0.168842  [0.0, 0.0, 0.0]
 12  I     0.091459  0.074899  0.021501  [0.0, 0.0, 0.0]
 13  I     0.908541  0.121698  0.175096  [0.0, 0.0, 0.0]
 14  I     0.13427   0.497365  0.144979  [0.0, 0.0, 0.0]
 15  I     0.63427   0.199232  0.051618  [0.0, 0.0, 0.0]
 16  I     0.745052  0.383186  0.197367  [0.0, 0.0, 0.0]
 17  I     0.245052  0.313411  0.99923   [0.0, 0.0, 0.0]
 18  I     0.305656  0.270905  0.168842  [0.0, 0.0, 0.0]
 19  I     0.805656  0.425692  0.027755  [0.0, 0.0, 0.0]",-1.172,"Full Formula (Th4 I16)
Reduced Formula: ThI4
abc   :   8.142930  14.389932  23.672317
angles: 102.798012  90.000000  90.000000
pbc   :       True       True       True
Sites (20)
  #  SP           a         b         c
---  ----  --------  --------  --------
  0  Th    0.514177  0.779409  0.096594
  1  Th    0.014177  0.917188  0.100003
  2  Th    0.485823  0.417188  0.100003
  3  Th    0.985823  0.279409  0.096594
  4  I     0.862115  0.70035   0.051188
  5  I     0.362115  0.996247  0.145409
  6  I     0.585934  0.622453  0.175842
  7  I     0.414066  0.574144  0.020755
  8  I     0.253504  0.812558  0.999504
  9  I     0.753504  0.884039  0.197093
 10  I     0.689495  0.92759   0.029041
 11  I     0.189495  0.769007  0.167556
 12  I     0.085934  0.074144  0.020755
 13  I     0.914066  0.122453  0.175842
 14  I     0.137885  0.496247  0.145409
 15  I     0.637885  0.20035   0.051188
 16  I     0.746496  0.384039  0.197093
 17  I     0.246496  0.312558  0.999504
 18  I     0.310505  0.269007  0.167556
 19  I     0.810505  0.42759   0.029041",JVASP-60291,,,,,mp-27697,,Th4 I16
39.1862,39.1861,11.4886,43.28366667,"Full Formula (Ce2 Si2 I2)
Reduced Formula: CeSiI
abc   :   4.155071   4.155071  28.195119
angles:  90.000000  90.000000 120.000002
pbc   :       True       True       True
Sites (6)
  #  SP           a          b         c  velocities
---  ----  --------  ---------  --------  ---------------
  0  Ce    0         -0         0.076703  [0.0, 0.0, 0.0]
  1  Ce    0          0         0.213954  [0.0, 0.0, 0.0]
  2  I     0.333334   0.666666  0.290472  [0.0, 0.0, 0.0]
  3  I     0.666666   0.333334  0.000185  [0.0, 0.0, 0.0]
  4  Si    0.666666   0.333334  0.147072  [0.0, 0.0, 0.0]
  5  Si    0.333334   0.666666  0.143585  [0.0, 0.0, 0.0]",-0.97,"Full Formula (Ce2 Si2 I2)
Reduced Formula: CeSiI
abc   :   4.153744   4.153744  28.195119
angles:  90.000000  90.000000 120.000002
pbc   :       True       True       True
Sites (6)
  #  SP           a         b         c
---  ----  --------  --------  --------
  0  Ce    0         0         0.076943
  1  Ce    0         0         0.213714
  2  I     0.333334  0.666666  0.290657
  3  I     0.666666  0.333334  0
  4  Si    0.666666  0.333334  0.146988
  5  Si    0.333334  0.666666  0.143669",JVASP-60332,0.0009,120.2425,62.9081,27.5234,mp-29535,0.0522,Ce2 I2 Si2
9.7248,9.7248,7.3142,72.769,"Full Formula (Zr2 Ge2 Te2)
Reduced Formula: ZrGeTe
abc   :   3.769857   3.769857  29.300372
angles:  90.000000  90.000000  90.000000
pbc   :       True       True       True
Sites (6)
  #  SP           a         b         c  velocities
---  ----  --------  --------  --------  ---------------
  0  Zr    0.216065  0.716064  0.232914  [0.0, 0.0, 0.0]
  1  Zr    0.716064  0.216065  0.0845    [0.0, 0.0, 0.0]
  2  Ge    0.716064  0.716064  0.158707  [0.0, 0.0, 0.0]
  3  Ge    0.216065  0.216065  0.158707  [0.0, 0.0, 0.0]
  4  Te    0.716064  0.216065  0.278585  [0.0, 0.0, 0.0]
  5  Te    0.216065  0.716064  0.03883   [0.0, 0.0, 0.0]",-0.729,"Full Formula (Zr2 Ge2 Te2)
Reduced Formula: ZrGeTe
abc   :   3.823963   3.823963  29.300372
angles:  90.000000  90.000000  90.000000
pbc   :       True       True       True
Sites (6)
  #  SP           a         b         c
---  ----  --------  --------  --------
  0  Zr    0.216065  0.716064  0.232664
  1  Zr    0.716064  0.216065  0.08475
  2  Ge    0.716064  0.716064  0.158707
  3  Ge    0.216065  0.216065  0.158707
  4  Te    0.716064  0.216065  0.274566
  5  Te    0.216065  0.716064  0.042849",JVASP-13623,,,,,mp-3208,0.0867,Zr2 Ge2 Te2
14.2705,14.2705,8.1382,83.87628,"Full Formula (Ni2 Sb1 Te2)
Reduced Formula: Ni2SbTe2
abc   :   3.891247   3.891247  25.839216
angles:  90.000000  90.000000 119.999995
pbc   :       True       True       True
Sites (5)
  #  SP           a         b         c  velocities
---  ----  --------  --------  --------  ---------------
  0  Ni    0         0         0.101549  [0.0, 0.0, 0.0]
  1  Ni    0         0         0.204947  [0.0, 0.0, 0.0]
  2  Sb    0.333333  0.666667  0.153248  [0.0, 0.0, 0.0]
  3  Te    0.666667  0.333333  0.051878  [0.0, 0.0, 0.0]
  4  Te    0.666667  0.333333  0.254618  [0.0, 0.0, 0.0]",-0.164,"Full Formula (Ni2 Sb1 Te2)
Reduced Formula: Ni2SbTe2
abc   :   3.938335   3.938335  25.839216
angles:  90.000000  90.000000 119.999995
pbc   :       True       True       True
Sites (5)
  #  SP           a         b         c
---  ----  --------  --------  --------
  0  Ni    0         0         0.102057
  1  Ni    0         0         0.204439
  2  Sb    0.333333  0.666667  0.153248
  3  Te    0.666667  0.333333  0.055294
  4  Te    0.666667  0.333333  0.251202",JVASP-13624,,,,,mp-3250,0.0178,Ni2 Sb1 Te2
2.4738,2.4738,2.2519,84.6315125,"Full Formula (Au2 Br2)
Reduced Formula: AuBr
abc   :   4.167936   4.167936  25.297405
angles:  90.000000  90.000000  88.433563
pbc   :       True       True       True
Sites (4)
  #  SP        a      b         c  velocities
---  ----  -----  -----  --------  ---------------
  0  Au     0.75   0.75  0.131411  [0.0, 0.0, 0.0]
  1  Au     0.25   0.25  0.131411  [0.0, 0.0, 0.0]
  2  Br    -0      0.5   0.050639  [0.0, 0.0, 0.0]
  3  Br     0.5   -0     0.212183  [0.0, 0.0, 0.0]",-0.004,"Full Formula (Au2 Br2)
Reduced Formula: AuBr
abc   :   4.379780   4.379780  25.297405
angles:  90.000000  90.000000  90.000000
pbc   :       True       True       True
Sites (4)
  #  SP       a     b         c
---  ----  ----  ----  --------
  0  Au    0.75  0.75  0.131411
  1  Au    0.25  0.25  0.131411
  2  Br    0     0.5   0.054245
  3  Br    0.5   0     0.208577",JVASP-27756,,,,,mp-505366,1.8869,Au2 Br2
9.4178,9.4178,2.1991,85.46425,"Full Formula (Fe2 S2)
Reduced Formula: FeS
abc   :   3.581341   3.581341  25.454435
angles:  90.000000  90.000000  90.000000
pbc   :       True       True       True
Sites (4)
  #  SP           a         b         c  velocities
---  ----  --------  --------  --------  ---------------
  0  Fe    0.258497  0.258497  0.107141  [0.0, 0.0, 0.0]
  1  Fe    0.758497  0.758497  0.107141  [0.0, 0.0, 0.0]
  2  S     0.258497  0.758497  0.155364  [0.0, 0.0, 0.0]
  3  S     0.758497  0.258497  0.058918  [0.0, 0.0, 0.0]",-0.5,"Full Formula (Fe2 S2)
Reduced Formula: FeS
abc   :   3.595555   3.595555  25.454435
angles:  90.000000  90.000000  90.000000
pbc   :       True       True       True
Sites (4)
  #  SP           a         b         c
---  ----  --------  --------  --------
  0  Fe    0.258497  0.258497  0.107141
  1  Fe    0.758497  0.758497  0.107141
  2  S     0.258497  0.758497  0.154729
  3  S     0.758497  0.258497  0.059553",JVASP-13628,,,,,mp-505531,0.0374,Fe2 S2
2.6497,2.6497,2.4622,35.2275,"Full Formula (Hf2 N2 Cl2)
Reduced Formula: HfNCl
abc   :   3.577689   3.577689  27.516583
angles:  90.000000  90.000000 119.999994
pbc   :       True       True       True
Sites (6)
  #  SP            a         b         c  velocities
---  ----  ---------  --------  --------  ---------------
  0  Hf    -0         0         0.125204  [0.0, 0.0, 0.0]
  1  Hf     0.666667  0.333333  0.220243  [0.0, 0.0, 0.0]
  2  N      0.666667  0.333333  0.141555  [0.0, 0.0, 0.0]
  3  N     -0         0         0.203892  [0.0, 0.0, 0.0]
  4  Cl     0.333333  0.666667  0.059461  [0.0, 0.0, 0.0]
  5  Cl     0.333333  0.666667  0.285986  [0.0, 0.0, 0.0]",-1.983,"Full Formula (Hf2 N2 Cl2)
Reduced Formula: HfNCl
abc   :   3.589299   3.589299  27.516583
angles:  90.000000  90.000000 119.999994
pbc   :       True       True       True
Sites (6)
  #  SP           a         b         c
---  ----  --------  --------  --------
  0  Hf    0         0         0.125412
  1  Hf    0.666667  0.333333  0.220035
  2  N     0.666667  0.333333  0.141461
  3  N     0         0         0.203986
  4  Cl    0.333333  0.666667  0.059545
  5  Cl    0.333333  0.666667  0.285902",JVASP-27758,,,,,mp-541911,2.4043,Hf2 N2 Cl2
16.2078,25.199,2.7561,72.20308333,"Full Formula (Cr2 P2 S8)
Reduced Formula: CrPS4
abc   :   6.548369   6.548599  23.710860
angles:  91.093469  91.093507 112.639165
pbc   :       True       True       True
Sites (12)
  #  SP           a         b         c  velocities
---  ----  --------  --------  --------  ---------------
  0  Cr    0.253278  0.253375  0.078239  [0.0, 0.0, 0.0]
  1  Cr    0.746722  0.746625  0.078265  [0.0, 0.0, 0.0]
  2  P     0.701463  0.28861   0.034734  [0.0, 0.0, 0.0]
  3  P     0.298537  0.71139   0.121771  [0.0, 0.0, 0.0]
  4  S     0.395124  0.116681  0.000166  [0.0, 0.0, 0.0]
  5  S     0.134114  0.412814  0.1563    [0.0, 0.0, 0.0]
  6  S     0.106673  0.904809  0.128669  [0.0, 0.0, 0.0]
  7  S     0.893327  0.095191  0.027835  [0.0, 0.0, 0.0]
  8  S     0.630395  0.377817  0.115585  [0.0, 0.0, 0.0]
  9  S     0.369605  0.622183  0.040919  [0.0, 0.0, 0.0]
 10  S     0.865886  0.587186  0.000205  [0.0, 0.0, 0.0]
 11  S     0.604876  0.883319  0.156339  [0.0, 0.0, 0.0]",-0.403,"Full Formula (Cr2 P2 S8)
Reduced Formula: CrPS4
abc   :   6.542017   6.542017  23.710860
angles:  91.094569  91.094569 112.521443
pbc   :       True       True       True
Sites (12)
  #  SP           a         b         c
---  ----  --------  --------  --------
  0  Cr    0.25316   0.252016  0.078107
  1  Cr    0.74684   0.747984  0.078397
  2  P     0.702173  0.290931  0.033761
  3  P     0.297827  0.709069  0.122744
  4  S     0.397053  0.12016   0.998917
  5  S     0.13208   0.408997  0.156398
  6  S     0.107542  0.905165  0.128919
  7  S     0.892458  0.094835  0.027585
  8  S     0.632484  0.377854  0.11503
  9  S     0.367516  0.622146  0.041474
 10  S     0.86792   0.591003  0.000107
 11  S     0.602947  0.87984   0.157588",JVASP-60392,,,,,mp-542096,0.968,Cr2 P2 S8
2.1597,1.864,1.987,39.95116667,"Full Formula (Sc2 Br2 O2)
Reduced Formula: ScBrO
abc   :   3.559331   3.961892  28.983874
angles:  90.000000  90.000000  90.000000
pbc   :       True       True       True
Sites (6)
  #  SP           a        b         c  velocities
---  ----  --------  -------  --------  ---------------
  0  Sc    0.756005  0.12736  0.187138  [0.0, 0.0, 0.0]
  1  Sc    0.256005  0.62736  0.122823  [0.0, 0.0, 0.0]
  2  Br    0.256005  0.12736  0.255338  [0.0, 0.0, 0.0]
  3  Br    0.756005  0.62736  0.054623  [0.0, 0.0, 0.0]
  4  O     0.756005  0.62736  0.164698  [0.0, 0.0, 0.0]
  5  O     0.256005  0.12736  0.145263  [0.0, 0.0, 0.0]",-2.91,"Full Formula (Sc2 Br2 O2)
Reduced Formula: ScBrO
abc   :   3.576368   3.984475  28.983874
angles:  90.000000  90.000000  90.000000
pbc   :       True       True       True
Sites (6)
  #  SP           a        b         c
---  ----  --------  -------  --------
  0  Sc    0.756005  0.12736  0.187131
  1  Sc    0.256005  0.62736  0.12283
  2  Br    0.256005  0.12736  0.255888
  3  Br    0.756005  0.62736  0.054073
  4  O     0.756005  0.62736  0.164456
  5  O     0.256005  0.12736  0.145505",JVASP-27759,,,,,mp-546279,3.2365,Sc2 Br2 O2
11.5718,6.8659,2.529,65.5528,"Full Formula (Cr2 Ag2 P4 S12)
Reduced Formula: CrAg(PS3)2
abc   :   5.950404  10.589573  25.825167
angles:  90.000000 104.522793  90.000000
pbc   :       True       True       True
Sites (20)
  #  SP           a         b         c  velocities
---  ----  --------  --------  --------  ---------------
  0  Cr    0.387579  0.26188   0.179678  [0.0, 0.0, 0.0]
  1  Cr    0.88758   0.427982  0.179678  [0.0, 0.0, 0.0]
  2  Ag    0.387579  0.905462  0.179678  [0.0, 0.0, 0.0]
  3  Ag    0.88758   0.784401  0.179678  [0.0, 0.0, 0.0]
  4  P     0.429993  0.591632  0.224284  [0.0, 0.0, 0.0]
  5  P     0.929993  0.098229  0.224284  [0.0, 0.0, 0.0]
  6  P     0.345165  0.591632  0.135072  [0.0, 0.0, 0.0]
  7  P     0.845166  0.098229  0.135072  [0.0, 0.0, 0.0]
  8  S     0.621586  0.419472  0.237855  [0.0, 0.0, 0.0]
  9  S     0.614648  0.11161   0.24208   [0.0, 0.0, 0.0]
 10  S     0.614642  0.740855  0.25544   [0.0, 0.0, 0.0]
 11  S     0.121586  0.270389  0.237855  [0.0, 0.0, 0.0]
 12  S     0.114648  0.578251  0.24208   [0.0, 0.0, 0.0]
 13  S     0.114642  0.949007  0.25544   [0.0, 0.0, 0.0]
 14  S     0.160517  0.740855  0.103915  [0.0, 0.0, 0.0]
 15  S     0.16051   0.11161   0.117275  [0.0, 0.0, 0.0]
 16  S     0.153572  0.419472  0.121501  [0.0, 0.0, 0.0]
 17  S     0.660516  0.949007  0.103915  [0.0, 0.0, 0.0]
 18  S     0.66051   0.578251  0.117275  [0.0, 0.0, 0.0]
 19  S     0.653572  0.270389  0.121501  [0.0, 0.0, 0.0]",-0.316,"Full Formula (Cr2 Ag2 P4 S12)
Reduced Formula: CrAg(PS3)2
abc   :   5.969653  10.679795  25.830428
angles:  90.000000 104.567776  90.000000
pbc   :       True       True       True
Sites (20)
  #  SP           a         b         c
---  ----  --------  --------  --------
  0  Cr    0.387579  0.262722  0.179678
  1  Cr    0.88758   0.42714   0.179678
  2  Ag    0.387579  0.906281  0.179678
  3  Ag    0.88758   0.783582  0.179678
  4  P     0.430239  0.589287  0.224067
  5  P     0.930239  0.100574  0.224067
  6  P     0.344919  0.589287  0.135289
  7  P     0.84492   0.100574  0.135289
  8  S     0.621691  0.419209  0.237916
  9  S     0.616757  0.113978  0.242041
 10  S     0.613517  0.737993  0.254695
 11  S     0.121691  0.270652  0.237916
 12  S     0.116757  0.575883  0.242041
 13  S     0.113517  0.951869  0.254695
 14  S     0.161642  0.737993  0.10466
 15  S     0.158401  0.113978  0.117314
 16  S     0.153467  0.419209  0.12144
 17  S     0.661641  0.951869  0.10466
 18  S     0.658401  0.575883  0.117314
 19  S     0.653467  0.270652  0.12144",JVASP-27766,,,,,mp-557592,1.2131,Cr2 Ag2 P4 S12
2.5865,2.7959,2.5026,39.20666667,"Full Formula (Sc4 I4 O4)
Reduced Formula: ScIO
abc   :   3.871559   7.226130  26.521039
angles:  86.756500  89.969943  89.999700
pbc   :       True       True       True
Sites (12)
  #  SP           a         b         c  velocities
---  ----  --------  --------  --------  ---------------
  0  Sc    0.750134  0.38349   0.463979  [0.0, 0.0, 0.0]
  1  Sc    0.249873  0.118044  0.536978  [0.0, 0.0, 0.0]
  2  Sc    0.249866  0.61651   0.536021  [0.0, 0.0, 0.0]
  3  Sc    0.750127  0.881956  0.463022  [0.0, 0.0, 0.0]
  4  I     0.750311  0.153804  0.378142  [0.0, 0.0, 0.0]
  5  I     0.749795  0.351849  0.607961  [0.0, 0.0, 0.0]
  6  I     0.249689  0.846196  0.621858  [0.0, 0.0, 0.0]
  7  I     0.250205  0.648151  0.392039  [0.0, 0.0, 0.0]
  8  O     0.749977  0.627922  0.504033  [0.0, 0.0, 0.0]
  9  O     0.250023  0.372078  0.495967  [0.0, 0.0, 0.0]
 10  O     0.749992  0.120311  0.504014  [0.0, 0.0, 0.0]
 11  O     0.250008  0.879689  0.495986  [0.0, 0.0, 0.0]",-2.674,"Full Formula (Sc4 I4 O4)
Reduced Formula: ScIO
abc   :   3.891111   7.263100  26.521039
angles:  86.773027  89.970094  89.997117
pbc   :       True       True       True
Sites (12)
  #  SP           a         b         c
---  ----  --------  --------  --------
  0  Sc    0.75017   0.382913  0.464301
  1  Sc    0.24979   0.118105  0.536942
  2  Sc    0.24983   0.617087  0.535699
  3  Sc    0.75021   0.881895  0.463058
  4  I     0.750464  0.154627  0.377658
  5  I     0.750054  0.351834  0.608783
  6  I     0.249536  0.845373  0.622342
  7  I     0.249946  0.648166  0.391217
  8  O     0.749957  0.628083  0.503832
  9  O     0.250043  0.371917  0.496168
 10  O     0.749968  0.120163  0.503961
 11  O     0.250032  0.879837  0.496039",JVASP-28046,1.8598,2.6082,2.8268,2.4844,mp-559760,1.9939,Sc4 I4 O4
1.661,1.6578,1.4719,140.224,"Full Formula (Zn1 W1 O4)
Reduced Formula: ZnWO4
abc   :   4.569660   4.570259  21.647906
angles:  90.000000  83.063896  90.003919
pbc   :       True       True       True
Sites (6)
  #  SP           a         b         c  velocities
---  ----  --------  --------  --------  ---------------
  0  Zn    0.96317   0.49997   0.036755  [0.0, 0.0, 0.0]
  1  W     0.463235  0.999994  0.036771  [0.0, 0.0, 0.0]
  2  O     0.723372  0.766354  0.990812  [0.0, 0.0, 0.0]
  3  O     0.670639  0.233802  0.082731  [0.0, 0.0, 0.0]
  4  O     0.203238  0.766167  0.08272   [0.0, 0.0, 0.0]
  5  O     0.255739  0.233714  0.990818  [0.0, 0.0, 0.0]",-1.908,"Full Formula (Zn1 W1 O4)
Reduced Formula: ZnWO4
abc   :   4.518388   4.620983  21.647906
angles:  90.000000  82.984796  90.000000
pbc   :       True       True       True
Sites (6)
  #  SP           a         b         c
---  ----  --------  --------  --------
  0  Zn    0.962006  0.500443  0.03913
  1  W     0.46387   0.999548  0.035653
  2  O     0.744642  0.782038  0.990686
  3  O     0.649374  0.243381  0.083417
  4  O     0.217807  0.754897  0.082172
  5  O     0.241693  0.219692  0.989549",JVASP-60433,,,,,mp-561591,3.1428,Zn1 W1 O4
1.5508,1.5508,1.5392,77.91661667,"Full Formula (Zn1 Cl2)
Reduced Formula: ZnCl2
abc   :   3.665060   3.665060  23.931200
angles:  90.000000  90.000000  90.000000
pbc   :       True       True       True
Sites (3)
  #  SP      a    b         c  velocities
---  ----  ---  ---  --------  ---------------
  0  Cl    0    0.5  0.191303  [0.0, 0.0, 0.0]
  1  Cl    0.5  0    0.307259  [0.0, 0.0, 0.0]
  2  Zn    0.5  0.5  0.249281  [0.0, 0.0, 0.0]",-1.086,"Full Formula (Zn1 Cl2)
Reduced Formula: ZnCl2
abc   :   3.715600   3.715600  23.931200
angles:  90.000000  90.000000  90.000000
pbc   :       True       True       True
Sites (3)
  #  SP      a    b         c
---  ----  ---  ---  --------
  0  Cl    0    0.5  0.191996
  1  Cl    0.5  0    0.306566
  2  Zn    0.5  0.5  0.249281",JVASP-27773,,,,,mp-567279,4.3192,Cl2 Zn1
8.6822,8.6822,1.7738,72.44275,"Full Formula (Ti2 Cl6)
Reduced Formula: TiCl3
abc   :   6.008379   6.008380  26.350038
angles:  90.000000  90.000000 119.999996
pbc   :       True       True       True
Sites (8)
  #  SP           a         b         c  velocities
---  ----  --------  --------  --------  ---------------
  0  Ti    0.482524  0.930582  0.120494  [0.0, 0.0, 0.0]
  1  Ti    0.14919   0.263915  0.120494  [0.0, 0.0, 0.0]
  2  Cl    0.15924   0.940631  0.173813  [0.0, 0.0, 0.0]
  3  Cl    0.472474  0.597248  0.173813  [0.0, 0.0, 0.0]
  4  Cl    0.815857  0.253865  0.173813  [0.0, 0.0, 0.0]
  5  Cl    0.472474  0.253865  0.067175  [0.0, 0.0, 0.0]
  6  Cl    0.815857  0.940631  0.067175  [0.0, 0.0, 0.0]
  7  Cl    0.15924   0.597248  0.067175  [0.0, 0.0, 0.0]",-1.59,"Full Formula (Ti2 Cl6)
Reduced Formula: TiCl3
abc   :   6.138476   6.138477  26.350038
angles:  90.000000  90.000000 119.999992
pbc   :       True       True       True
Sites (8)
  #  SP           a         b         c
---  ----  --------  --------  --------
  0  Ti    0.482524  0.930582  0.120494
  1  Ti    0.14919   0.263915  0.120494
  2  Cl    0.172816  0.954207  0.173976
  3  Cl    0.458898  0.597248  0.173976
  4  Cl    0.815857  0.240289  0.173976
  5  Cl    0.458898  0.240289  0.067012
  6  Cl    0.815857  0.954207  0.067012
  7  Cl    0.172816  0.597248  0.067012",JVASP-13632,,,,,mp-567354,0.0801,Ti2 Cl6
3.3891,3.3891,3.3439,40.33816667,"Full Formula (Hf2 I2 N2)
Reduced Formula: HfIN
abc   :   3.698312   3.698312  28.135607
angles:  90.000000  90.000000 120.000000
pbc   :       True       True       True
Sites (6)
  #  SP            a          b         c  velocities
---  ----  ---------  ---------  --------  ---------------
  0  Hf     0.666667   0.333333  0.168923  [0.0, 0.0, 0.0]
  1  Hf    -0         -0         0.259189  [0.0, 0.0, 0.0]
  2  I      0.333333   0.666667  0.090667  [0.0, 0.0, 0.0]
  3  I      0.333333   0.666667  0.337447  [0.0, 0.0, 0.0]
  4  N      0         -0         0.183111  [0.0, 0.0, 0.0]
  5  N      0.666667   0.333333  0.245001  [0.0, 0.0, 0.0]",-1.499,"Full Formula (Hf2 I2 N2)
Reduced Formula: HfIN
abc   :   3.710032   3.710032  28.135607
angles:  90.000000  90.000000 120.000000
pbc   :       True       True       True
Sites (6)
  #  SP           a         b         c
---  ----  --------  --------  --------
  0  Hf    0.666667  0.333333  0.169166
  1  Hf    0         0         0.258946
  2  I     0.333333  0.666667  0.090898
  3  I     0.333333  0.666667  0.337216
  4  N     0         0         0.18309
  5  N     0.666667  0.333333  0.245022",JVASP-27774,,,,,mp-567441,1.0297,Hf2 I2 N2
25.5838,22.673,4.3943,317.5542833,"Full Formula (Te4 Au2)
Reduced Formula: Te2Au
abc   :   6.925282   3.998515  25.157039
angles:  90.000000  90.098685  89.999986
pbc   :       True       True       True
Sites (6)
  #  SP           a         b         c  velocities
---  ----  --------  --------  --------  ---------------
  0  Te    0.520132  0.104607  0.165571  [0.0, 0.0, 0.0]
  1  Te    0.020131  0.604607  0.165571  [0.0, 0.0, 0.0]
  2  Te    0.685987  0.604606  0.039815  [0.0, 0.0, 0.0]
  3  Te    0.18599   0.104606  0.039816  [0.0, 0.0, 0.0]
  4  Au    0.853048  0.104605  0.10268   [0.0, 0.0, 0.0]
  5  Au    0.353049  0.604605  0.102682  [0.0, 0.0, 0.0]",0.254,"Full Formula (Te4 Au2)
Reduced Formula: Te2Au
abc   :   7.302938   4.264771  25.157043
angles:  90.000000  90.104066  90.000000
pbc   :       True       True       True
Sites (6)
  #  SP           a         b         c
---  ----  --------  --------  --------
  0  Te    0.53044   0.104606  0.162214
  1  Te    0.03044   0.604606  0.162214
  2  Te    0.675672  0.604606  0.043164
  3  Te    0.175672  0.104606  0.043164
  4  Au    0.853056  0.104606  0.102689
  5  Au    0.353056  0.604606  0.102689",JVASP-27775,,,,,mp-567525,0.0051,Te4 Au2
2.75,2.75,2.4768,34.444,"Full Formula (Zr2 N2 Cl2)
Reduced Formula: ZrNCl
abc   :   3.622950   3.622950  28.998549
angles:  90.000000  90.000000 119.999995
pbc   :       True       True       True
Sites (6)
  #  SP           a          b         c  velocities
---  ----  --------  ---------  --------  ---------------
  0  Zr    0.666667   0.333333  0.121118  [0.0, 0.0, 0.0]
  1  Zr    0         -0         0.212215  [0.0, 0.0, 0.0]
  2  N     0         -0         0.136898  [0.0, 0.0, 0.0]
  3  N     0.666667   0.333333  0.196435  [0.0, 0.0, 0.0]
  4  Cl    0.333333   0.666667  0.058772  [0.0, 0.0, 0.0]
  5  Cl    0.333333   0.666667  0.274561  [0.0, 0.0, 0.0]",-1.949,"Full Formula (Zr2 N2 Cl2)
Reduced Formula: ZrNCl
abc   :   3.645830   3.645831  28.998549
angles:  90.000000  90.000000 119.999995
pbc   :       True       True       True
Sites (6)
  #  SP           a         b         c
---  ----  --------  --------  --------
  0  Zr    0.666667  0.333333  0.121203
  1  Zr    0         0         0.21213
  2  N     0         0         0.136749
  3  N     0.666667  0.333333  0.196584
  4  Cl    0.333333  0.666667  0.058588
  5  Cl    0.333333  0.666667  0.274745",JVASP-27777,,,,,mp-568592,1.9126,Zr2 N2 Cl2
11.7614,11.7614,3.4192,250.8875222,"Full Formula (Bi2 Pt1)
Reduced Formula: Bi2Pt
abc   :   4.192645   4.192645  25.607635
angles:  90.000000  90.000000 119.999995
pbc   :       True       True       True
Sites (3)
  #  SP           a         b         c  velocities
---  ----  --------  --------  --------  ---------------
  0  Bi    0.729819  0.111614  0.163291  [0.0, 0.0, 0.0]
  1  Bi    0.396484  0.444948  0.055692  [0.0, 0.0, 0.0]
  2  Pt    0.063152  0.778281  0.109491  [0.0, 0.0, 0.0]",0.042,"Full Formula (Bi2 Pt1)
Reduced Formula: Bi2Pt
abc   :   4.159898   4.159899  25.607635
angles:  90.000000  90.000000 119.999992
pbc   :       True       True       True
Sites (3)
  #  SP           a         b         c
---  ----  --------  --------  --------
  0  Bi    0.729819  0.111614  0.165335
  1  Bi    0.396484  0.444948  0.053648
  2  Pt    0.063152  0.778281  0.109491",JVASP-27778,,,,,mp-569581,0.039,Bi2 Pt1
5.0528,5.0528,2.8787,78.65685,"Full Formula (Cu1 Bi1 P2 Se6)
Reduced Formula: CuBi(PSe3)2
abc   :   6.596846   6.596846  23.468785
angles:  90.000000  90.000000 120.000009
pbc   :       True       True       True
Sites (10)
  #  SP           a          b         c  velocities
---  ----  --------  ---------  --------  ---------------
  0  Bi    0.666666   0.333334  0.073902  [0.0, 0.0, 0.0]
  1  Cu    0         -0         0.073902  [0.0, 0.0, 0.0]
  2  P     0.333334   0.666666  0.025011  [0.0, 0.0, 0.0]
  3  P     0.333334   0.666666  0.122794  [0.0, 0.0, 0.0]
  4  Se    0.674353   0.703427  0.999291  [0.0, 0.0, 0.0]
  5  Se    0.674353   0.970926  0.148513  [0.0, 0.0, 0.0]
  6  Se    0.296573   0.325647  0.148513  [0.0, 0.0, 0.0]
  7  Se    0.029074   0.703427  0.148513  [0.0, 0.0, 0.0]
  8  Se    0.296573   0.970926  0.999291  [0.0, 0.0, 0.0]
  9  Se    0.029074   0.325647  0.999291  [0.0, 0.0, 0.0]",-0.066,"Full Formula (Cu1 Bi1 P2 Se6)
Reduced Formula: CuBi(PSe3)2
abc   :   6.612341   6.612341  23.468785
angles:  90.000000  90.000000 120.000005
pbc   :       True       True       True
Sites (10)
  #  SP           a         b         c
---  ----  --------  --------  --------
  0  Bi    0.666666  0.333334  0.073902
  1  Cu    0         0         0.073902
  2  P     0.333334  0.666666  0.025275
  3  P     0.333334  0.666666  0.12253
  4  Se    0.674964  0.705952  0
  5  Se    0.674964  0.969012  0.147804
  6  Se    0.294048  0.325036  0.147804
  7  Se    0.030988  0.705952  0.147804
  8  Se    0.294048  0.969012  0
  9  Se    0.030988  0.325036  0",JVASP-60464,1.2395,5.3728,5.3709,3.1261,mp-569715,0.8731,Bi1 Cu1 P2 Se6
8.4863,8.3397,2.7738,96.066,"Full Formula (Zr1 Ti1 Se4)
Reduced Formula: ZrTiSe4
abc   :   6.370016   3.674195  26.660731
angles:  90.000000  90.052828  90.000000
pbc   :       True       True       True
Sites (6)
  #  SP           a         b         c  velocities
---  ----  --------  --------  --------  ---------------
  0  Zr    0.019098  0.905136  0.125379  [0.0, 0.0, 0.0]
  1  Ti    0.519098  0.405136  0.125379  [0.0, 0.0, 0.0]
  2  Se    0.364587  0.905136  0.182939  [0.0, 0.0, 0.0]
  3  Se    0.840394  0.405136  0.184841  [0.0, 0.0, 0.0]
  4  Se    0.197802  0.405136  0.065917  [0.0, 0.0, 0.0]
  5  Se    0.67361   0.905136  0.067819  [0.0, 0.0, 0.0]",-1.167,"Full Formula (Zr1 Ti1 Se4)
Reduced Formula: ZrTiSe4
abc   :   6.397846   3.679430  26.660732
angles:  90.000000  90.053058  90.000000
pbc   :       True       True       True
Sites (6)
  #  SP           a         b         c
---  ----  --------  --------  --------
  0  Zr    0.019098  0.905136  0.125379
  1  Ti    0.519098  0.405136  0.125379
  2  Se    0.364806  0.905136  0.182993
  3  Se    0.839764  0.405136  0.185102
  4  Se    0.198432  0.405136  0.065656
  5  Se    0.673391  0.905136  0.067765",JVASP-27780,,,,,mp-570062,0.0206,Zr1 Ti1 Se4
4.038,3.1097,1.7546,591.1875556,"Full Formula (Ba1 B2 Se6)
Reduced Formula: Ba(BSe3)2
abc   :   6.499445   6.499445  44.619258
angles:  90.000000  90.000000 108.482104
pbc   :       True       True       True
Sites (9)
  #  SP           a         b         c  velocities
---  ----  --------  --------  --------  ---------------
  0  B     0.988096  0.1418    0.984158  [0.0, 0.0, 0.0]
  1  B     0.1418    0.988096  0.984158  [0.0, 0.0, 0.0]
  2  Ba    0.452381  0.452381  0.996139  [0.0, 0.0, 0.0]
  3  Se    0.93769   0.388504  0.999868  [0.0, 0.0, 0.0]
  4  Se    0.065898  0.704368  0.487096  [0.0, 0.0, 0.0]
  5  Se    0.704368  0.065898  0.487096  [0.0, 0.0, 0.0]
  6  Se    0.958692  0.958692  0.51046   [0.0, 0.0, 0.0]
  7  Se    0.862569  0.862569  0.96167   [0.0, 0.0, 0.0]
  8  Se    0.388504  0.93769   0.999868  [0.0, 0.0, 0.0]",0.003,"Full Formula (Ba1 B2 Se6)
Reduced Formula: Ba(BSe3)2
abc   :   6.602133   6.602133  44.619258
angles:  90.000000  90.000000 112.597423
pbc   :       True       True       True
Sites (9)
  #  SP           a         b         c
---  ----  --------  --------  --------
  0  B     0.989743  0.133849  0.984704
  1  B     0.133849  0.989743  0.984704
  2  Ba    0.475401  0.475401  0.996426
  3  Se    0.939309  0.374737  0.999157
  4  Se    0.039979  0.696844  0.489196
  5  Se    0.696844  0.039979  0.489196
  6  Se    0.993046  0.993046  0.508274
  7  Se    0.857092  0.857092  0.9597
  8  Se    0.374737  0.939309  0.999157",JVASP-60475,0.1513,12.3257,-6.0508,2.0563,mp-570823,0.0583,B2 Ba1 Se6
7.0736,7.0736,2.5776,83.1856,"Full Formula (Fe1 I2)
Reduced Formula: FeI2
abc   :   3.989527   3.989527  27.290054
angles:  90.000000  90.000000 119.999993
pbc   :       True       True       True
Sites (3)
  #  SP           a         b         c  velocities
---  ----  --------  --------  --------  ---------------
  0  Fe    0.433474  0.049376  0.133566  [0.0, 0.0, 0.0]
  1  I     0.766807  0.716043  0.193146  [0.0, 0.0, 0.0]
  2  I     0.100142  0.382709  0.073986  [0.0, 0.0, 0.0]",0.003,"Full Formula (Fe1 I2)
Reduced Formula: FeI2
abc   :   4.010873   4.010873  27.290054
angles:  90.000000  90.000000 119.999992
pbc   :       True       True       True
Sites (3)
  #  SP           a         b         c
---  ----  --------  --------  --------
  0  Fe    0.433474  0.049376  0.133566
  1  I     0.766807  0.716043  0.19293
  2  I     0.100142  0.382709  0.074202",JVASP-27782,,,,,mp-571122,0.1046,Fe1 I2
10.225,10.225,7.689,72.30686,"Full Formula (Sb2 Te1 Se2)
Reduced Formula: Sb2TeSe2
abc   :   4.144408   4.144407  30.717501
angles:  90.000000  90.000000 120.000002
pbc   :       True       True       True
Sites (5)
  #  SP            a         b         c  velocities
---  ----  ---------  --------  --------  ---------------
  0  Sb     0.333331  0.666669  0.264963  [0.0, 0.0, 0.0]
  1  Sb    -8e-06     8e-06     0.401718  [0.0, 0.0, 0.0]
  2  Se    -6e-06     6e-06     0.215722  [0.0, 0.0, 0.0]
  3  Se     0.333328  0.666672  0.450963  [0.0, 0.0, 0.0]
  4  Te     0.666655  0.333345  0.333333  [0.0, 0.0, 0.0]",-0.126,"Full Formula (Sb2 Te1 Se2)
Reduced Formula: Sb2TeSe2
abc   :   4.158600   4.158600  30.717501
angles:  90.000000  90.000000 120.000000
pbc   :       True       True       True
Sites (5)
  #  SP         a       b       c
---  ----  ------  ------  ------
  0  Sb    0.3333  0.6667  0.2659
  1  Sb    0       0       0.4008
  2  Se    0       0       0.2167
  3  Se    0.3333  0.6667  0.45
  4  Te    0.6667  0.3333  0.3333",JVASP-13509,,,,,mp-571550,0.8452,Sb2 Se2 Te1
,,,39.444,"Full Formula (Y2 C2 Br2)
Reduced Formula: YCBr
abc   :   3.782645   3.965635  26.637017
angles:  86.100852  85.788899  61.519493
pbc   :       True       True       True
Sites (6)
  #  SP           a         b         c  velocities
---  ----  --------  --------  --------  ---------------
  0  Br    0.794199  0.405971  0.001301  [0.0, 0.0, 0.0]
  1  Br    0.455008  0.344824  0.749495  [0.0, 0.0, 0.0]
  2  C     0.197178  0.715429  0.889741  [0.0, 0.0, 0.0]
  3  C     0.052025  0.035366  0.861054  [0.0, 0.0, 0.0]
  4  Y     0.478668  0.110069  0.930683  [0.0, 0.0, 0.0]
  5  Y     0.770536  0.640727  0.820113  [0.0, 0.0, 0.0]",-1.18,"Full Formula (Y2 C2 Br2)
Reduced Formula: YCBr
abc   :   3.846773   4.029287  26.637017
angles:  86.162541  85.859224  61.487442
pbc   :       True       True       True
Sites (6)
  #  SP           a         b         c
---  ----  --------  --------  --------
  0  Br    0.796774  0.406452  0
  1  Br    0.45243   0.344344  0.750796
  2  C     0.19848   0.713854  0.889186
  3  C     0.050724  0.036942  0.86161
  4  Y     0.477847  0.115069  0.929237
  5  Y     0.771358  0.635726  0.821558",JVASP-60515,,,,,mp-643367,,Br2 C2 Y2
8.9223,8.9224,3.9814,52.2792,"Full Formula (Y2 Ge1 I2)
Reduced Formula: Y2GeI2
abc   :   4.213207   4.213207  27.167008
angles:  90.000000  90.000000 120.000002
pbc   :       True       True       True
Sites (5)
  #  SP            a         b         c  velocities
---  ----  ---------  --------  --------  ---------------
  0  Ge    -0         0         0.131906  [0.0, 0.0, 0.0]
  1  I      0.666666  0.333334  0.263102  [0.0, 0.0, 0.0]
  2  I      0.333334  0.666666  0.000711  [0.0, 0.0, 0.0]
  3  Y      0.333334  0.666666  0.189462  [0.0, 0.0, 0.0]
  4  Y      0.666666  0.333334  0.07435   [0.0, 0.0, 0.0]",-1.268,"Full Formula (Y2 Ge1 I2)
Reduced Formula: Y2GeI2
abc   :   4.263220   4.263220  27.167008
angles:  90.000000  90.000000 120.000002
pbc   :       True       True       True
Sites (5)
  #  SP           a         b         c
---  ----  --------  --------  --------
  0  Ge    0         0         0.131906
  1  I     0.666666  0.333334  0.263813
  2  I     0.333334  0.666666  0
  3  Y     0.333334  0.666666  0.189563
  4  Y     0.666666  0.333334  0.074249",JVASP-60530,0.0644,8.9014,8.8764,4.1779,mp-676315,0.1908,Ge1 I2 Y2
1.4975,1.5025,1.4949,25.86,"Full Formula (Al2 Si4 O11)
Reduced Formula: Al2Si4O11
abc   :   5.243247   5.243405  26.879227
angles:  94.618313  91.761108  61.387552
pbc   :       True       True       True
Sites (17)
  #  SP           a          b         c  velocities
---  ----  --------  ---------  --------  ---------------
  0  Al    0.312633   0.812617  0.126732  [0.0, 0.0, 0.0]
  1  Al    0.687367   0.187383  0.126734  [0.0, 0.0, 0.0]
  2  O     0.5       -0         0.126733  [0.0, 0.0, 0.0]
  3  O     0.008597   0.909399  0.083253  [0.0, 0.0, 0.0]
  4  O     0.991403   0.090601  0.170214  [0.0, 0.0, 0.0]
  5  O     0.573843   0.474633  0.083253  [0.0, 0.0, 0.0]
  6  O     0.426157   0.525367  0.170213  [0.0, 0.0, 0.0]
  7  O     0.780922   0.139684  0.998872  [0.0, 0.0, 0.0]
  8  O     0.311002   0.669754  0.998873  [0.0, 0.0, 0.0]
  9  O     0.840238   0.616243  0.013891  [0.0, 0.0, 0.0]
 10  O     0.219078   0.860316  0.254595  [0.0, 0.0, 0.0]
 11  O     0.688998   0.330246  0.254594  [0.0, 0.0, 0.0]
 12  O     0.159762   0.383757  0.239576  [0.0, 0.0, 0.0]
 13  Si    0.984088   0.829673  0.023141  [0.0, 0.0, 0.0]
 14  Si    0.015912   0.170327  0.230326  [0.0, 0.0, 0.0]
 15  Si    0.630383   0.475948  0.02314   [0.0, 0.0, 0.0]
 16  Si    0.369617   0.524052  0.230326  [0.0, 0.0, 0.0]",-2.952,"Full Formula (Al2 Si4 O11)
Reduced Formula: Al2Si4O11
abc   :   5.246515   5.263748  26.879227
angles:  94.600427  91.760011  61.322321
pbc   :       True       True       True
Sites (17)
  #  SP           a         b         c
---  ----  --------  --------  --------
  0  Al    0.313291  0.812498  0.127044
  1  Al    0.686709  0.187502  0.126422
  2  O     0.5       0         0.126733
  3  O     0.010123  0.916428  0.083059
  4  O     0.989877  0.083572  0.170408
  5  O     0.57315   0.477423  0.08319
  6  O     0.42685   0.522577  0.170276
  7  O     0.790532  0.150409  0.998795
  8  O     0.31262   0.673303  0.998698
  9  O     0.833517  0.634474  0.014562
 10  O     0.209468  0.849591  0.254672
 11  O     0.68738   0.326697  0.254769
 12  O     0.166483  0.365526  0.238905
 13  Si    0.985842  0.839298  0.022987
 14  Si    0.014158  0.160702  0.23048
 15  Si    0.632629  0.48506   0.023366
 16  Si    0.367371  0.51494   0.2301",JVASP-60545,5.4502,1.4385,1.4419,1.4172,mp-707135,4.4611,Al2 O11 Si4
3.8932,3.6958,2.6676,82.05915,"Full Formula (Hg2 P2 Se6)
Reduced Formula: HgPSe3
abc   :   6.712353   6.821763  24.412493
angles:  87.586430  85.089612  57.805655
pbc   :       True       True       True
Sites (10)
  #  SP           a         b         c  velocities
---  ----  --------  --------  --------  ---------------
  0  Hg    0.373025  0.834898  0.113782  [0.0, 0.0, 0.0]
  1  Hg    0.626975  0.165102  0.068143  [0.0, 0.0, 0.0]
  2  P     0.986593  0.523899  0.043301  [0.0, 0.0, 0.0]
  3  P     0.013407  0.476101  0.138624  [0.0, 0.0, 0.0]
  4  Se    0.636847  0.581047  0.025718  [0.0, 0.0, 0.0]
  5  Se    0.98329   0.172783  0.162417  [0.0, 0.0, 0.0]
  6  Se    0.726747  0.788775  0.179294  [0.0, 0.0, 0.0]
  7  Se    0.363153  0.418953  0.156207  [0.0, 0.0, 0.0]
  8  Se    0.01671   0.827217  0.019508  [0.0, 0.0, 0.0]
  9  Se    0.273253  0.211225  0.002631  [0.0, 0.0, 0.0]",-0.002,"Full Formula (Hg2 P2 Se6)
Reduced Formula: HgPSe3
abc   :   6.674697   6.639057  24.412493
angles:  87.519968  85.061842  59.822250
pbc   :       True       True       True
Sites (10)
  #  SP           a         b         c
---  ----  --------  --------  --------
  0  Hg    0.396617  0.813371  0.131605
  1  Hg    0.603383  0.186629  0.05032
  2  P     0.975296  0.536687  0.043978
  3  P     0.024704  0.463313  0.137947
  4  Se    0.618163  0.609972  0.029837
  5  Se    0.976808  0.16097   0.160444
  6  Se    0.757808  0.774789  0.18272
  7  Se    0.381837  0.390028  0.152088
  8  Se    0.023192  0.83903   0.021481
  9  Se    0.242192  0.225211  0.999205",JVASP-60548,,,,,mp-7293,1.2996,Hg2 P2 Se6
2.2525,2.2313,2.0969,85.35976667,"Full Formula (Ca1 Pb1 I4)
Reduced Formula: CaPbI4
abc   :   7.896808   4.512560  25.000264
angles:  90.000000  90.263528  90.000000
pbc   :       True       True       True
Sites (6)
  #  SP           a         b         c  velocities
---  ----  --------  --------  --------  ---------------
  0  Ca    0.002336  0.872978  0.160455  [0.0, 0.0, 0.0]
  1  Pb    0.502336  0.372977  0.160455  [0.0, 0.0, 0.0]
  2  I     0.845371  0.372977  0.232302  [0.0, 0.0, 0.0]
  3  I     0.324392  0.872978  0.234671  [0.0, 0.0, 0.0]
  4  I     0.68028   0.872978  0.086238  [0.0, 0.0, 0.0]
  5  I     0.159301  0.372977  0.088607  [0.0, 0.0, 0.0]",-1.103,"Full Formula (Ca1 Pb1 I4)
Reduced Formula: CaPbI4
abc   :   8.022731   4.595039  25.000273
angles:  90.000000  90.267730  90.000000
pbc   :       True       True       True
Sites (6)
  #  SP           a         b         c
---  ----  --------  --------  --------
  0  Ca    0.002336  0.872978  0.160455
  1  Pb    0.502336  0.372977  0.160455
  2  I     0.844419  0.372977  0.231622
  3  I     0.32581   0.872978  0.233539
  4  I     0.678862  0.872978  0.08737
  5  I     0.160253  0.372977  0.089287",JVASP-13525,,,,,mp-754540,3.052,Ca1 Pb1 I4
1.7987,1.7974,1.7353,77.131,"Full Formula (Y2 Br6)
Reduced Formula: YBr3
abc   :   7.090999   7.090999  23.315857
angles:  94.339275  94.339275 119.981306
pbc   :       True       True       True
Sites (8)
  #  SP           a         b         c  velocities
---  ----  --------  --------  --------  ---------------
  0  Br    0.957427  0.605683  0.140456  [0.0, 0.0, 0.0]
  1  Br    0.888597  0.888597  0.001826  [0.0, 0.0, 0.0]
  2  Br    0.253713  0.253713  0.140484  [0.0, 0.0, 0.0]
  3  Br    0.536626  0.184882  0.001853  [0.0, 0.0, 0.0]
  4  Br    0.605683  0.957427  0.140456  [0.0, 0.0, 0.0]
  5  Br    0.184882  0.536626  0.001853  [0.0, 0.0, 0.0]
  6  Y     0.23785   0.90446   0.071155  [0.0, 0.0, 0.0]
  7  Y     0.90446   0.23785   0.071155  [0.0, 0.0, 0.0]",-1.887,"Full Formula (Y2 Br6)
Reduced Formula: YBr3
abc   :   7.076226   7.076226  23.315857
angles:  94.348352  94.348352 119.647162
pbc   :       True       True       True
Sites (8)
  #  SP           a         b         c
---  ----  --------  --------  --------
  0  Br    0.957248  0.606282  0.140523
  1  Br    0.891799  0.891799  0.000563
  2  Br    0.250511  0.250511  0.141747
  3  Br    0.536027  0.185061  0.001786
  4  Br    0.606282  0.957248  0.140523
  5  Br    0.185061  0.536027  0.001786
  6  Y     0.238039  0.904271  0.071155
  7  Y     0.904271  0.238039  0.071155",JVASP-60558,4.1728,1.6986,1.6905,1.6219,mp-754815,4.0673,Br6 Y2
2.2976,2.2976,2.0613,50.761,"Full Formula (Nd2 I2 O2)
Reduced Formula: NdIO
abc   :   4.075657   4.075657  29.629549
angles:  90.000000  90.000000  90.000000
pbc   :       True       True       True
Sites (6)
  #  SP           a         b         c  velocities
---  ----  --------  --------  --------  ---------------
  0  Nd    0.678645  0.178645  0.202202  [0.0, 0.0, 0.0]
  1  Nd    0.178645  0.678645  0.122796  [0.0, 0.0, 0.0]
  2  I     0.178645  0.678645  0.266179  [0.0, 0.0, 0.0]
  3  I     0.678645  0.178645  0.058819  [0.0, 0.0, 0.0]
  4  O     0.678645  0.678645  0.162499  [0.0, 0.0, 0.0]
  5  O     0.178645  0.178645  0.162499  [0.0, 0.0, 0.0]",-2.793,"Full Formula (Nd2 I2 O2)
Reduced Formula: NdIO
abc   :   4.085007   4.085007  29.629549
angles:  90.000000  90.000000  90.000000
pbc   :       True       True       True
Sites (6)
  #  SP           a         b         c
---  ----  --------  --------  --------
  0  Nd    0.678645  0.178645  0.201894
  1  Nd    0.178645  0.678645  0.123104
  2  I     0.178645  0.678645  0.267423
  3  I     0.678645  0.178645  0.057575
  4  O     0.678645  0.678645  0.162499
  5  O     0.178645  0.178645  0.162499",JVASP-13527,,,,,mp-755336,3.8469,Nd2 I2 O2
2.0476,2.0476,2.0278,37.426,"Full Formula (Ho2 Br2 O2)
Reduced Formula: HoBrO
abc   :   3.809924   3.809924  30.079382
angles:  90.000000  90.000000 120.000004
pbc   :       True       True       True
Sites (6)
  #  SP            a         b         c  velocities
---  ----  ---------  --------  --------  ---------------
  0  Ho    -0         0         0.119483  [0.0, 0.0, 0.0]
  1  Ho     0.666667  0.333333  0.21385   [0.0, 0.0, 0.0]
  2  Br     0.333333  0.666667  0.055753  [0.0, 0.0, 0.0]
  3  Br     0.333333  0.666667  0.27758   [0.0, 0.0, 0.0]
  4  O      0.666667  0.333333  0.138403  [0.0, 0.0, 0.0]
  5  O     -0         0         0.19493   [0.0, 0.0, 0.0]",-3.085,"Full Formula (Ho2 Br2 O2)
Reduced Formula: HoBrO
abc   :   3.828528   3.828528  30.079382
angles:  90.000000  90.000000 120.000004
pbc   :       True       True       True
Sites (6)
  #  SP           a         b         c
---  ----  --------  --------  --------
  0  Ho    0         0         0.119768
  1  Ho    0.666667  0.333333  0.213565
  2  Br    0.333333  0.666667  0.055615
  3  Br    0.333333  0.666667  0.277718
  4  O     0.666667  0.333333  0.13834
  5  O     0         0         0.194993",JVASP-13528,,,,,mp-755565,3.8191,Ho2 Br2 O2
1.7543,1.6606,1.6774,40.421,"Full Formula (Er2 Cl2 O2)
Reduced Formula: ErClO
abc   :   3.715987   4.128956  29.238272
angles:  90.000000  90.000000  90.000000
pbc   :       True       True       True
Sites (6)
  #  SP           a         b         c  velocities
---  ----  --------  --------  --------  ---------------
  0  Er    0.235319  0.612908  0.19387   [0.0, 0.0, 0.0]
  1  Er    0.735319  0.112908  0.122095  [0.0, 0.0, 0.0]
  2  Cl    0.735319  0.612908  0.258448  [0.0, 0.0, 0.0]
  3  Cl    0.235319  0.112908  0.057517  [0.0, 0.0, 0.0]
  4  O     0.235319  0.112908  0.167155  [0.0, 0.0, 0.0]
  5  O     0.735319  0.612908  0.14881   [0.0, 0.0, 0.0]",-3.209,"Full Formula (Er2 Cl2 O2)
Reduced Formula: ErClO
abc   :   3.739224   4.150510  29.238272
angles:  90.000000  90.000000  90.000000
pbc   :       True       True       True
Sites (6)
  #  SP           a         b         c
---  ----  --------  --------  --------
  0  Er    0.235319  0.612908  0.19378
  1  Er    0.735319  0.112908  0.122185
  2  Cl    0.735319  0.612908  0.258494
  3  Cl    0.235319  0.112908  0.057471
  4  O     0.235319  0.112908  0.166984
  5  O     0.735319  0.612908  0.148981",JVASP-13529,,,,,mp-755689,5.3471,Er2 Cl2 O2
10.4576,11.6978,2.5999,57.6051,"Full Formula (Cr1 P2 S7)
Reduced Formula: CrP2S7
abc   :   6.319153   6.319153  23.548183
angles:  94.899066  94.899066  94.791555
pbc   :       True       True       True
Sites (10)
  #  SP           a         b         c  velocities
---  ----  --------  --------  --------  ---------------
  0  Cr    0.491835  0.508165  0.075339  [0.0, 0.0, 0.0]
  1  P     0.655934  0.955292  0.053888  [0.0, 0.0, 0.0]
  2  P     0.044708  0.344066  0.09679   [0.0, 0.0, 0.0]
  3  S     0.532148  0.194476  0.013561  [0.0, 0.0, 0.0]
  4  S     0.805524  0.467852  0.137116  [0.0, 0.0, 0.0]
  5  S     0.140308  0.493533  0.028531  [0.0, 0.0, 0.0]
  6  S     0.31818   0.368728  0.150605  [0.0, 0.0, 0.0]
  7  S     0.631272  0.68182   7.3e-05   [0.0, 0.0, 0.0]
  8  S     0.506467  0.859692  0.122147  [0.0, 0.0, 0.0]
  9  S     0.993118  0.006882  0.075339  [0.0, 0.0, 0.0]",-0.236,"Full Formula (Cr1 P2 S7)
Reduced Formula: CrP2S7
abc   :   6.308799   6.308799  23.548183
angles:  94.907126  94.907126  94.806498
pbc   :       True       True       True
Sites (10)
  #  SP           a         b         c
---  ----  --------  --------  --------
  0  Cr    0.491882  0.508118  0.075339
  1  P     0.655732  0.954175  0.05408
  2  P     0.045825  0.344268  0.096598
  3  S     0.528474  0.191964  0.013845
  4  S     0.808036  0.471526  0.136832
  5  S     0.13998   0.492811  0.02801
  6  S     0.318615  0.370021  0.150916
  7  S     0.629979  0.681385  0.999762
  8  S     0.507189  0.86002   0.122668
  9  S     0.993783  0.006217  0.075339",JVASP-60578,0.0256,18.4082,21.601,2.549,mp-768680,0.0419,Cr1 P2 S7
6.2952,15.1685,1.7209,70.15683333,"Full Formula (Co1 Te1 O4)
Reduced Formula: CoTeO4
abc   :   3.092327   5.418886  21.923746
angles:  94.056767  90.000000  90.000000
pbc   :       True       True       True
Sites (6)
  #  SP      a         b         c  velocities
---  ----  ---  --------  --------  ---------------
  0  Co    0.5  0.549991  0.049991  [0.0, 0.0, 0.0]
  1  Te    0    0.049991  0.049991  [0.0, 0.0, 0.0]
  2  O     0    0.744911  0.091181  [0.0, 0.0, 0.0]
  3  O     0    0.355071  0.008801  [0.0, 0.0, 0.0]
  4  O     0.5  0.210902  0.099362  [0.0, 0.0, 0.0]
  5  O     0.5  0.88908   0.00062   [0.0, 0.0, 0.0]",-0.772,"Full Formula (Co1 Te1 O4)
Reduced Formula: CoTeO4
abc   :   3.092904   5.474126  21.923746
angles:  94.015762  90.000000  90.000000
pbc   :       True       True       True
Sites (6)
  #  SP      a         b         c
---  ----  ---  --------  --------
  0  Co    0.5  0.549991  0.049991
  1  Te    0    0.049991  0.049991
  2  O     0    0.751906  0.090744
  3  O     0    0.348076  0.009238
  4  O     0.5  0.201866  0.099982
  5  O     0.5  0.898116  0",JVASP-60582,0.0282,10.2452,55.5577,1.9606,mp-771247,0.0076,Co1 Te1 O4
1.9433,1.9433,1.5808,571.6572,"Full Formula (Sb1)
Reduced Formula: Sb
abc   :   3.152406   3.152407  23.494676
angles:  90.000000  90.000000 120.000003
pbc   :       True       True       True
Sites (1)
  #  SP           a         b         c  velocities
---  ----  --------  --------  --------  ---------------
  0  Sb    0.333333  0.666667  0.058467  [0.0, 0.0, 0.0]",0.875,"Full Formula (Sb1)
Reduced Formula: Sb
abc   :   3.394109   3.394110  23.494676
angles:  90.000000  90.000000 120.000004
pbc   :       True       True       True
Sites (1)
  #  SP           a         b         c
---  ----  --------  --------  --------
  0  Sb    0.333333  0.666667  0.058467",JVASP-13539,,,,,mp-80,0.0202,Sb1
50.1586,50.1586,13.0956,60.31066667,"Full Formula (Ta4 Se2)
Reduced Formula: Ta2Se
abc   :   3.387285   3.387285  28.337985
angles:  90.000000  90.000000  90.000000
pbc   :       True       True       True
Sites (6)
  #  SP           a         b         c  velocities
---  ----  --------  --------  --------  ---------------
  0  Ta    0.518363  0.018363  0.209311  [0.0, 0.0, 0.0]
  1  Ta    0.018363  0.518363  0.266651  [0.0, 0.0, 0.0]
  2  Ta    0.518363  0.018363  0.09816   [0.0, 0.0, 0.0]
  3  Ta    0.018363  0.518363  0.155499  [0.0, 0.0, 0.0]
  4  Se    0.518363  0.018363  0.311003  [0.0, 0.0, 0.0]
  5  Se    0.018363  0.518363  0.053807  [0.0, 0.0, 0.0]",-0.385,"Full Formula (Ta4 Se2)
Reduced Formula: Ta2Se
abc   :   3.404318   3.404318  28.337985
angles:  90.000000  90.000000  90.000000
pbc   :       True       True       True
Sites (6)
  #  SP           a         b         c
---  ----  --------  --------  --------
  0  Ta    0.518363  0.018363  0.209086
  1  Ta    0.018363  0.518363  0.266473
  2  Ta    0.518363  0.018363  0.098338
  3  Ta    0.018363  0.518363  0.155724
  4  Se    0.518363  0.018363  0.309823
  5  Se    0.018363  0.518363  0.054987",JVASP-13541,,,,,mp-8732,0.0022,Ta4 Se2
2.8042,3.1111,2.0849,132.964,"Full Formula (As4 Se6)
Reduced Formula: As2Se3
abc   :   4.378285  12.870869  26.967600
angles:  90.000000  90.000000 109.885152
pbc   :       True       True       True
Sites (10)
  #  SP           a         b         c  velocities
---  ----  --------  --------  --------  ---------------
  0  As    0.374218  0.761299  0.127213  [0.0, 0.0, 0.0]
  1  As    0.374218  0.261299  0.076134  [0.0, 0.0, 0.0]
  2  As    0.095598  0.982671  0.076115  [0.0, 0.0, 0.0]
  3  As    0.095598  0.482671  0.127232  [0.0, 0.0, 0.0]
  4  Se    0.874702  0.906403  0.155663  [0.0, 0.0, 0.0]
  5  Se    0.874702  0.406403  0.047685  [0.0, 0.0, 0.0]
  6  Se    0.305905  0.83756   0.047664  [0.0, 0.0, 0.0]
  7  Se    0.305905  0.33756   0.155684  [0.0, 0.0, 0.0]
  8  Se    0.566978  0.621967  0.086971  [0.0, 0.0, 0.0]
  9  Se    0.566978  0.121967  0.116377  [0.0, 0.0, 0.0]",0.027,"Full Formula (As4 Se6)
Reduced Formula: As2Se3
abc   :   4.505000  12.915400  26.967600
angles:  90.000000  90.000000 110.014603
pbc   :       True       True       True
Sites (10)
  #  SP         a       b         c
---  ----  ------  ------  --------
  0  As    0.3777  0.7631  0.124001
  1  As    0.3777  0.2631  0.079346
  2  As    0.1021  0.9834  0.074059
  3  As    0.1021  0.4834  0.129288
  4  Se    0.8732  0.9024  0.151982
  5  Se    0.8732  0.4024  0.051366
  6  Se    0.3131  0.8415  0.044574
  7  Se    0.3131  0.3415  0.158774
  8  Se    0.5513  0.6195  0.086179
  9  Se    0.5513  0.1195  0.117169",JVASP-13544,,,,,mp-909,1.3176,As4 Se6
21.4301,21.4295,7.5446,57.5245,"Full Formula (Y2 Te6)
Reduced Formula: YTe3
abc   :   4.349902   4.349932  30.967817
angles:  90.000000  90.000000  90.000000
pbc   :       True       True       True
Sites (8)
  #  SP       a     b         c  velocities
---  ----  ----  ----  --------  ---------------
  0  Y      0    0.75  0.143176  [0.0, 0.0, 0.0]
  1  Y      0.5  0.25  0.276095  [0.0, 0.0, 0.0]
  2  Te    -0    0.25  0.062168  [0.0, 0.0, 0.0]
  3  Te     0.5  0.75  0.062158  [0.0, 0.0, 0.0]
  4  Te     0.5  0.25  0.172822  [0.0, 0.0, 0.0]
  5  Te    -0    0.75  0.246449  [0.0, 0.0, 0.0]
  6  Te    -0    0.25  0.357113  [0.0, 0.0, 0.0]
  7  Te     0.5  0.75  0.357103  [0.0, 0.0, 0.0]",-0.905,"Full Formula (Y2 Te6)
Reduced Formula: YTe3
abc   :   4.330998   4.335250  30.967817
angles:  90.000000  90.000000  90.000000
pbc   :       True       True       True
Sites (8)
  #  SP      a     b         c
---  ----  ---  ----  --------
  0  Y     0    0.75  0.142119
  1  Y     0.5  0.25  0.277152
  2  Te    0    0.25  0.060827
  3  Te    0.5  0.75  0.060866
  4  Te    0.5  0.25  0.172811
  5  Te    0    0.75  0.24646
  6  Te    0    0.25  0.358405
  7  Te    0.5  0.75  0.358444",JVASP-13545,,,,,mp-945077,0.0228,Y2 Te6
20.7942,20.7942,1.8304,76.94366667,"Full Formula (V1 Br2)
Reduced Formula: VBr2
abc   :   3.803995   3.803995  26.721105
angles:  90.000000  90.000000 119.999999
pbc   :       True       True       True
Sites (3)
  #  SP           a         b         c  velocities
---  ----  --------  --------  --------  ---------------
  0  V     0.378472  0.009111  0.125764  [0.0, 0.0, 0.0]
  1  Br    0.711805  0.675779  0.180464  [0.0, 0.0, 0.0]
  2  Br    0.045139  0.342445  0.071063  [0.0, 0.0, 0.0]",-0.788,"Full Formula (V1 Br2)
Reduced Formula: VBr2
abc   :   3.845394   3.845394  26.721105
angles:  90.000000  90.000000 120.000000
pbc   :       True       True       True
Sites (3)
  #  SP           a         b         c
---  ----  --------  --------  --------
  0  V     0.378472  0.009111  0.125764
  1  Br    0.711805  0.675779  0.180086
  2  Br    0.045139  0.342445  0.071441",JVASP-13546,,,,,mp-971787,0.6285,V1 Br2
41.8338,41.8338,1.6394,582.88435,"Full Formula (Si1 Sb3)
Reduced Formula: SiSb3
abc   :   6.107733   6.107733  21.562229
angles:  90.000000  90.000000 119.999999
pbc   :       True       True       True
Sites (4)
  #  SP           a         b        c  velocities
---  ----  --------  --------  -------  ---------------
  0  Si    0.333333  0.666667  0.06449  [0.0, 0.0, 0.0]
  1  Sb    0.333335  0.166668  0.06449  [0.0, 0.0, 0.0]
  2  Sb    0.833332  0.666665  0.06449  [0.0, 0.0, 0.0]
  3  Sb    0.833332  0.166668  0.06449  [0.0, 0.0, 0.0]",1.068,"Full Formula (Si1 Sb3)
Reduced Formula: SiSb3
abc   :   6.449695   6.449694  21.562229
angles:  90.000000  90.000000 119.999999
pbc   :       True       True       True
Sites (4)
  #  SP           a         b        c
---  ----  --------  --------  -------
  0  Si    0.333333  0.666667  0.06449
  1  Sb    0.349258  0.174629  0.06449
  2  Sb    0.825371  0.650742  0.06449
  3  Sb    0.825371  0.174629  0.06449",JVASP-13547,,,,,mp-972794,0.0102,Si1 Sb3
4.5899,4.2193,3.3406,78.52966667,"Full Formula (Si4 As8)
Reduced Formula: SiAs2
abc   :   3.690432  10.364024  26.206003
angles:  90.000000  90.000000  90.000000
pbc   :       True       True       True
Sites (12)
  #  SP      a         b         c  velocities
---  ----  ---  --------  --------  ---------------
  0  As    0.5  0.891144  0.19387   [0.0, 0.0, 0.0]
  1  As    0.5  0.94779   0.036043  [0.0, 0.0, 0.0]
  2  As    0    0.656289  0.088976  [0.0, 0.0, 0.0]
  3  As    0    0.76146   0.234042  [0.0, 0.0, 0.0]
  4  As    0    0.26146   0.002774  [0.0, 0.0, 0.0]
  5  As    0    0.156289  0.147841  [0.0, 0.0, 0.0]
  6  As    0.5  0.44779   0.200773  [0.0, 0.0, 0.0]
  7  As    0.5  0.391144  0.042946  [0.0, 0.0, 0.0]
  8  Si    0.5  0.799206  0.106859  [0.0, 0.0, 0.0]
  9  Si    0    0.082011  0.061242  [0.0, 0.0, 0.0]
 10  Si    0    0.582011  0.175574  [0.0, 0.0, 0.0]
 11  Si    0.5  0.299206  0.129957  [0.0, 0.0, 0.0]",0.026,"Full Formula (Si4 As8)
Reduced Formula: SiAs2
abc   :   3.691729  10.355348  26.206003
angles:  90.000000  90.000000  90.000000
pbc   :       True       True       True
Sites (12)
  #  SP      a         b         c
---  ----  ---  --------  --------
  0  As    0.5  0.891418  0.194039
  1  As    0.5  0.947408  0.035962
  2  As    0    0.656184  0.089225
  3  As    0    0.761648  0.234263
  4  As    0    0.261648  0.002553
  5  As    0    0.156184  0.147592
  6  As    0.5  0.447408  0.200854
  7  As    0.5  0.391418  0.042777
  8  Si    0.5  0.799322  0.106999
  9  Si    0    0.08192   0.060988
 10  Si    0    0.58192   0.175828
 11  Si    0.5  0.299322  0.129817",JVASP-60612,,,,,mp-978553,1.4016,As8 Si4
18.2885,18.2885,1.5135,493.944575,"Full Formula (Si1 As3)
Reduced Formula: SiAs3
abc   :   5.475485   5.475485  24.170389
angles:  90.000000  90.000000 120.000002
pbc   :       True       True       True
Sites (4)
  #  SP           a         b         c  velocities
---  ----  --------  --------  --------  ---------------
  0  Si    0.333333  0.666667  0.053479  [0.0, 0.0, 0.0]
  1  As    0.833323  0.166677  0.053479  [0.0, 0.0, 0.0]
  2  As    0.833323  0.666648  0.053479  [0.0, 0.0, 0.0]
  3  As    0.333352  0.166677  0.053479  [0.0, 0.0, 0.0]",1.054,"Full Formula (Si1 As3)
Reduced Formula: SiAs3
abc   :   5.948071   5.948072  24.170389
angles:  90.000000  90.000000 120.000002
pbc   :       True       True       True
Sites (4)
  #  SP           a         b         c
---  ----  --------  --------  --------
  0  Si    0.333333  0.666667  0.053479
  1  As    0.812906  0.187094  0.053479
  2  As    0.812906  0.625813  0.053479
  3  As    0.374187  0.187094  0.053479",JVASP-13550,,,,,mp-978567,0.0146,Si1 As3
32.8228,32.8228,3.5178,102.6578333,"Full Formula (W1 O2)
Reduced Formula: WO2
abc   :   2.979627   2.979627  31.039334
angles:  90.000000  90.000000 119.999991
pbc   :       True       True       True
Sites (3)
  #  SP           a         b         c  velocities
---  ----  --------  --------  --------  ---------------
  0  W     0.666667  0.333333  0.266742  [0.0, 0.0, 0.0]
  1  O     0.666667  0.333333  0.208801  [0.0, 0.0, 0.0]
  2  O     0.666667  0.333333  0.324684  [0.0, 0.0, 0.0]",-0.214,"Full Formula (W1 O2)
Reduced Formula: WO2
abc   :   3.108802   3.108802  31.039334
angles:  90.000000  90.000000 119.999991
pbc   :       True       True       True
Sites (3)
  #  SP           a         b         c
---  ----  --------  --------  --------
  0  W     0.666667  0.333333  0.266742
  1  O     0.666667  0.333333  0.208624
  2  O     0.666667  0.333333  0.324861",JVASP-783,,,,,mvc-11221,0.0226,W1 O2
,,,64.139,"Full Formula (Ti1 S2)
Reduced Formula: TiS2
abc   :   3.409117   3.409118  24.557672
angles:  90.000000  90.000000 120.000008
pbc   :       True       True       True
Sites (3)
  #  SP           a         b         c  velocities
---  ----  --------  --------  --------  ---------------
  0  Ti    0.666667  0.333333  0.292613  [0.0, 0.0, 0.0]
  1  S     0.333333  0.666667  0.234748  [0.0, 0.0, 0.0]
  2  S     0         0         0.350478  [0.0, 0.0, 0.0]",-1.331,"Full Formula (Ti1 S2)
Reduced Formula: TiS2
abc   :   3.427059   3.427059  24.557672
angles:  90.000000  90.000000 120.000009
pbc   :       True       True       True
Sites (3)
  #  SP           a         b         c
---  ----  --------  --------  --------
  0  Ti    0.666667  0.333333  0.292613
  1  S     0.333333  0.666667  0.234933
  2  S     0         0         0.350293",JVASP-7060,,,,,mvc-11238,,Ti1 S2
4.4588,4.4588,2.9468,88.01833333,"Full Formula (Ti1 O2)
Reduced Formula: TiO2
abc   :   3.422030   3.422030  30.952301
angles:  90.000000  90.000000 120.000005
pbc   :       True       True       True
Sites (3)
  #  SP           a         b         c  velocities
---  ----  --------  --------  --------  ---------------
  0  Ti    0.333333  0.666667  0.088461  [0.0, 0.0, 0.0]
  1  O     0.333333  0.666667  0.032958  [0.0, 0.0, 0.0]
  2  O     0.333333  0.666667  0.143964  [0.0, 0.0, 0.0]",-0.33,"Full Formula (Ti1 O2)
Reduced Formula: TiO2
abc   :   3.445506   3.445506  30.952301
angles:  90.000000  90.000000 120.000005
pbc   :       True       True       True
Sites (3)
  #  SP           a         b         c
---  ----  --------  --------  --------
  0  Ti    0.333333  0.666667  0.088461
  1  O     0.333333  0.666667  0.033122
  2  O     0.333333  0.666667  0.1438",JVASP-765,,,,,mvc-13391,0.1599,Ti1 O2
1.4844,1.4844,1.3283,76.452,"Full Formula (Sn1 O2)
Reduced Formula: SnO2
abc   :   3.229795   3.229735  32.568010
angles:  90.122393  89.941901 119.999585
pbc   :       True       True       True
Sites (3)
  #  SP           a         b         c  velocities
---  ----  --------  --------  --------  ---------------
  0  Sn    0.001976  0.991663  0.189376  [0.0, 0.0, 0.0]
  1  O     0.335334  0.65901   0.220262  [0.0, 0.0, 0.0]
  2  O     0.66862   0.324313  0.158453  [0.0, 0.0, 0.0]",-1.515,"Full Formula (Sn1 O2)
Reduced Formula: SnO2
abc   :   3.230081   3.230087  32.568010
angles:  90.122407  89.941900 119.996427
pbc   :       True       True       True
Sites (3)
  #  SP           a          b         c
---  ----  --------  ---------  --------
  0  Sn    0.00196   -0.008331  0.189291
  1  O     0.335337   0.658937  0.220538
  2  O     0.668633   0.32438   0.158261",JVASP-750,,,,,mvc-6946,1.2173,Sn1 O2
1.6624,1.6624,1.5547,75.81966667,"Full Formula (Ca2 Cl2 F2)
Reduced Formula: CaClF
abc   :   3.743669   3.743669  24.922670
angles:  90.000000  90.000000  90.000000
pbc   :       True       True       True
Sites (6)
  #  SP       a     b          c  velocities
---  ----  ----  ----  ---------  ---------------
  0  Ca     0.5  -0     0.043368  [0.0, 0.0, 0.0]
  1  Ca    -0     0.5   0.15415   [0.0, 0.0, 0.0]
  2  Cl     0     0.5  -0.005941  [0.0, 0.0, 0.0]
  3  Cl     0.5  -0     0.203459  [0.0, 0.0, 0.0]
  4  F     -0    -0     0.098759  [0.0, 0.0, 0.0]
  5  F      0.5   0.5   0.098759  [0.0, 0.0, 0.0]",-3.316,"Full Formula (Ca2 Cl2 F2)
Reduced Formula: CaClF
abc   :   3.914462   3.914462  24.922670
angles:  90.000000  90.000000  90.000000
pbc   :       True       True       True
Sites (6)
  #  SP      a    b         c
---  ----  ---  ---  --------
  0  Ca    0.5  0    0.04476
  1  Ca    0    0.5  0.152758
  2  Cl    0    0.5  0
  3  Cl    0.5  0    0.197518
  4  F     0    0    0.098759
  5  F     0.5  0.5  0.098759",JVASP-60289,6.2266,1.6098,1.6095,1.5086,mp-27546,2.1852,Ca2 Cl2 F2
2.4576,1.6944,3.7779,847.98556,"Full Formula (K2 Pd1 O2)
Reduced Formula: K2PdO2
abc   :   3.344465   7.943378  25.646091
angles:  90.000000  90.000000  90.000000
pbc   :       True       True       True
Sites (5)
  #  SP       a         b         c  velocities
---  ----  ----  --------  --------  ---------------
  0  K     -0    0.5       0.591513  [0.0, 0.0, 0.0]
  1  K     -0    0.5       0.408487  [0.0, 0.0, 0.0]
  2  Pd     0.5  0.5       0.5       [0.0, 0.0, 0.0]
  3  O     -0    0.345454  0.5       [0.0, 0.0, 0.0]
  4  O      0    0.654546  0.5       [0.0, 0.0, 0.0]",-0.394,"Full Formula (K2 Pd1 O2)
Reduced Formula: K2PdO2
abc   :   3.185727   6.143708  25.646091
angles:  90.000000  90.000000  90.000000
pbc   :       True       True       True
Sites (5)
  #  SP      a         b         c
---  ----  ---  --------  --------
  0  K     0    0.5       0.610077
  1  K     0    0.5       0.389923
  2  Pd    0.5  0.5       0.5
  3  O     0    0.280374  0.5
  4  O     0    0.719626  0.5",JVASP-27996,,,,,mp-540584,0.0295,K2 Pd1 O2
1.9659,1.9659,1.8695,75.23144333,"Full Formula (Cd1 Br2)
Reduced Formula: CdBr2
abc   :   4.012554   4.012554  23.132788
angles:  90.000000  90.000000 119.999997
pbc   :       True       True       True
Sites (3)
  #  SP            a         b          c  velocities
---  ----  ---------  --------  ---------  ---------------
  0  Br     0.666666  0.333334   0.136268  [0.0, 0.0, 0.0]
  1  Br     0.333334  0.666666  -0.000842  [0.0, 0.0, 0.0]
  2  Cd    -0         0          0.067713  [0.0, 0.0, 0.0]",-0.809,"Full Formula (Cd1 Br2)
Reduced Formula: CdBr2
abc   :   4.077346   4.077346  23.132788
angles:  90.000000  90.000000 119.999997
pbc   :       True       True       True
Sites (3)
  #  SP           a         b         c
---  ----  --------  --------  --------
  0  Br    0.666666  0.333334  0.135426
  1  Br    0.333334  0.666666  0
  2  Cd    0         0         0.067713",JVASP-60456,,,,,mp-568690,3.2479,Br2 Cd1
1.9637,1.9637,1.8673,75.79157833,"Full Formula (Cd1 Br2)
Reduced Formula: CdBr2
abc   :   4.012701   4.012701  23.150764
angles:  90.000000  90.000000 119.999997
pbc   :       True       True       True
Sites (3)
  #  SP            a          b          c  velocities
---  ----  ---------  ---------  ---------  ---------------
  0  Br     0.666666   0.333334  -0.00044   [0.0, 0.0, 0.0]
  1  Br     0.333334   0.666666   0.136538  [0.0, 0.0, 0.0]
  2  Cd    -0         -0          0.068049  [0.0, 0.0, 0.0]",-0.809,"Full Formula (Cd1 Br2)
Reduced Formula: CdBr2
abc   :   4.069740   4.069740  23.150764
angles:  90.000000  90.000000 119.999997
pbc   :       True       True       True
Sites (3)
  #  SP           a         b         c
---  ----  --------  --------  --------
  0  Br    0.666666  0.333334  0
  1  Br    0.333334  0.666666  0.136098
  2  Cd    0         0         0.068049",JVASP-60457,3.8447,1.8111,1.8176,1.6944,mp-568722,3.2484,Br2 Cd1
2.6076,3.5072,2.1424,87.602575,"Full Formula (Sn2 S2)
Reduced Formula: SnS
abc   :   3.759833   5.766505  24.106581
angles:  90.000000  90.000000  90.000000
pbc   :       True       True       True
Sites (4)
  #  SP       a     b         c  velocities
---  ----  ----  ----  --------  ---------------
  0  Sn    -0    0.25  0.078036  [0.0, 0.0, 0.0]
  1  Sn     0.5  0.75  0.173069  [0.0, 0.0, 0.0]
  2  S      0    0.75  0.098353  [0.0, 0.0, 0.0]
  3  S      0.5  0.25  0.152753  [0.0, 0.0, 0.0]",-0.362,"Full Formula (Sn2 S2)
Reduced Formula: SnS
abc   :   3.805559   5.792169  24.106581
angles:  90.000000  90.000000  90.000000
pbc   :       True       True       True
Sites (4)
  #  SP      a     b         c
---  ----  ---  ----  --------
  0  Sn    0    0.25  0.079403
  1  Sn    0.5  0.75  0.171702
  2  S     0    0.75  0.097589
  3  S     0.5  0.25  0.153517",JVASP-19989,,,,,mp-1379,1.8951,Sn2 S2
6.6092,4.8701,3.6802,58.534625,"Full Formula (Hf2 Se6)
Reduced Formula: HfSe3
abc   :   5.435598   3.732351  26.345520
angles:  90.000000  96.194782  90.000000
pbc   :       True       True       True
Sites (8)
  #  SP           a     b         c  velocities
---  ----  --------  ----  --------  ---------------
  0  Hf    0.720472  0.75  0.44352   [0.0, 0.0, 0.0]
  1  Hf    0.279528  0.25  0.55648   [0.0, 0.0, 0.0]
  2  Se    0.908834  0.25  0.381955  [0.0, 0.0, 0.0]
  3  Se    0.46773   0.25  0.381963  [0.0, 0.0, 0.0]
  4  Se    0.240005  0.75  0.480876  [0.0, 0.0, 0.0]
  5  Se    0.759995  0.25  0.519124  [0.0, 0.0, 0.0]
  6  Se    0.091166  0.75  0.618045  [0.0, 0.0, 0.0]
  7  Se    0.53227   0.75  0.618037  [0.0, 0.0, 0.0]",-0.986,"Full Formula (Hf2 Se6)
Reduced Formula: HfSe3
abc   :   5.448196   3.749518  26.345520
angles:  90.000000  96.180403  90.000000
pbc   :       True       True       True
Sites (8)
  #  SP           a     b         c
---  ----  --------  ----  --------
  0  Hf    0.72059   0.75  0.443472
  1  Hf    0.27941   0.25  0.556528
  2  Se    0.907572  0.25  0.38179
  3  Se    0.46904   0.25  0.381842
  4  Se    0.240103  0.75  0.480866
  5  Se    0.759897  0.25  0.519134
  6  Se    0.092428  0.75  0.61821
  7  Se    0.53096   0.75  0.618158",JVASP-27870,,,,,mp-15622,0.0343,Hf2 Se6
3.8502,5.7582,2.4643,111.75575,"Full Formula (P4)
Reduced Formula: P
abc   :   3.322355   4.578869  22.120663
angles:  90.000000  90.000000  90.000000
pbc   :       True       True       True
Sites (4)
  #  SP       a         b          c  velocities
---  ----  ----  --------  ---------  ---------------
  0  P      0.5  0.086688  -0.000238  [0.0, 0.0, 0.0]
  1  P      0    0.586688   0.096106  [0.0, 0.0, 0.0]
  2  P      0.5  0.913312   0.096106  [0.0, 0.0, 0.0]
  3  P     -0    0.413312  -0.000238  [0.0, 0.0, 0.0]",0.112,"Full Formula (P4)
Reduced Formula: P
abc   :   3.306110   4.552418  22.120663
angles:  90.000000  90.000000  90.000000
pbc   :       True       True       True
Sites (4)
  #  SP      a         b         c
---  ----  ---  --------  --------
  0  P     0.5  0.086516  0
  1  P     0    0.586516  0.095868
  2  P     0.5  0.913484  0.095868
  3  P     0    0.413484  0",JVASP-60235,,,,,mp-157,0.848,P4
1.6062,1.6421,1.8002,245.3681429,"Full Formula (Nb2 O5)
Reduced Formula: Nb2O5
abc   :   3.860440   6.483589  24.146844
angles:  89.743071  90.000000 107.321133
pbc   :       True       True       True
Sites (7)
  #  SP           a         b         c  velocities
---  ----  --------  --------  --------  ---------------
  0  Nb    0.148819  0.297643  0.110587  [0.0, 0.0, 0.0]
  1  Nb    0.851269  0.702526  0.061159  [0.0, 0.0, 0.0]
  2  O     0.146276  0.29256   0.182386  [0.0, 0.0, 0.0]
  3  O     0.000146  0.000294  0.085708  [0.0, 0.0, 0.0]
  4  O     0.684377  0.368757  0.089403  [0.0, 0.0, 0.0]
  5  O     0.315846  0.631683  0.082494  [0.0, 0.0, 0.0]
  6  O     0.853266  0.706539  0.989355  [0.0, 0.0, 0.0]",-2.441,"Full Formula (Nb2 O5)
Reduced Formula: Nb2O5
abc   :   3.815370   6.648803  24.146844
angles:  89.749455  90.000000 106.673743
pbc   :       True       True       True
Sites (7)
  #  SP           a         b         c
---  ----  --------  --------  --------
  0  Nb    0.147185  0.294369  0.107507
  1  Nb    0.852815  0.705631  0.064234
  2  O     0.146012  0.292025  0.179319
  3  O     0         0         0.08587
  4  O     0.682276  0.364552  0.083283
  5  O     0.317724  0.635448  0.088458
  6  O     0.853988  0.707975  0.992422",JVASP-60236,,,,,mp-1595,3.1074,Nb2 O5
9.5614,9.548,6.5749,205.3895333,"Full Formula (Ba2 N1)
Reduced Formula: Ba2N
abc   :   3.971977   3.971977  25.826099
angles:  90.000000  90.000000 119.995605
pbc   :       True       True       True
Sites (3)
  #  SP           a          b         c  velocities
---  ----  --------  ---------  --------  ---------------
  0  Ba    5e-06     -5e-06     0.235759  [0.0, 0.0, 0.0]
  1  Ba    0.333319   0.666681  0.35341   [0.0, 0.0, 0.0]
  2  N     0.666676   0.333324  0.294581  [0.0, 0.0, 0.0]",-0.348,"Full Formula (Ba2 N1)
Reduced Formula: Ba2N
abc   :   4.064300   4.064300  25.826099
angles:  90.000000  90.000000 120.000000
pbc   :       True       True       True
Sites (3)
  #  SP         a       b         c
---  ----  ------  ------  --------
  0  Ba    0       0       0.23625
  1  Ba    0.3333  0.6667  0.352917
  2  N     0.6667  0.3333  0.294583",JVASP-27727,,,,,mp-1892,0.0862,Ba2 N1
3.3229,3.3229,2.873,221.5064286,"Full Formula (Ba2 Zr1 S4)
Reduced Formula: Ba2ZrS4
abc   :   4.917506   4.917506  25.889900
angles:  90.000000  90.000000  90.000000
pbc   :       True       True       True
Sites (7)
  #  SP      a     b         c  velocities
---  ----  ---  ----  --------  ---------------
  0  Ba    0     0    0.220522  [0.0, 0.0, 0.0]
  1  Ba    0    -0    0.393227  [0.0, 0.0, 0.0]
  2  S     0.5   0.5  0.206221  [0.0, 0.0, 0.0]
  3  S     0.5  -0    0.306874  [0.0, 0.0, 0.0]
  4  S     0     0.5  0.306874  [0.0, 0.0, 0.0]
  5  S     0.5   0.5  0.407528  [0.0, 0.0, 0.0]
  6  Zr    0.5   0.5  0.306874  [0.0, 0.0, 0.0]",-1.868,"Full Formula (Ba2 Zr1 S4)
Reduced Formula: Ba2ZrS4
abc   :   5.010900   5.010900  25.889900
angles:  90.000000  90.000000  90.000000
pbc   :       True       True       True
Sites (7)
  #  SP      a    b         c
---  ----  ---  ---  --------
  0  Ba    0    0    0.219906
  1  Ba    0    0    0.393843
  2  S     0.5  0.5  0.206711
  3  S     0.5  0    0.306874
  4  S     0    0.5  0.306874
  5  S     0.5  0.5  0.407038
  6  Zr    0.5  0.5  0.306874",JVASP-19579,0.7251,3.0029,3.0052,2.5622,mp-3813,0.5558,Ba2 S4 Zr1
20.043,19.9643,1.6518,464.3363333,"Full Formula (Ni2 P4)
Reduced Formula: NiP2
abc   :   5.567573   5.567704  20.605842
angles:  93.830750  90.000000  90.000000
pbc   :       True       True       True
Sites (6)
  #  SP           a          b         c  velocities
---  ----  --------  ---------  --------  ---------------
  0  Ni    0         -0         0.014701  [0.0, 0.0, 0.0]
  1  Ni    0.5        0.5       0.014701  [0.0, 0.0, 0.0]
  2  P     0.366807   0.866802  0.014684  [0.0, 0.0, 0.0]
  3  P     0.866807   0.633198  0.014717  [0.0, 0.0, 0.0]
  4  P     0.133193   0.366802  0.014684  [0.0, 0.0, 0.0]
  5  P     0.633193   0.133198  0.014717  [0.0, 0.0, 0.0]",0.092,"Full Formula (Ni2 P4)
Reduced Formula: NiP2
abc   :   5.517467   5.551438  20.605842
angles:  93.841991  90.000000  90.000000
pbc   :       True       True       True
Sites (6)
  #  SP           a         b         c
---  ----  --------  --------  --------
  0  Ni    0         0         0.014701
  1  Ni    0.5       0.5       0.014701
  2  P     0.367421  0.866146  0.012751
  3  P     0.867421  0.633854  0.01665
  4  P     0.132579  0.366146  0.012751
  5  P     0.632579  0.133854  0.01665",JVASP-60369,,,,,mp-486,0.217,Ni2 P4
1.3958,1.5323,1.4489,136.513,"Full Formula (Ag1 N1 O2)
Reduced Formula: AgNO2
abc   :   3.158280   4.899238  26.334500
angles:  90.000000  90.000000  90.000000
pbc   :       True       True       True
Sites (4)
  #  SP      a         b         c  velocities
---  ----  ---  --------  --------  ---------------
  0  Ag    0.5  0.543195  0.12027   [0.0, 0.0, 0.0]
  1  N     0.5  0.107803  0.12027   [0.0, 0.0, 0.0]
  2  O     0.5  0.974551  0.161023  [0.0, 0.0, 0.0]
  3  O     0.5  0.974551  0.079517  [0.0, 0.0, 0.0]",-0.025,"Full Formula (Ag1 N1 O2)
Reduced Formula: AgNO2
abc   :   3.908400   5.107300  26.334500
angles:  90.000000  90.000000  90.000000
pbc   :       True       True       True
Sites (4)
  #  SP      a       b         c
---  ----  ---  ------  --------
  0  Ag    0.5  0.5434  0.12027
  1  N     0.5  0.1071  0.12027
  2  O     0.5  0.9748  0.160897
  3  O     0.5  0.9748  0.079643",JVASP-19583,,,,,mp-5770,1.2378,Ag1 N1 O2
20.7524,20.7524,11.4611,1604.038286,"Full Formula (Mg2 Si1 O4)
Reduced Formula: Mg2SiO4
abc   :   3.497465   3.497465  27.510438
angles:  90.000000  90.000000  90.000000
pbc   :       True       True       True
Sites (7)
  #  SP      a     b         c  velocities
---  ----  ---  ----  --------  ---------------
  0  Mg    0.5   0.5  0.371813  [0.0, 0.0, 0.0]
  1  Mg    0.5   0.5  0.628187  [0.0, 0.0, 0.0]
  2  Si    0.5   0.5  0.5       [0.0, 0.0, 0.0]
  3  O     0.5   0.5  0.437453  [0.0, 0.0, 0.0]
  4  O     0.5   0.5  0.562547  [0.0, 0.0, 0.0]
  5  O     0.5  -0    0.5       [0.0, 0.0, 0.0]
  6  O     0     0.5  0.5       [0.0, 0.0, 0.0]",-1.063,"Full Formula (Mg2 Si1 O4)
Reduced Formula: Mg2SiO4
abc   :   3.499740   3.499740  27.510438
angles:  90.000000  90.000000  90.000000
pbc   :       True       True       True
Sites (7)
  #  SP      a    b         c
---  ----  ---  ---  --------
  0  Mg    0.5  0.5  0.363498
  1  Mg    0.5  0.5  0.636502
  2  Si    0.5  0.5  0.5
  3  O     0.5  0.5  0.434858
  4  O     0.5  0.5  0.565142
  5  O     0.5  0    0.5
  6  O     0    0.5  0.5",JVASP-28252,,,,,mp-7983,0.0146,Mg2 Si1 O4
7.7061,7.7061,5.5238,45.92945,"Full Formula (Ga2 Ge2 Te2)
Reduced Formula: GaGeTe
abc   :   4.106371   4.106371  28.289209
angles:  90.000000  90.000000 119.999994
pbc   :       True       True       True
Sites (6)
  #  SP            a         b         c  velocities
---  ----  ---------  --------  --------  ---------------
  0  Ga     0.666666  0.333334  0.247909  [0.0, 0.0, 0.0]
  1  Ga     0.333334  0.666666  0.045108  [0.0, 0.0, 0.0]
  2  Ge     0.666666  0.333334  0.160822  [0.0, 0.0, 0.0]
  3  Ge     0.333334  0.666666  0.132195  [0.0, 0.0, 0.0]
  4  Te    -0         0         0.292998  [0.0, 0.0, 0.0]
  5  Te    -0         0         1.9e-05   [0.0, 0.0, 0.0]",-0.187,"Full Formula (Ga2 Ge2 Te2)
Reduced Formula: GaGeTe
abc   :   4.126406   4.126406  28.289209
angles:  90.000000  90.000000 119.999994
pbc   :       True       True       True
Sites (6)
  #  SP           a         b         c
---  ----  --------  --------  --------
  0  Ga    0.666666  0.333334  0.248107
  1  Ga    0.333334  0.666666  0.04491
  2  Ge    0.666666  0.333334  0.160709
  3  Ge    0.333334  0.666666  0.132308
  4  Te    0         0         0.293017
  5  Te    0         0         0",JVASP-60595,1.4241,4.687,4.6858,4.0087,mp-8211,0.5378,Ga2 Ge2 Te2
4.5306,4.0661,2.5351,128.90485,"Full Formula (Sn4 S4)
Reduced Formula: SnS
abc   :   5.815576   5.885227  25.236193
angles:  90.000000  90.000000  90.000000
pbc   :       True       True       True
Sites (8)
  #  SP           a         b         c  velocities
---  ----  --------  --------  --------  ---------------
  0  Sn    0.210146  0.552059  0.280902  [0.0, 0.0, 0.0]
  1  Sn    0.210146  0.052059  0.164339  [0.0, 0.0, 0.0]
  2  Sn    0.710146  0.552059  0.164339  [0.0, 0.0, 0.0]
  3  Sn    0.710146  0.052059  0.280902  [0.0, 0.0, 0.0]
  4  S     0.210146  0.512957  0.178736  [0.0, 0.0, 0.0]
  5  S     0.210146  0.012957  0.266506  [0.0, 0.0, 0.0]
  6  S     0.710146  0.512957  0.266506  [0.0, 0.0, 0.0]
  7  S     0.710146  0.012957  0.178736  [0.0, 0.0, 0.0]",-0.414,"Full Formula (Sn4 S4)
Reduced Formula: SnS
abc   :   5.851293   5.923086  25.236193
angles:  90.000000  90.000000  90.000000
pbc   :       True       True       True
Sites (8)
  #  SP           a         b         c
---  ----  --------  --------  --------
  0  Sn    0.210146  0.551865  0.278536
  1  Sn    0.210146  0.051865  0.166705
  2  Sn    0.710146  0.551865  0.166705
  3  Sn    0.710146  0.051865  0.278536
  4  S     0.210146  0.513151  0.176606
  5  S     0.210146  0.013151  0.268636
  6  S     0.710146  0.513151  0.268636
  7  S     0.710146  0.013151  0.176606",JVASP-19586,,,,,mp-8781,1.5751,Sn4 S4
18.048,18.0481,9.8581,71.7172,"Full Formula (Te3 As2)
Reduced Formula: Te3As2
abc   :   4.074773   4.074773  30.306200
angles:  90.000000  90.000000 119.998136
pbc   :       True       True       True
Sites (5)
  #  SP           a          b         c  velocities
---  ----  --------  ---------  --------  ---------------
  0  As    1.2e-05   -1.2e-05   0.604265  [0.0, 0.0, 0.0]
  1  As    0.666675   0.333325  0.729058  [0.0, 0.0, 0.0]
  2  Te    0.666672   0.333328  0.551184  [0.0, 0.0, 0.0]
  3  Te    1e-06     -1e-06     0.78213   [0.0, 0.0, 0.0]
  4  Te    0.333339   0.666661  0.666664  [0.0, 0.0, 0.0]",0.064,"Full Formula (Te3 As2)
Reduced Formula: Te3As2
abc   :   4.089500   4.089500  30.306200
angles:  90.000000  90.000000 120.000000
pbc   :       True       True       True
Sites (5)
  #  SP         a       b       c
---  ----  ------  ------  ------
  0  As    0       0       0.6049
  1  As    0.6667  0.3333  0.7284
  2  Te    0.6667  0.3333  0.5519
  3  Te    0       0       0.7814
  4  Te    0.3333  0.6667  0.6667",JVASP-31420,,,,,mp-9897,0.7472,As2 Te3
3.5037,3.4592,2.8305,55.688125,"Full Formula (Hf2 S6)
Reduced Formula: HfS3
abc   :   5.126665   3.600863  29.706028
angles:  90.000000  97.019139  90.000000
pbc   :       True       True       True
Sites (8)
  #  SP           a     b         c  velocities
---  ----  --------  ----  --------  ---------------
  0  Hf    0.71678   0.25  0.116443  [0.0, 0.0, 0.0]
  1  Hf    0.28322   0.75  0.210293  [0.0, 0.0, 0.0]
  2  S     0.883802  0.75  0.063574  [0.0, 0.0, 0.0]
  3  S     0.474913  0.75  0.063571  [0.0, 0.0, 0.0]
  4  S     0.238553  0.25  0.147193  [0.0, 0.0, 0.0]
  5  S     0.761447  0.75  0.179543  [0.0, 0.0, 0.0]
  6  S     0.525087  0.25  0.263165  [0.0, 0.0, 0.0]
  7  S     0.116198  0.25  0.263162  [0.0, 0.0, 0.0]",-1.269,"Full Formula (Hf2 S6)
Reduced Formula: HfS3
abc   :   5.149210   3.611567  29.706028
angles:  90.000000  96.988253  90.000000
pbc   :       True       True       True
Sites (8)
  #  SP           a     b         c
---  ----  --------  ----  --------
  0  Hf    0.716894  0.25  0.11655
  1  Hf    0.283106  0.75  0.210186
  2  S     0.883513  0.75  0.063923
  3  S     0.478186  0.75  0.063461
  4  S     0.238634  0.25  0.14714
  5  S     0.761366  0.75  0.179596
  6  S     0.521814  0.25  0.263275
  7  S     0.116487  0.25  0.262813",JVASP-13551,,,,,mp-9922,1.2087,Hf2 S6
8.5711,8.5711,3.2334,67.29823333,"Full Formula (Ni1 S2)
Reduced Formula: NiS2
abc   :   3.336606   3.336606  22.362361
angles:  90.000000  90.000000 119.999992
pbc   :       True       True       True
Sites (3)
  #  SP           a         b         c  velocities
---  ----  --------  --------  --------  ---------------
  0  Ni    0.666667  0.333333  0.5       [0.0, 0.0, 0.0]
  1  S     0         0         0.553159  [0.0, 0.0, 0.0]
  2  S     0.333333  0.666667  0.446841  [0.0, 0.0, 0.0]",-0.219,"Full Formula (Ni1 S2)
Reduced Formula: NiS2
abc   :   3.343045   3.343045  22.362361
angles:  90.000000  90.000000 119.999992
pbc   :       True       True       True
Sites (3)
  #  SP           a         b        c
---  ----  --------  --------  -------
  0  Ni    0.666667  0.333333  0.5
  1  S     0         0         0.55282
  2  S     0.333333  0.666667  0.44718",JVASP-28295,,,,,mvc-11598,0.0314,Ni1 S2
1.7275,1.7275,1.4979,87.45933333,"Full Formula (Sn1 O2)
Reduced Formula: SnO2
abc   :   3.229618   3.229617  22.030751
angles:  90.000000  90.000000 119.999993
pbc   :       True       True       True
Sites (3)
  #  SP           a         b         c  velocities
---  ----  --------  --------  --------  ---------------
  0  Sn    0.333333  0.666667  0.5       [0.0, 0.0, 0.0]
  1  O     0         0         0.545682  [0.0, 0.0, 0.0]
  2  O     0.666667  0.333333  0.454318  [0.0, 0.0, 0.0]",-1.515,"Full Formula (Sn1 O2)
Reduced Formula: SnO2
abc   :   3.234187   3.234187  22.030751
angles:  90.000000  90.000000 119.999993
pbc   :       True       True       True
Sites (3)
  #  SP           a         b         c
---  ----  --------  --------  --------
  0  Sn    0.333333  0.666667  0.5
  1  O     0         0         0.546089
  2  O     0.666667  0.333333  0.453911",JVASP-28296,3.0525,1.6404,1.6411,1.4319,mvc-11686,2.6399,Sn1 O2
3.1074,2.9098,2.2396,80.67775,"Full Formula (Sb2 N2)
Reduced Formula: SbN
abc   :   3.327164   3.918511  22.492520
angles:  91.303268  91.550819  90.001012
pbc   :       True       True       True
Sites (4)
  #  SP           a         b         c  velocities
---  ----  --------  --------  --------  ---------------
  0  Sb    0.637802  0.792948  0.555364  [0.0, 0.0, 0.0]
  1  Sb    0.117555  0.278504  0.444647  [0.0, 0.0, 0.0]
  2  N     0.621736  0.973246  0.467532  [0.0, 0.0, 0.0]
  3  N     0.133611  0.48172   0.532479  [0.0, 0.0, 0.0]",0.411,"Full Formula (Sb2 N2)
Reduced Formula: SbN
abc   :   3.322500   3.910134  22.492520
angles:  91.306060  91.552996  90.217018
pbc   :       True       True       True
Sites (4)
  #  SP           a         b         c
---  ----  --------  --------  --------
  0  Sb    0.638368  0.79577   0.555128
  1  Sb    0.118244  0.279281  0.444872
  2  N     0.621125  0.970441  0.467114
  3  N     0.132967  0.480926  0.532908",JVASP-28311,,,,,mvc-15384,2.066,Sb2 N2
3.0904,3.2046,2.5351,151.9247375,"Full Formula (In2 Se2)
Reduced Formula: InSe
abc   :   4.069266   5.947395  20.091244
angles:  84.255800  83.968797  69.988848
pbc   :       True       True       True
Sites (4)
  #  SP           a         b         c  velocities
---  ----  --------  --------  --------  ---------------
  0  In    0.008793  0.03097   0.948847  [0.0, 0.0, 0.0]
  1  In    0.264522  0.5549    0.9145    [0.0, 0.0, 0.0]
  2  Se    0.888093  0.379039  0.845912  [0.0, 0.0, 0.0]
  3  Se    0.385205  0.206854  0.017436  [0.0, 0.0, 0.0]",-0.343,"Full Formula (In2 Se2)
Reduced Formula: InSe
abc   :   3.970185   5.948138  20.091244
angles:  84.256520  83.817702  70.313321
pbc   :       True       True       True
Sites (4)
  #  SP           a         b         c
---  ----  --------  --------  --------
  0  In    0.007253  0.033636  0.951124
  1  In    0.266055  0.552244  0.912223
  2  Se    0.899104  0.36686   0.843199
  3  Se    0.374202  0.219023  0.020148",JVASP-60251,2.4046,2.517,2.5662,2.132,mp-21405,1.7152,In2 Se2
1.8669,2.3424,2.1576,96.57843333,"Full Formula (Hg2 I4)
Reduced Formula: HgI2
abc   :   4.668497   7.457017  28.381700
angles:  90.000000  90.000000  90.000000
pbc   :       True       True       True
Sites (6)
  #  SP       a         b         c  velocities
---  ----  ----  --------  --------  ---------------
  0  Hg     0.5  0.155956  0.252745  [0.0, 0.0, 0.0]
  1  Hg    -0    0.655956  0.252745  [0.0, 0.0, 0.0]
  2  I      0.5  0.89647   0.187156  [0.0, 0.0, 0.0]
  3  I      0.5  0.414974  0.318463  [0.0, 0.0, 0.0]
  4  I      0    0.39647   0.187156  [0.0, 0.0, 0.0]
  5  I      0    0.914974  0.318463  [0.0, 0.0, 0.0]",-0.135,"Full Formula (Hg2 I4)
Reduced Formula: HgI2
abc   :   5.304400   7.652900  28.381700
angles:  90.000000  90.000000  90.000000
pbc   :       True       True       True
Sites (6)
  #  SP      a       b         c
---  ----  ---  ------  --------
  0  Hg    0.5  0.1563  0.252653
  1  Hg    0    0.6563  0.252653
  2  I     0.5  0.9078  0.187437
  3  I     0.5  0.4033  0.318274
  4  I     0    0.4078  0.187437
  5  I     0    0.9033  0.318274",JVASP-20004,,,,,mp-23173,1.8769,Hg2 I4
1.9548,1.9548,1.3693,181.1937675,"Full Formula (Cu1 Br1)
Reduced Formula: CuBr
abc   :   4.115437   4.115437  20.000000
angles:  90.000000  90.000000 120.000012
pbc   :       True       True       True
Sites (2)
  #  SP            a         b    c  velocities
---  ----  ---------  --------  ---  ---------------
  0  Br     0.666666  0.333334    0  [0.0, 0.0, 0.0]
  1  Cu    -0         0           0  [0.0, 0.0, 0.0]",-0.06,"Full Formula (Cu1 Br1)
Reduced Formula: CuBr
abc   :   4.099419   4.099419  20.000000
angles:  90.000000  90.000000 120.000012
pbc   :       True       True       True
Sites (2)
  #  SP           a         b    c
---  ----  --------  --------  ---
  0  Br    0.666666  0.333334    0
  1  Cu    0         0           0",JVASP-60261,,,,,mp-23227,1.1631,Br1 Cu1
15.9257,9.7674,2.5249,98.21425,"Full Formula (U2 I6)
Reduced Formula: UI3
abc   :   4.155775   9.948203  25.483896
angles:  90.000000  90.000000  90.000000
pbc   :       True       True       True
Sites (8)
  #  SP       a         b         c  velocities
---  ----  ----  --------  --------  ---------------
  0  U      0.5  0.25      0.14401   [0.0, 0.0, 0.0]
  1  U      0    0.75      0.159788  [0.0, 0.0, 0.0]
  2  I      0    0.25      0.053156  [0.0, 0.0, 0.0]
  3  I      0.5  0.566764  0.093649  [0.0, 0.0, 0.0]
  4  I      0.5  0.933236  0.093649  [0.0, 0.0, 0.0]
  5  I     -0    0.433236  0.210149  [0.0, 0.0, 0.0]
  6  I      0    0.066764  0.210149  [0.0, 0.0, 0.0]
  7  I      0.5  0.75      0.250641  [0.0, 0.0, 0.0]",-0.79,"Full Formula (U2 I6)
Reduced Formula: UI3
abc   :   4.215189  10.019929  25.483896
angles:  90.000000  90.000000  90.000000
pbc   :       True       True       True
Sites (8)
  #  SP      a         b         c
---  ----  ---  --------  --------
  0  U     0.5  0.25      0.144816
  1  U     0    0.75      0.158982
  2  I     0    0.25      0.054755
  3  I     0.5  0.567528  0.093962
  4  I     0.5  0.932472  0.093962
  5  I     0    0.432472  0.209836
  6  I     0    0.067528  0.209836
  7  I     0.5  0.75      0.249042",JVASP-19524,,,,,mp-23244,0.0014,U2 I6
1.8243,1.7752,1.6901,82.25175,"Full Formula (Tb2 Cl6)
Reduced Formula: TbCl3
abc   :   3.796760   8.503118  23.980671
angles:  90.000000  90.000000  90.000000
pbc   :       True       True       True
Sites (8)
  #  SP       a          b         c  velocities
---  ----  ----  ---------  --------  ---------------
  0  Tb     0     0.5       0.077668  [0.0, 0.0, 0.0]
  1  Tb     0.5  -0         0.088327  [0.0, 0.0, 0.0]
  2  Cl     0     0.817395  0.03216   [0.0, 0.0, 0.0]
  3  Cl     0.5   0.5       8.3e-05   [0.0, 0.0, 0.0]
  4  Cl    -0     0.182605  0.03216   [0.0, 0.0, 0.0]
  5  Cl     0.5   0.682605  0.133835  [0.0, 0.0, 0.0]
  6  Cl     0.5   0.317395  0.133835  [0.0, 0.0, 0.0]
  7  Cl     0    -0         0.165912  [0.0, 0.0, 0.0]",-2.294,"Full Formula (Tb2 Cl6)
Reduced Formula: TbCl3
abc   :   3.822814   8.578834  23.980671
angles:  90.000000  90.000000  90.000000
pbc   :       True       True       True
Sites (8)
  #  SP      a         b         c
---  ----  ---  --------  --------
  0  Tb    0    0.5       0.077833
  1  Tb    0.5  0         0.088162
  2  Cl    0    0.818422  0.032385
  3  Cl    0.5  0.5       0
  4  Cl    0    0.181578  0.032385
  5  Cl    0.5  0.681578  0.13361
  6  Cl    0.5  0.318422  0.13361
  7  Cl    0    0         0.165995",JVASP-60264,4.0538,1.7744,1.7099,1.6714,mp-23293,3.909,Tb2 Cl6
6.1641,6.1641,2.1024,46.23842857,"Full Formula (Sr2 Co1 Br2 O2)
Reduced Formula: Sr2Co(BrO)2
abc   :   3.896622   3.896622  27.354000
angles:  90.000000  90.000000  90.000000
pbc   :       True       True       True
Sites (7)
  #  SP       a     b         c  velocities
---  ----  ----  ----  --------  ---------------
  0  Br     0.5   0.5  0.196715  [0.0, 0.0, 0.0]
  1  Br     0.5   0.5  0.437708  [0.0, 0.0, 0.0]
  2  Co     0.5   0.5  0.317211  [0.0, 0.0, 0.0]
  3  O      0.5  -0    0.317211  [0.0, 0.0, 0.0]
  4  O      0     0.5  0.317211  [0.0, 0.0, 0.0]
  5  Sr     0    -0    0.252998  [0.0, 0.0, 0.0]
  6  Sr    -0    -0    0.381425  [0.0, 0.0, 0.0]",-2.068,"Full Formula (Sr2 Co1 Br2 O2)
Reduced Formula: Sr2Co(BrO)2
abc   :   4.110100   4.110100  27.354000
angles:  90.000000  90.000000  90.000000
pbc   :       True       True       True
Sites (7)
  #  SP      a    b         c
---  ----  ---  ---  --------
  0  Br    0.5  0.5  0.207964
  1  Br    0.5  0.5  0.426459
  2  Co    0.5  0.5  0.317211
  3  O     0.5  0    0.317211
  4  O     0    0.5  0.317211
  5  Sr    0    0    0.257195
  6  Sr    0    0    0.377228",JVASP-20012,,,,,mp-24866,0.1054,Br2 Co1 O2 Sr2
6.0043,6.0043,2.7848,66.8578,"Full Formula (Mn1 H2 O2)
Reduced Formula: Mn(HO)2
abc   :   3.307945   3.307945  24.123308
angles:  90.000000  90.000000 119.999997
pbc   :       True       True       True
Sites (5)
  #  SP           a          b         c  velocities
---  ----  --------  ---------  --------  ---------------
  0  Mn    0         -0         0.5       [0.0, 0.0, 0.0]
  1  H     0.666667   0.333333  0.415095  [0.0, 0.0, 0.0]
  2  H     0.333333   0.666667  0.584905  [0.0, 0.0, 0.0]
  3  O     0.666667   0.333333  0.455458  [0.0, 0.0, 0.0]
  4  O     0.333333   0.666667  0.544542  [0.0, 0.0, 0.0]",-1.065,"Full Formula (Mn1 H2 O2)
Reduced Formula: Mn(HO)2
abc   :   3.372762   3.372762  24.123308
angles:  90.000000  90.000000 119.999996
pbc   :       True       True       True
Sites (5)
  #  SP           a         b         c
---  ----  --------  --------  --------
  0  Mn    0         0         0.5
  1  H     0.666667  0.333333  0.414537
  2  H     0.333333  0.666667  0.585463
  3  O     0.666667  0.333333  0.454991
  4  O     0.333333  0.666667  0.545009",JVASP-27913,,,,,mp-25546,0.0401,Mn1 H2 O2
23.9401,23.9401,5.1268,54.80575,"Full Formula (Tb2 Cl2)
Reduced Formula: TbCl
abc   :   3.727633   3.727632  26.291708
angles:  90.000000  90.000000 120.000001
pbc   :       True       True       True
Sites (4)
  #  SP            a         b         c  velocities
---  ----  ---------  --------  --------  ---------------
  0  Tb     0.666667  0.333333  0.447034  [0.0, 0.0, 0.0]
  1  Tb    -0         0         0.552966  [0.0, 0.0, 0.0]
  2  Cl     0.333333  0.666667  0.38017   [0.0, 0.0, 0.0]
  3  Cl     0.333333  0.666667  0.61983   [0.0, 0.0, 0.0]",-1.457,"Full Formula (Tb2 Cl2)
Reduced Formula: TbCl
abc   :   3.770020   3.770020  26.291708
angles:  90.000000  90.000000 120.000001
pbc   :       True       True       True
Sites (4)
  #  SP           a         b         c
---  ----  --------  --------  --------
  0  Tb    0.666667  0.333333  0.446524
  1  Tb    0         0         0.553476
  2  Cl    0.333333  0.666667  0.380348
  3  Cl    0.333333  0.666667  0.619652",JVASP-27926,,,,,mp-27923,0.1019,Tb2 Cl2
2.1912,2.1912,1.8113,45.2812,"Full Formula (Np1 O2 F2)
Reduced Formula: Np(OF)2
abc   :   4.194419   4.194419  23.544325
angles:  90.000000  90.000000 119.999992
pbc   :       True       True       True
Sites (5)
  #  SP           a         b         c  velocities
---  ----  --------  --------  --------  ---------------
  0  Np    0.666667  0.333333  0.5       [0.0, 0.0, 0.0]
  1  O     0.666667  0.333333  0.57537   [0.0, 0.0, 0.0]
  2  O     0.666667  0.333333  0.42463   [0.0, 0.0, 0.0]
  3  F     0         0         0.500001  [0.0, 0.0, 0.0]
  4  F     0.333333  0.666667  0.5       [0.0, 0.0, 0.0]",,"Full Formula (Np1 O2 F2)
Reduced Formula: Np(OF)2
abc   :   4.225139   4.225139  23.544325
angles:  90.000000  90.000000 119.999992
pbc   :       True       True       True
Sites (5)
  #  SP           a         b         c
---  ----  --------  --------  --------
  0  Np    0.666667  0.333333  0.5
  1  O     0.666667  0.333333  0.575269
  2  O     0.666667  0.333333  0.424731
  3  F     0         0         0.500206
  4  F     0.333333  0.666667  0.499795",JVASP-27928,0.0247,3.3629,3.3661,1.7718,mp-27986,0.107,Np1 O2 F2
2.1077,2.4487,2.2553,65.89544444,"Full Formula (Pt1 S2 Cl6)
Reduced Formula: Pt(SCl3)2
abc   :   4.509304   6.503089  28.399102
angles: 105.088073  97.597599  95.023692
pbc   :       True       True       True
Sites (9)
  #  SP           a          b         c  velocities
---  ----  --------  ---------  --------  ---------------
  0  Pt    0.5        0.5       0.147876  [0.0, 0.0, 0.0]
  1  S     0.186077   0.252959  0.085358  [0.0, 0.0, 0.0]
  2  S     0.813923   0.747041  0.210394  [0.0, 0.0, 0.0]
  3  Cl    0.224146   0.308368  0.018538  [0.0, 0.0, 0.0]
  4  Cl    0.803144   0.635219  0.099852  [0.0, 0.0, 0.0]
  5  Cl    0.406824  -0.016889  0.080308  [0.0, 0.0, 0.0]
  6  Cl    0.593176   0.016889  0.215444  [0.0, 0.0, 0.0]
  7  Cl    0.196856   0.364781  0.195901  [0.0, 0.0, 0.0]
  8  Cl    0.775854   0.691632  0.277214  [0.0, 0.0, 0.0]",-0.216,"Full Formula (Pt1 S2 Cl6)
Reduced Formula: Pt(SCl3)2
abc   :   4.894850   6.949180  28.399102
angles: 104.098746  96.996047  92.981017
pbc   :       True       True       True
Sites (9)
  #  SP           a         b         c
---  ----  --------  --------  --------
  0  Pt    0.5       0.5       0.147876
  1  S     0.216888  0.273797  0.087519
  2  S     0.783112  0.726203  0.208233
  3  Cl    0.250525  0.321485  0.02044
  4  Cl    0.77669   0.626921  0.099549
  5  Cl    0.407296  0.014527  0.083224
  6  Cl    0.592704  0.985473  0.212528
  7  Cl    0.22331   0.373079  0.196204
  8  Cl    0.749475  0.678515  0.275312",JVASP-19557,2.1596,1.9814,2.215,2.1862,mp-28722,1.7775,Pt1 S2 Cl6
1.7131,1.4047,1.3032,135.7316667,"Full Formula (Au1 C1 N1)
Reduced Formula: AuCN
abc   :   5.079791   3.377738  30.984700
angles: 122.821222  90.000000  90.000000
pbc   :       True       True       True
Sites (3)
  #  SP           a    b         c  velocities
---  ----  --------  ---  --------  ---------------
  0  Au    0.019216    0  0.118162  [0.0, 0.0, 0.0]
  1  C     0.398684    0  0.118162  [0.0, 0.0, 0.0]
  2  N     0.6281      0  0.118162  [0.0, 0.0, 0.0]",0.481,"Full Formula (Au1 C1 N1)
Reduced Formula: AuCN
abc   :   5.113500   3.661600  30.984700
angles: 120.000000  90.000000  90.000000
pbc   :       True       True       True
Sites (3)
  #  SP         a    b         c
---  ----  ------  ---  --------
  0  Au    0.0191    0  0.118162
  1  C     0.3993    0  0.118162
  2  N     0.6276    0  0.118162",JVASP-20029,,,,,mp-29196,2.1703,Au1 C1 N1
1.0614,1.5029,1.0595,213.5570667,"Full Formula (Kr1 F2)
Reduced Formula: KrF2
abc   :   4.279317   6.805670  24.383300
angles:  90.000000  90.000000  90.000000
pbc   :       True       True       True
Sites (3)
  #  SP      a         b         c  velocities
---  ----  ---  --------  --------  ---------------
  0  F     0.5  0.215268  0.089883  [0.0, 0.0, 0.0]
  1  F     0.5  0.784732  0.089883  [0.0, 0.0, 0.0]
  2  Kr    0.5  0.5       0.089883  [0.0, 0.0, 0.0]",0.085,"Full Formula (Kr1 F2)
Reduced Formula: KrF2
abc   :   4.383300   6.668200  24.383300
angles:  90.000000  90.000000  90.000000
pbc   :       True       True       True
Sites (3)
  #  SP      a       b         c
---  ----  ---  ------  --------
  0  F     0.5  0.2096  0.089883
  1  F     0.5  0.7904  0.089883
  2  Kr    0.5  0.5     0.089883",JVASP-20040,,,,,mp-30009,3.0112,F2 Kr1
1.4774,1.4774,1.5246,33.91985714,"Full Formula (Mg2 H2 O3)
Reduced Formula: Mg2H2O3
abc   :   3.078208   3.078208  26.500428
angles:  90.000000  90.000000 119.999996
pbc   :       True       True       True
Sites (7)
  #  SP            a         b         c  velocities
---  ----  ---------  --------  --------  ---------------
  0  Mg     0.666667  0.333333  0.453822  [0.0, 0.0, 0.0]
  1  Mg     0.333333  0.666667  0.546178  [0.0, 0.0, 0.0]
  2  H      0.333333  0.666667  0.377759  [0.0, 0.0, 0.0]
  3  H      0.666667  0.333333  0.622241  [0.0, 0.0, 0.0]
  4  O      0.333333  0.666667  0.414291  [0.0, 0.0, 0.0]
  5  O     -0         0         0.5       [0.0, 0.0, 0.0]
  6  O      0.666667  0.333333  0.585709  [0.0, 0.0, 0.0]",-2.122,"Full Formula (Mg2 H2 O3)
Reduced Formula: Mg2H2O3
abc   :   3.099629   3.099628  26.500428
angles:  90.000000  90.000000 119.999996
pbc   :       True       True       True
Sites (7)
  #  SP           a         b         c
---  ----  --------  --------  --------
  0  Mg    0.666667  0.333333  0.453663
  1  Mg    0.333333  0.666667  0.546337
  2  H     0.333333  0.666667  0.377352
  3  H     0.666667  0.333333  0.622648
  4  O     0.333333  0.666667  0.413898
  5  O     0         0         0.5
  6  O     0.666667  0.333333  0.586102",JVASP-27957,4.0234,1.4815,1.4814,1.4824,mp-30244,2.5227,Mg2 H2 O3
11.753,11.753,2.0695,65.1116,"Full Formula (Ni1 H2 O2)
Reduced Formula: Ni(HO)2
abc   :   3.125072   3.125072  24.602147
angles:  90.000000  90.000000 120.000004
pbc   :       True       True       True
Sites (5)
  #  SP           a         b         c  velocities
---  ----  --------  --------  --------  ---------------
  0  Ni    0.148117  0.84048   0.093531  [0.0, 0.0, 0.0]
  1  H     0.814784  0.173813  0.174123  [0.0, 0.0, 0.0]
  2  H     0.48145   0.507147  0.01294   [0.0, 0.0, 0.0]
  3  O     0.814784  0.173813  0.134544  [0.0, 0.0, 0.0]
  4  O     0.48145   0.507147  0.052519  [0.0, 0.0, 0.0]",-0.793,"Full Formula (Ni1 H2 O2)
Reduced Formula: Ni(HO)2
abc   :   3.161350   3.161350  24.602147
angles:  90.000000  90.000000 120.000008
pbc   :       True       True       True
Sites (5)
  #  SP           a         b         c
---  ----  --------  --------  --------
  0  Ni    0.148117  0.84048   0.093531
  1  H     0.814784  0.173813  0.174595
  2  H     0.48145   0.507147  0.012468
  3  O     0.814784  0.173813  0.135016
  4  O     0.48145   0.507147  0.052047",JVASP-27754,,,,,mp-32403,0.0202,Ni1 H2 O2
4.0623,4.0623,3.1133,105.2252,"Full Formula (Bi1 Te1 Br1)
Reduced Formula: BiTeBr
abc   :   4.310873   4.310873  23.590555
angles:  90.000000  90.000000 120.000105
pbc   :       True       True       True
Sites (3)
  #  SP            a         b         c  velocities
---  ----  ---------  --------  --------  ---------------
  0  Bi    -2e-06     2e-06     0.077661  [0.0, 0.0, 0.0]
  1  Br     0.333334  0.666666  1.3e-05   [0.0, 0.0, 0.0]
  2  Te     0.666667  0.333333  0.152933  [0.0, 0.0, 0.0]",-0.399,"Full Formula (Bi1 Te1 Br1)
Reduced Formula: BiTeBr
abc   :   4.357900   4.357900  23.590555
angles:  90.000000  90.000000 119.999999
pbc   :       True       True       True
Sites (3)
  #  SP           a         b         c
---  ----  --------  --------  --------
  0  Bi    0         0         0.078404
  1  Br    0.333334  0.666666  0
  2  Te    0.666666  0.333334  0.152203",JVASP-60360,2.0203,3.586,3.5819,2.803,mp-33723,1.6457,Bi1 Br1 Te1
10.6175,9.8764,2.9373,92.57233333,"Full Formula (Ti1 Nb1 S4)
Reduced Formula: TiNbS4
abc   :   3.394783   5.896907  23.018220
angles:  89.742412  90.000000  90.000000
pbc   :       True       True       True
Sites (6)
  #  SP      a         b          c  velocities
---  ----  ---  --------  ---------  ---------------
  0  Ti    0    0          0.934439  [0.0, 0.0, 0.0]
  1  Nb    0.5  0.5        0.934439  [0.0, 0.0, 0.0]
  2  S     0    0.325973  -5.4e-05   [0.0, 0.0, 0.0]
  3  S     0.5  0.163084   0.870701  [0.0, 0.0, 0.0]
  4  S     0.5  0.836916   0.998176  [0.0, 0.0, 0.0]
  5  S     0    0.674027   0.868931  [0.0, 0.0, 0.0]",-1.163,"Full Formula (Ti1 Nb1 S4)
Reduced Formula: TiNbS4
abc   :   3.385413   5.882045  23.018220
angles:  89.741761  90.000000  90.000000
pbc   :       True       True       True
Sites (6)
  #  SP      a         b         c
---  ----  ---  --------  --------
  0  Ti    0    0         0.934439
  1  Nb    0.5  0.5       0.934439
  2  S     0    0.327694  0
  3  S     0.5  0.161816  0.870471
  4  S     0.5  0.838184  0.998406
  5  S     0    0.672306  0.868877",JVASP-60362,,,,,mp-34289,0.0073,Ti1 Nb1 S4
3.6058,3.7816,3.574,35.457875,"Full Formula (Nb2 I2 O4)
Reduced Formula: NbIO2
abc   :   3.962254   3.813287  27.400150
angles:  90.000000  90.000000  90.000000
pbc   :       True       True       True
Sites (8)
  #  SP           a     b         c  velocities
---  ----  --------  ----  --------  ---------------
  0  Nb    0.457848  0.75  0.551636  [0.0, 0.0, 0.0]
  1  Nb    0.542152  0.25  0.448364  [0.0, 0.0, 0.0]
  2  I     0.502515  0.25  0.635025  [0.0, 0.0, 0.0]
  3  I     0.497485  0.75  0.364975  [0.0, 0.0, 0.0]
  4  O     0.995151  0.75  0.55683   [0.0, 0.0, 0.0]
  5  O     0.493744  0.75  0.475175  [0.0, 0.0, 0.0]
  6  O     0.506256  0.25  0.524825  [0.0, 0.0, 0.0]
  7  O     0.004849  0.25  0.44317   [0.0, 0.0, 0.0]",-2.02,"Full Formula (Nb2 I2 O4)
Reduced Formula: NbIO2
abc   :   4.003707   3.811867  27.400150
angles:  90.000000  90.000000  90.000000
pbc   :       True       True       True
Sites (8)
  #  SP           a     b         c
---  ----  --------  ----  --------
  0  Nb    0.450551  0.75  0.551567
  1  Nb    0.549449  0.25  0.448433
  2  I     0.505002  0.25  0.635038
  3  I     0.494998  0.75  0.364962
  4  O     0.998831  0.75  0.55694
  5  O     0.493778  0.75  0.475154
  6  O     0.506222  0.25  0.524846
  7  O     0.001169  0.25  0.44306",JVASP-28028,0.917,3.5888,3.825,3.5354,mp-557685,0.8725,Nb2 I2 O4
43.1056,43.1056,15.1049,52.761,"Full Formula (Np2 I2 O2)
Reduced Formula: NpIO
abc   :   3.980006   3.980006  26.080417
angles:  90.000000  90.000000  90.000000
pbc   :       True       True       True
Sites (6)
  #  SP      a     b          c  velocities
---  ----  ---  ----  ---------  ---------------
  0  I     0.5   0     0.233238  [0.0, 0.0, 0.0]
  1  I     0     0.5  -9.7e-05   [0.0, 0.0, 0.0]
  2  Np    0.5  -0     0.071169  [0.0, 0.0, 0.0]
  3  Np    0     0.5   0.161972  [0.0, 0.0, 0.0]
  4  O     0.5   0.5   0.116571  [0.0, 0.0, 0.0]
  5  O     0     0     0.116571  [0.0, 0.0, 0.0]",,"Full Formula (Np2 I2 O2)
Reduced Formula: NpIO
abc   :   3.991098   3.991098  26.080417
angles:  90.000000  90.000000  90.000000
pbc   :       True       True       True
Sites (6)
  #  SP      a    b         c
---  ----  ---  ---  --------
  0  I     0.5  0    0.232864
  1  I     0    0.5  0.000277
  2  Np    0.5  0    0.071329
  3  Np    0    0.5  0.161812
  4  O     0.5  0.5  0.116571
  5  O     0    0    0.116571",JVASP-60413,0.0018,138.0291,134.8854,31.6818,mp-556939,0.0342,I2 Np2 O2
2.8799,2.68,2.8109,95.85415,"Full Formula (Th4 Te8 I8)
Reduced Formula: Th(TeI)2
abc   :   7.732533  14.325223  26.434290
angles:  90.000000 109.351208  90.000000
pbc   :       True       True       True
Sites (20)
  #  SP           a          b         c  velocities
---  ----  --------  ---------  --------  ---------------
  0  Th    0          0.143148  0.5       [0.0, 0.0, 0.0]
  1  Th    0          0.856852  0.5       [0.0, 0.0, 0.0]
  2  Th    0.5        0.356852  0.5       [0.0, 0.0, 0.0]
  3  Th    0.5        0.643148  0.5       [0.0, 0.0, 0.0]
  4  Te    0.872248  -0         0.400165  [0.0, 0.0, 0.0]
  5  Te    0.127752  -0         0.599835  [0.0, 0.0, 0.0]
  6  Te    0.338527  -0         0.533146  [0.0, 0.0, 0.0]
  7  Te    0.661473  -0         0.466854  [0.0, 0.0, 0.0]
  8  Te    0.372248   0.5       0.400165  [0.0, 0.0, 0.0]
  9  Te    0.627752   0.5       0.599835  [0.0, 0.0, 0.0]
 10  Te    0.838527   0.5       0.533146  [0.0, 0.0, 0.0]
 11  Te    0.161473   0.5       0.466854  [0.0, 0.0, 0.0]
 12  I     0.767852   0.208183  0.575805  [0.0, 0.0, 0.0]
 13  I     0.232148   0.208183  0.424195  [0.0, 0.0, 0.0]
 14  I     0.732148   0.291817  0.424195  [0.0, 0.0, 0.0]
 15  I     0.267852   0.291817  0.575805  [0.0, 0.0, 0.0]
 16  I     0.267852   0.708183  0.575805  [0.0, 0.0, 0.0]
 17  I     0.732148   0.708183  0.424195  [0.0, 0.0, 0.0]
 18  I     0.232148   0.791817  0.424195  [0.0, 0.0, 0.0]
 19  I     0.767852   0.791817  0.575805  [0.0, 0.0, 0.0]",-0.936,"Full Formula (Th4 Te8 I8)
Reduced Formula: Th(TeI)2
abc   :   7.837476  14.475167  26.434290
angles:  90.000000 109.081995  90.000000
pbc   :       True       True       True
Sites (20)
  #  SP           a         b         c
---  ----  --------  --------  --------
  0  Th    0         0.142783  0.5
  1  Th    0         0.857217  0.5
  2  Th    0.5       0.357217  0.5
  3  Th    0.5       0.642783  0.5
  4  Te    0.880065  0         0.400292
  5  Te    0.119935  0         0.599708
  6  Te    0.331373  0         0.534186
  7  Te    0.668627  0         0.465814
  8  Te    0.380065  0.5       0.400292
  9  Te    0.619935  0.5       0.599708
 10  Te    0.831373  0.5       0.534186
 11  Te    0.168627  0.5       0.465814
 12  I     0.769402  0.209602  0.574636
 13  I     0.230598  0.209602  0.425364
 14  I     0.730598  0.290398  0.425364
 15  I     0.269402  0.290398  0.574636
 16  I     0.269402  0.709602  0.574636
 17  I     0.730598  0.709602  0.425364
 18  I     0.230598  0.790398  0.425364
 19  I     0.769402  0.790398  0.574636",JVASP-28006,1.7114,2.5497,2.4427,2.4874,mp-542180,1.4611,Th4 Te8 I8
4.4979,4.2377,2.5781,78.16296667,"Full Formula (Tl4 O2)
Reduced Formula: Tl2O
abc   :   6.161997   3.556347  23.094695
angles:  90.000000  94.804109  90.000000
pbc   :       True       True       True
Sites (6)
  #  SP           a     b         c  velocities
---  ----  --------  ----  --------  ---------------
  0  Tl    0.556647   0    0.566539  [0.0, 0.0, 0.0]
  1  Tl    0.348442   0.5  0.43356   [0.0, 0.0, 0.0]
  2  Tl    0.056647   0.5  0.566539  [0.0, 0.0, 0.0]
  3  Tl    0.848442  -0    0.43356   [0.0, 0.0, 0.0]
  4  O     0.202574  -0    0.500046  [0.0, 0.0, 0.0]
  5  O     0.702574   0.5  0.500046  [0.0, 0.0, 0.0]",-0.602,"Full Formula (Tl4 O2)
Reduced Formula: Tl2O
abc   :   6.274198   3.635267  23.094695
angles:  90.000000  94.718002  90.000000
pbc   :       True       True       True
Sites (6)
  #  SP           a    b         c
---  ----  --------  ---  --------
  0  Tl    0.556116  0    0.565528
  1  Tl    0.350577  0.5  0.434472
  2  Tl    0.056116  0.5  0.565528
  3  Tl    0.850577  0    0.434472
  4  O     0.20097   0    0.500145
  5  O     0.70097   0.5  0.500145",JVASP-28013,,,,,mp-551470,1.1372,Tl4 O2
2.0135,2.0135,1.9591,35.05733333,"Full Formula (Y2 Cl2 O2)
Reduced Formula: YClO
abc   :   3.797329   3.797375  26.366304
angles:  90.000000  90.000000 119.999615
pbc   :       True       True       True
Sites (6)
  #  SP           a         b         c  velocities
---  ----  --------  --------  --------  ---------------
  0  Cl    1e-06     2e-06     0.7589    [0.0, 0.0, 0.0]
  1  Cl    0.999999  0.999997  0.999628  [0.0, 0.0, 0.0]
  2  O     0.666662  0.333324  0.846959  [0.0, 0.0, 0.0]
  3  O     0.333338  0.666676  0.911598  [0.0, 0.0, 0.0]
  4  Y     0.333332  0.666664  0.824743  [0.0, 0.0, 0.0]
  5  Y     0.666667  0.333336  0.933803  [0.0, 0.0, 0.0]",-3.285,"Full Formula (Y2 Cl2 O2)
Reduced Formula: YClO
abc   :   3.827306   3.827306  26.366304
angles:  90.000000  90.000000 120.000002
pbc   :       True       True       True
Sites (6)
  #  SP           a         b         c
---  ----  --------  --------  --------
  0  Cl    0         0         0.758544
  1  Cl    0         0         0
  2  O     0.666666  0.333332  0.846754
  3  O     0.333334  0.666668  0.91179
  4  Y     0.333334  0.666668  0.824605
  5  Y     0.666666  0.333332  0.933938",JVASP-60402,4.8202,1.8997,1.9011,1.8266,mp-552120,4.4197,Cl2 O2 Y2
1.8814,1.946,1.7076,177.2529,"Full Formula (Sr2 Bi2 Br2 O4)
Reduced Formula: SrBiBrO2
abc   :   5.639834   5.992652  26.464309
angles:  89.999445  90.000000  90.000000
pbc   :       True       True       True
Sites (10)
  #  SP            a          b         c  velocities
---  ----  ---------  ---------  --------  ---------------
  0  Sr     0.75       0.499982  0.831289  [0.0, 0.0, 0.0]
  1  Sr     0.25       0.500018  0.924445  [0.0, 0.0, 0.0]
  2  Bi     0.25       1.4e-05   0.836956  [0.0, 0.0, 0.0]
  3  Bi     0.75      -1.4e-05   0.918779  [0.0, 0.0, 0.0]
  4  Br     0.75       0.500095  0.985157  [0.0, 0.0, 0.0]
  5  Br     0.25       0.499905  0.770578  [0.0, 0.0, 0.0]
  6  O      1e-06      0.225698  0.877868  [0.0, 0.0, 0.0]
  7  O      0.500001   0.774302  0.877866  [0.0, 0.0, 0.0]
  8  O     -1e-06      0.774302  0.877866  [0.0, 0.0, 0.0]
  9  O      0.499999   0.225698  0.877868  [0.0, 0.0, 0.0]",-1.938,"Full Formula (Sr2 Bi2 Br2 O4)
Reduced Formula: SrBiBrO2
abc   :   5.563131   5.887852  26.464309
angles:  89.999436  90.000000  90.000000
pbc   :       True       True       True
Sites (10)
  #  SP           a         b         c
---  ----  --------  --------  --------
  0  Sr    0.75      0.499379  0.82735
  1  Sr    0.25      0.500621  0.928384
  2  Bi    0.25      0.000351  0.836139
  3  Bi    0.75      0.999649  0.919596
  4  Br    0.75      0.500758  0.994572
  5  Br    0.25      0.499242  0.761163
  6  O     0.000324  0.230299  0.878075
  7  O     0.500324  0.769701  0.877659
  8  O     0.999676  0.769701  0.877659
  9  O     0.499676  0.230299  0.878075",JVASP-60403,4.7519,1.6508,1.7008,1.5314,mp-552234,1.8057,Sr2 Bi2 Br2 O4
2.9643,2.9643,2.7842,45.272,"Full Formula (Sm2 S2 I2)
Reduced Formula: SmSI
abc   :   4.559106   4.559106  27.566553
angles:  90.000000  90.000000 120.000000
pbc   :       True       True       True
Sites (6)
  #  SP            a          b         c  velocities
---  ----  ---------  ---------  --------  ---------------
  0  Sm     0.333333   0.666667  0.434549  [0.0, 0.0, 0.0]
  1  Sm    -0         -0         0.565451  [0.0, 0.0, 0.0]
  2  S      0          0         0.462522  [0.0, 0.0, 0.0]
  3  S      0.333333   0.666667  0.537477  [0.0, 0.0, 0.0]
  4  I      0.666667   0.333333  0.361832  [0.0, 0.0, 0.0]
  5  I      0.666667   0.333333  0.638168  [0.0, 0.0, 0.0]",-1.859,"Full Formula (Sm2 S2 I2)
Reduced Formula: SmSI
abc   :   4.606008   4.606008  27.566553
angles:  90.000000  90.000000 120.000000
pbc   :       True       True       True
Sites (6)
  #  SP           a         b         c
---  ----  --------  --------  --------
  0  Sm    0.333333  0.666667  0.435443
  1  Sm    0         0         0.564557
  2  S     0         0         0.461944
  3  S     0.333333  0.666667  0.538055
  4  I     0.666667  0.333333  0.362758
  5  I     0.666667  0.333333  0.637242",JVASP-28000,2.8706,2.8678,2.8688,2.5908,mp-541073,2.6789,Sm2 S2 I2
,,,65.9709125,"Full Formula (Ga2 Te2)
Reduced Formula: GaTe
abc   :   4.111786   4.111785  26.425570
angles:  90.000000  90.000000 120.000004
pbc   :       True       True       True
Sites (4)
  #  SP           a         b         c  velocities
---  ----  --------  --------  --------  ---------------
  0  Ga    0.333333  0.666667  0.127887  [0.0, 0.0, 0.0]
  1  Ga    0.333333  0.666667  0.220745  [0.0, 0.0, 0.0]
  2  Te    0.666667  0.333333  0.079473  [0.0, 0.0, 0.0]
  3  Te    0.666667  0.333333  0.269159  [0.0, 0.0, 0.0]",-0.278,"Full Formula (Ga2 Te2)
Reduced Formula: GaTe
abc   :   4.134600   4.134599  26.425570
angles:  90.000000  90.000000 120.000004
pbc   :       True       True       True
Sites (4)
  #  SP           a         b         c
---  ----  --------  --------  --------
  0  Ga    0.333333  0.666667  0.127571
  1  Ga    0.333333  0.666667  0.221061
  2  Te    0.666667  0.333333  0.079346
  3  Te    0.666667  0.333333  0.269286",JVASP-6838,,,,,mp-10009,,Ga2 Te2
3.0317,3.0317,2.5824,92.9285,"Full Formula (Nb1 S2)
Reduced Formula: NbS2
abc   :   3.362309   3.362309  33.393788
angles:  90.000000  90.000000 120.000019
pbc   :       True       True       True
Sites (3)
  #  SP           a         b         c  velocities
---  ----  --------  --------  --------  ---------------
  0  Nb    0         0         0.100272  [0.0, 0.0, 0.0]
  1  S     0.666667  0.333333  0.053245  [0.0, 0.0, 0.0]
  2  S     0.666667  0.333333  0.147298  [0.0, 0.0, 0.0]",-1.03,"Full Formula (Nb1 S2)
Reduced Formula: NbS2
abc   :   3.360975   3.360975  33.393788
angles:  90.000000  90.000000 120.000019
pbc   :       True       True       True
Sites (3)
  #  SP           a         b         c
---  ----  --------  --------  --------
  0  Nb    0         0         0.100272
  1  S     0.666667  0.333333  0.053373
  2  S     0.666667  0.333333  0.14717",JVASP-646,,,,,mp-10033,0.0801,Nb1 S2
23.1684,23.1684,3.1431,101.1783333,"Full Formula (Nb1 Se2)
Reduced Formula: NbSe2
abc   :   3.501821   3.501821  24.738550
angles:  90.000000  90.000000 120.000008
pbc   :       True       True       True
Sites (3)
  #  SP           a         b         c  velocities
---  ----  --------  --------  --------  ---------------
  0  Nb    0.523874  0.115553  0.136195  [0.0, 0.0, 0.0]
  1  Se    0.190541  0.448886  0.203789  [0.0, 0.0, 0.0]
  2  Se    0.857207  0.78222   0.068602  [0.0, 0.0, 0.0]",-0.735,"Full Formula (Nb1 Se2)
Reduced Formula: NbSe2
abc   :   3.487511   3.487511  24.738550
angles:  90.000000  90.000000 120.000008
pbc   :       True       True       True
Sites (3)
  #  SP           a         b         c
---  ----  --------  --------  --------
  0  Nb    0.523874  0.115553  0.136195
  1  Se    0.190541  0.448886  0.204168
  2  Se    0.857207  0.78222   0.068223",JVASP-19510,,,,,mp-10228,0.2159,Nb1 Se2
4.4362,4.4362,2.6392,107.5792333,"Full Formula (Pt1 Se2)
Reduced Formula: PtSe2
abc   :   3.723133   3.723133  30.117971
angles:  90.000000  90.000000 120.000010
pbc   :       True       True       True
Sites (3)
  #  SP           a         b         c  velocities
---  ----  --------  --------  --------  ---------------
  0  Pt    0         0         0.135422  [0.0, 0.0, 0.0]
  1  Se    0.666667  0.333333  0.179839  [0.0, 0.0, 0.0]
  2  Se    0.333333  0.666667  0.091006  [0.0, 0.0, 0.0]",-0.272,"Full Formula (Pt1 Se2)
Reduced Formula: PtSe2
abc   :   3.761025   3.761025  30.117971
angles:  90.000000  90.000000 120.000010
pbc   :       True       True       True
Sites (3)
  #  SP           a         b         c
---  ----  --------  --------  --------
  0  Pt    0         0         0.135422
  1  Se    0.666667  0.333333  0.178808
  2  Se    0.333333  0.666667  0.092037",JVASP-744,,,,,mp-1115,1.3617,Pt1 Se2
13.4135,13.4135,2.8226,96.41066667,"Full Formula (Ta1 Se2)
Reduced Formula: TaSe2
abc   :   3.506698   3.506697  26.821600
angles:  90.000000  90.000000 120.000005
pbc   :       True       True       True
Sites (3)
  #  SP           a         b         c  velocities
---  ----  --------  --------  --------  ---------------
  0  Ta    0.537576  0.125584  0.127166  [0.0, 0.0, 0.0]
  1  Se    0.870909  0.792251  0.188642  [0.0, 0.0, 0.0]
  2  Se    0.204243  0.458917  0.06569   [0.0, 0.0, 0.0]",-0.708,"Full Formula (Ta1 Se2)
Reduced Formula: TaSe2
abc   :   3.499032   3.499032  26.821600
angles:  90.000000  90.000000 120.000008
pbc   :       True       True       True
Sites (3)
  #  SP           a         b         c
---  ----  --------  --------  --------
  0  Ta    0.537576  0.125584  0.127166
  1  Se    0.870909  0.792251  0.189023
  2  Se    0.204243  0.458917  0.065309",JVASP-5956,,,,,mp-11324,0.1358,Ta1 Se2
,,,250.0360625,"Full Formula (Na3 As1)
Reduced Formula: Na3As
abc   :   4.877498   4.877498  27.076181
angles:  90.000000  90.000000 119.999996
pbc   :       True       True       True
Sites (4)
  #  SP           a         b         c  velocities
---  ----  --------  --------  --------  ---------------
  0  Na    0.333333  0.666667  0.027981  [0.0, 0.0, 0.0]
  1  Na    0         0         0.083802  [0.0, 0.0, 0.0]
  2  Na    0.333333  0.666667  0.139624  [0.0, 0.0, 0.0]
  3  As    0.666667  0.333333  0.083802  [0.0, 0.0, 0.0]",-0.241,"Full Formula (Na3 As1)
Reduced Formula: Na3As
abc   :   5.098227   5.098227  27.076181
angles:  90.000000  90.000000 119.999996
pbc   :       True       True       True
Sites (4)
  #  SP           a         b         c
---  ----  --------  --------  --------
  0  Na    0.333333  0.666667  0.02679
  1  Na    0         0         0.083802
  2  Na    0.333333  0.666667  0.140815
  3  As    0.666667  0.333333  0.083802",JVASP-6856,,,,,mp-1136,,Na3 As1
2.506,2.506,2.1034,83.27886667,"Full Formula (Sn1 S2)
Reduced Formula: SnS2
abc   :   3.696137   3.696137  30.977959
angles:  90.000000  90.000000 120.000004
pbc   :       True       True       True
Sites (3)
  #  SP           a         b         c  velocities
---  ----  --------  --------  --------  ---------------
  0  Sn    0         0         0.15017   [0.0, 0.0, 0.0]
  1  S     0.333333  0.666667  0.198098  [0.0, 0.0, 0.0]
  2  S     0.666667  0.333333  0.102243  [0.0, 0.0, 0.0]",-0.357,"Full Formula (Sn1 S2)
Reduced Formula: SnS2
abc   :   3.699920   3.699920  30.977959
angles:  90.000000  90.000000 120.000004
pbc   :       True       True       True
Sites (3)
  #  SP           a         b         c
---  ----  --------  --------  --------
  0  Sn    0         0         0.15017
  1  S     0.333333  0.666667  0.197877
  2  S     0.666667  0.333333  0.102464",JVASP-756,,,,,mp-1170,1.5529,Sn1 S2
3.0626,3.0626,2.1336,88.91933333,"Full Formula (Zr1 S2)
Reduced Formula: ZrS2
abc   :   3.682029   3.682029  30.611133
angles:  90.000000  90.000000 119.999993
pbc   :       True       True       True
Sites (3)
  #  SP           a         b         c  velocities
---  ----  --------  --------  --------  ---------------
  0  Zr    0         0         0.143981  [0.0, 0.0, 0.0]
  1  S     0.666667  0.333333  0.096577  [0.0, 0.0, 0.0]
  2  S     0.333333  0.666667  0.191385  [0.0, 0.0, 0.0]",-1.597,"Full Formula (Zr1 S2)
Reduced Formula: ZrS2
abc   :   3.690920   3.690920  30.611133
angles:  90.000000  90.000000 119.999992
pbc   :       True       True       True
Sites (3)
  #  SP           a         b         c
---  ----  --------  --------  --------
  0  Zr    0         0         0.143981
  1  S     0.666667  0.333333  0.096383
  2  S     0.333333  0.666667  0.191579",JVASP-689,,,,,mp-1186,1.2421,Zr1 S2
36.9276,36.9276,12.7798,946.438,"Full Formula (Ti2 O1)
Reduced Formula: Ti2O
abc   :   2.830106   2.830106  30.803530
angles:  90.000000  90.000000 120.000017
pbc   :       True       True       True
Sites (3)
  #  SP            a          b         c  velocities
---  ----  ---------  ---------  --------  ---------------
  0  Ti     0.333333   0.666667  0.058868  [0.0, 0.0, 0.0]
  1  Ti     0.666667   0.333333  0.149053  [0.0, 0.0, 0.0]
  2  O     -0         -0         0.103961  [0.0, 0.0, 0.0]",-1.009,"Full Formula (Ti2 O1)
Reduced Formula: Ti2O
abc   :   2.982805   2.982805  30.803530
angles:  90.000000  90.000000 120.000018
pbc   :       True       True       True
Sites (3)
  #  SP           a         b         c
---  ----  --------  --------  --------
  0  Ti    0.333333  0.666667  0.062331
  1  Ti    0.666667  0.333333  0.14559
  2  O     0         0         0.103961",JVASP-768,,,,,mp-1215,0.0257,Ti2 O1
24.3189,24.3243,8.014,57.250875,"Full Formula (Pr2 Te6)
Reduced Formula: PrTe3
abc   :   4.415450   4.415587  30.661022
angles:  90.000000  90.000000  90.000000
pbc   :       True       True       True
Sites (8)
  #  SP      a     b         c  velocities
---  ----  ---  ----  --------  ---------------
  0  Pr    0    0.25  0.155508  [0.0, 0.0, 0.0]
  1  Pr    0.5  0.75  0.29557   [0.0, 0.0, 0.0]
  2  Te    0    0.75  0.071077  [0.0, 0.0, 0.0]
  3  Te    0.5  0.25  0.071075  [0.0, 0.0, 0.0]
  4  Te    0.5  0.75  0.186823  [0.0, 0.0, 0.0]
  5  Te    0    0.25  0.264255  [0.0, 0.0, 0.0]
  6  Te    0    0.75  0.380003  [0.0, 0.0, 0.0]
  7  Te    0.5  0.25  0.380001  [0.0, 0.0, 0.0]",-0.974,"Full Formula (Pr2 Te6)
Reduced Formula: PrTe3
abc   :   4.404772   4.407405  30.661022
angles:  90.000000  90.000000  90.000000
pbc   :       True       True       True
Sites (8)
  #  SP      a     b         c
---  ----  ---  ----  --------
  0  Pr    0    0.25  0.154997
  1  Pr    0.5  0.75  0.296081
  2  Te    0    0.75  0.070408
  3  Te    0.5  0.25  0.070415
  4  Te    0.5  0.75  0.186918
  5  Te    0    0.25  0.26416
  6  Te    0    0.75  0.380663
  7  Te    0.5  0.25  0.38067",JVASP-6421,,,,,mp-12351,0.0078,Pr2 Te6
19.9716,17.0957,7.7809,57.904125,"Full Formula (U2 S6)
Reduced Formula: US3
abc   :   5.394067   3.890443  27.561278
angles:  90.000000  92.500867  90.000000
pbc   :       True       True       True
Sites (8)
  #  SP           a         b         c  velocities
---  ----  --------  --------  --------  ---------------
  0  U     0.072788  0.975155  0.243232  [0.0, 0.0, 0.0]
  1  U     0.551319  0.475154  0.14692   [0.0, 0.0, 0.0]
  2  S     0.567018  0.975155  0.217339  [0.0, 0.0, 0.0]
  3  S     0.279691  0.475154  0.303912  [0.0, 0.0, 0.0]
  4  S     0.892996  0.475154  0.30392   [0.0, 0.0, 0.0]
  5  S     0.731111  0.975155  0.086232  [0.0, 0.0, 0.0]
  6  S     0.344416  0.975155  0.08624   [0.0, 0.0, 0.0]
  7  S     0.057089  0.475154  0.172813  [0.0, 0.0, 0.0]",-1.166,"Full Formula (U2 S6)
Reduced Formula: US3
abc   :   5.417400   3.922453  27.561506
angles:  90.000000  92.511671  90.000000
pbc   :       True       True       True
Sites (8)
  #  SP            a         b         c
---  ----  ---------  --------  --------
  0  U      0.072657  0.975155  0.242525
  1  U      0.55145   0.475154  0.147627
  2  S      0.566987  0.975155  0.217224
  3  S      0.276979  0.475154  0.302673
  4  S     -0.10466   0.475154  0.302664
  5  S      0.728767  0.975155  0.087488
  6  S      0.347128  0.975155  0.087479
  7  S      0.05712   0.475154  0.172928",JVASP-6145,,,,,mp-12406,0.0045,U2 S6
,,,1002.00075,"Full Formula (Ta1 P1)
Reduced Formula: TaP
abc   :   3.465311   3.465311  21.441347
angles:  90.000000  90.000000  90.000000
pbc   :       True       True       True
Sites (2)
  #  SP      a    b         c  velocities
---  ----  ---  ---  --------  ---------------
  0  Ta    0.5  0    0.121743  [0.0, 0.0, 0.0]
  1  P     0    0.5  0.121743  [0.0, 0.0, 0.0]",0.765,"Full Formula (Ta1 P1)
Reduced Formula: TaP
abc   :   3.505502   3.505502  21.441347
angles:  90.000000  90.000000  90.000000
pbc   :       True       True       True
Sites (2)
  #  SP      a    b         c
---  ----  ---  ---  --------
  0  Ta    0.5  0    0.121743
  1  P     0    0.5  0.121743",JVASP-6613,,,,,mp-12597,,Ta1 P1
,,,95.66425,"Full Formula (Ti2 Se2)
Reduced Formula: TiSe
abc   :   4.141326   4.141326  25.984423
angles:  90.000000  90.000000  90.000000
pbc   :       True       True       True
Sites (4)
  #  SP           a         b         c  velocities
---  ----  --------  --------  --------  ---------------
  0  Ti    0.716121  0.716121  0.115154  [0.0, 0.0, 0.0]
  1  Ti    0.216122  0.216122  0.115154  [0.0, 0.0, 0.0]
  2  Se    0.716121  0.216122  0.171256  [0.0, 0.0, 0.0]
  3  Se    0.216122  0.716121  0.059052  [0.0, 0.0, 0.0]",-0.745,"Full Formula (Ti2 Se2)
Reduced Formula: TiSe
abc   :   4.178357   4.178357  25.984423
angles:  90.000000  90.000000  90.000000
pbc   :       True       True       True
Sites (4)
  #  SP           a         b         c
---  ----  --------  --------  --------
  0  Ti    0.716121  0.716121  0.115154
  1  Ti    0.216122  0.216122  0.115154
  2  Se    0.716121  0.216122  0.1703
  3  Se    0.216122  0.716121  0.060008",JVASP-6010,,,,,mp-13152,,Ti2 Se2
1.5034,1.5034,1.3822,499.20775,"Full Formula (Al1 N1)
Reduced Formula: AlN
abc   :   3.131482   3.131483  22.187563
angles:  90.000000  90.000000 120.000005
pbc   :       True       True       True
Sites (2)
  #  SP           a         b         c  velocities
---  ----  --------  --------  --------  ---------------
  0  Al    0.666667  0.333333  0.047184  [0.0, 0.0, 0.0]
  1  N     0.333333  0.666667  0.047184  [0.0, 0.0, 0.0]",-1.024,"Full Formula (Al1 N1)
Reduced Formula: AlN
abc   :   3.312115   3.312115  22.187563
angles:  90.000000  90.000000 120.000005
pbc   :       True       True       True
Sites (2)
  #  SP           a         b         c
---  ----  --------  --------  --------
  0  Al    0.666667  0.333333  0.047184
  1  N     0.333333  0.666667  0.047184",JVASP-19988,,,,,mp-13178,2.8797,Al1 N1
3.3766,3.3766,2.3639,75.3718,"Full Formula (Sc1 Ag1 P2 Se6)
Reduced Formula: ScAg(PSe3)2
abc   :   6.493407   6.493407  27.168923
angles:  90.000000  90.000000 119.999999
pbc   :       True       True       True
Sites (10)
  #  SP           a         b         c  velocities
---  ----  --------  --------  --------  ---------------
  0  Sc    0         0         0.13958   [0.0, 0.0, 0.0]
  1  Ag    0.666667  0.333333  0.13958   [0.0, 0.0, 0.0]
  2  P     0.333333  0.666667  0.097965  [0.0, 0.0, 0.0]
  3  P     0.333333  0.666667  0.181195  [0.0, 0.0, 0.0]
  4  Se    0.305928  0.97918   0.074249  [0.0, 0.0, 0.0]
  5  Se    0.02082   0.326748  0.074249  [0.0, 0.0, 0.0]
  6  Se    0.673252  0.694072  0.074249  [0.0, 0.0, 0.0]
  7  Se    0.673252  0.97918   0.204911  [0.0, 0.0, 0.0]
  8  Se    0.02082   0.694072  0.204911  [0.0, 0.0, 0.0]
  9  Se    0.305928  0.326748  0.204911  [0.0, 0.0, 0.0]",-0.444,"Full Formula (Sc1 Ag1 P2 Se6)
Reduced Formula: ScAg(PSe3)2
abc   :   6.535032   6.535032  27.168923
angles:  90.000000  90.000000 119.999999
pbc   :       True       True       True
Sites (10)
  #  SP           a         b         c
---  ----  --------  --------  --------
  0  Sc    0         0         0.13958
  1  Ag    0.666667  0.333333  0.13958
  2  P     0.333333  0.666667  0.098125
  3  P     0.333333  0.666667  0.181035
  4  Se    0.304547  0.975957  0.074294
  5  Se    0.024043  0.32859   0.074294
  6  Se    0.67141   0.695453  0.074294
  7  Se    0.67141   0.975957  0.204866
  8  Se    0.024043  0.695453  0.204866
  9  Se    0.304547  0.32859   0.204866",JVASP-6352,,,,,mp-13383,1.6513,Sc1 Ag1 P2 Se6
3.0587,3.0587,2.2796,77.70775,"Full Formula (Er1 Ag1 P2 Se6)
Reduced Formula: ErAg(PSe3)2
abc   :   6.598061   6.598061  27.231708
angles:  90.000000  90.000000 120.000005
pbc   :       True       True       True
Sites (10)
  #  SP           a         b         c  velocities
---  ----  --------  --------  --------  ---------------
  0  Er    0         0         0.139834  [0.0, 0.0, 0.0]
  1  Ag    0.333333  0.666667  0.139834  [0.0, 0.0, 0.0]
  2  P     0.666667  0.333333  0.097823  [0.0, 0.0, 0.0]
  3  P     0.666667  0.333333  0.181845  [0.0, 0.0, 0.0]
  4  Se    0.677283  0.658626  0.073356  [0.0, 0.0, 0.0]
  5  Se    0.341374  0.018657  0.073356  [0.0, 0.0, 0.0]
  6  Se    0.981343  0.322717  0.073356  [0.0, 0.0, 0.0]
  7  Se    0.341374  0.322717  0.206312  [0.0, 0.0, 0.0]
  8  Se    0.677283  0.018657  0.206312  [0.0, 0.0, 0.0]
  9  Se    0.981343  0.658626  0.206312  [0.0, 0.0, 0.0]",-0.466,"Full Formula (Er1 Ag1 P2 Se6)
Reduced Formula: ErAg(PSe3)2
abc   :   6.653565   6.653565  27.231708
angles:  90.000000  90.000000 120.000005
pbc   :       True       True       True
Sites (10)
  #  SP           a         b         c
---  ----  --------  --------  --------
  0  Er    0         0         0.139834
  1  Ag    0.333333  0.666667  0.139834
  2  P     0.666667  0.333333  0.098067
  3  P     0.666667  0.333333  0.181601
  4  Se    0.678347  0.656215  0.073589
  5  Se    0.343785  0.022131  0.073589
  6  Se    0.977869  0.321653  0.073589
  7  Se    0.343785  0.321653  0.206079
  8  Se    0.678347  0.022131  0.206079
  9  Se    0.977869  0.656215  0.206079",JVASP-6355,,,,,mp-13384,1.7672,Er1 Ag1 P2 Se6
3.0804,3.0804,2.2865,77.55055,"Full Formula (Tm1 Ag1 P2 Se6)
Reduced Formula: TmAg(PSe3)2
abc   :   6.588019   6.588019  27.096684
angles:  90.000000  90.000000 120.000001
pbc   :       True       True       True
Sites (10)
  #  SP           a         b         c  velocities
---  ----  --------  --------  --------  ---------------
  0  Tm    0         0         0.139285  [0.0, 0.0, 0.0]
  1  Ag    0.666667  0.333333  0.139285  [0.0, 0.0, 0.0]
  2  P     0.333333  0.666667  0.09712   [0.0, 0.0, 0.0]
  3  P     0.333333  0.666667  0.181451  [0.0, 0.0, 0.0]
  4  Se    0.32099   0.981105  0.072616  [0.0, 0.0, 0.0]
  5  Se    0.660116  0.67901   0.072616  [0.0, 0.0, 0.0]
  6  Se    0.018895  0.339884  0.072616  [0.0, 0.0, 0.0]
  7  Se    0.32099   0.339884  0.205955  [0.0, 0.0, 0.0]
  8  Se    0.660116  0.981105  0.205955  [0.0, 0.0, 0.0]
  9  Se    0.018895  0.67901   0.205955  [0.0, 0.0, 0.0]",-0.466,"Full Formula (Tm1 Ag1 P2 Se6)
Reduced Formula: TmAg(PSe3)2
abc   :   6.639957   6.639958  27.096684
angles:  90.000000  90.000000 120.000001
pbc   :       True       True       True
Sites (10)
  #  SP           a         b         c
---  ----  --------  --------  --------
  0  Tm    0         0         0.139285
  1  Ag    0.666667  0.333333  0.139285
  2  P     0.333333  0.666667  0.097342
  3  P     0.333333  0.666667  0.181229
  4  Se    0.320064  0.977817  0.072806
  5  Se    0.657754  0.679936  0.072806
  6  Se    0.022183  0.342246  0.072806
  7  Se    0.320064  0.342246  0.205765
  8  Se    0.657754  0.977817  0.205765
  9  Se    0.022183  0.679936  0.205765",JVASP-6346,,,,,mp-13385,1.7897,Tm1 Ag1 P2 Se6
2.5031,2.4949,1.3904,145.0661667,"Full Formula (Pd2 S4)
Reduced Formula: PdS2
abc   :   5.443799   5.561267  35.607088
angles:  90.000000  90.000000  90.000000
pbc   :       True       True       True
Sites (6)
  #  SP           a         b         c  velocities
---  ----  --------  --------  --------  ---------------
  0  Pd    0.5       0.5       0.141006  [0.0, 0.0, 0.0]
  1  Pd    0         0         0.141006  [0.0, 0.0, 0.0]
  2  S     0.602161  0.110029  0.159488  [0.0, 0.0, 0.0]
  3  S     0.102161  0.389971  0.122524  [0.0, 0.0, 0.0]
  4  S     0.897839  0.610029  0.159488  [0.0, 0.0, 0.0]
  5  S     0.397839  0.889971  0.122524  [0.0, 0.0, 0.0]",-0.171,"Full Formula (Pd2 S4)
Reduced Formula: PdS2
abc   :   5.501706   5.593919  35.607088
angles:  90.000000  90.000000  90.000000
pbc   :       True       True       True
Sites (6)
  #  SP           a         b         c
---  ----  --------  --------  --------
  0  Pd    0.5       0.5       0.141006
  1  Pd    0         0         0.141006
  2  S     0.604188  0.110293  0.158678
  3  S     0.104188  0.389707  0.123334
  4  S     0.895812  0.610293  0.158678
  5  S     0.395812  0.889707  0.123334",JVASP-720,,,,,mp-13682,1.2821,Pd2 S4
3.1788,3.1788,2.7779,88.522,"Full Formula (Ta1 Se2)
Reduced Formula: TaSe2
abc   :   3.473218   3.473218  30.812689
angles:  90.000000  90.000000 119.999994
pbc   :       True       True       True
Sites (3)
  #  SP           a         b         c  velocities
---  ----  --------  --------  --------  ---------------
  0  Ta    0         0         0.110137  [0.0, 0.0, 0.0]
  1  Se    0.333333  0.666667  0.05573   [0.0, 0.0, 0.0]
  2  Se    0.333333  0.666667  0.164542  [0.0, 0.0, 0.0]",-0.73,"Full Formula (Ta1 Se2)
Reduced Formula: TaSe2
abc   :   3.493415   3.493415  30.812689
angles:  90.000000  90.000000 119.999994
pbc   :       True       True       True
Sites (3)
  #  SP           a         b         c
---  ----  --------  --------  --------
  0  Ta    0         0         0.110105
  1  Se    0.333333  0.666667  0.056007
  2  Se    0.333333  0.666667  0.164297",JVASP-6013,,,,,mp-13870,0.1714,Ta1 Se2
,,,82.79059091,"Full Formula (S5 N6)
Reduced Formula: S5N6
abc   :   6.126072   6.126072  25.917982
angles: 102.175734 102.175733  74.877611
pbc   :       True       True       True
Sites (11)
  #  SP            a         b          c  velocities
---  ----  ---------  --------  ---------  ---------------
  0  S      0.339949  0.777131   0.008673  [0.0, 0.0, 0.0]
  1  S      0.365865  0.375419   0.04858   [0.0, 0.0, 0.0]
  2  S     -0.025496  0.02724    0.076463  [0.0, 0.0, 0.0]
  3  S      0.626324  0.635878   0.104345  [0.0, 0.0, 0.0]
  4  S      0.224612  0.661794   0.144252  [0.0, 0.0, 0.0]
  5  N      0.30923   0.515851  -7e-05     [0.0, 0.0, 0.0]
  6  N      0.087945  0.951071   0.025809  [0.0, 0.0, 0.0]
  7  N      0.547193  0.799189   0.05927   [0.0, 0.0, 0.0]
  8  N      0.202555  0.454551   0.093655  [0.0, 0.0, 0.0]
  9  N      0.050673  0.913798   0.127116  [0.0, 0.0, 0.0]
 10  N      0.485892  0.692513   0.152995  [0.0, 0.0, 0.0]",0.731,"Full Formula (S5 N6)
Reduced Formula: S5N6
abc   :   7.683529   7.683530  25.917981
angles:  99.682676  99.682675 102.719066
pbc   :       True       True       True
Sites (11)
  #  SP           a         b         c
---  ----  --------  --------  --------
  0  S     0.324253  0.753223  0.004574
  1  S     0.284794  0.448213  0.054231
  2  S     0.09409   0.907654  0.076463
  3  S     0.55353   0.716949  0.098694
  4  S     0.24852   0.67749   0.148351
  5  N     0.243345  0.536264  0.002555
  6  N     0.170179  0.868628  0.025127
  7  N     0.51424   0.818548  0.049877
  8  N     0.183196  0.487504  0.103048
  9  N     0.133116  0.831564  0.127798
 10  N     0.465479  0.758398  0.15037",JVASP-6448,,,,,mp-1419,,S5 N6
2.0913,2.0215,1.8538,104.6412143,"Full Formula (P8 S6)
Reduced Formula: P4S3
abc   :   6.459032  10.914803  25.979536
angles:  90.000000  90.000000  90.000000
pbc   :       True       True       True
Sites (14)
  #  SP           a         b         c  velocities
---  ----  --------  --------  --------  ---------------
  0  P     0.26353   0.574244  0.061878  [0.0, 0.0, 0.0]
  1  P     0.23647   0.074244  0.061878  [0.0, 0.0, 0.0]
  2  P     0.106272  0.419339  0.105656  [0.0, 0.0, 0.0]
  3  P     0.393728  0.919339  0.105656  [0.0, 0.0, 0.0]
  4  P     0.80749   0.667983  0.105656  [0.0, 0.0, 0.0]
  5  P     0.69251   0.167983  0.105656  [0.0, 0.0, 0.0]
  6  P     0.26353   0.574244  0.149434  [0.0, 0.0, 0.0]
  7  P     0.23647   0.074244  0.149434  [0.0, 0.0, 0.0]
  8  S     0.483537  0.192611  0.043044  [0.0, 0.0, 0.0]
  9  S     0.016463  0.692611  0.043044  [0.0, 0.0, 0.0]
 10  S     0.791884  0.473383  0.105656  [0.0, 0.0, 0.0]
 11  S     0.708116  0.973383  0.105656  [0.0, 0.0, 0.0]
 12  S     0.483537  0.192611  0.168267  [0.0, 0.0, 0.0]
 13  S     0.016463  0.692611  0.168267  [0.0, 0.0, 0.0]",-0.044,"Full Formula (P8 S6)
Reduced Formula: P4S3
abc   :   7.178191  11.999681  25.979536
angles:  90.000000  90.000000  90.000000
pbc   :       True       True       True
Sites (14)
  #  SP           a         b         c
---  ----  --------  --------  --------
  0  P     0.245824  0.571347  0.062196
  1  P     0.254176  0.071347  0.062196
  2  P     0.098198  0.434778  0.105656
  3  P     0.401802  0.934778  0.105656
  4  P     0.842083  0.663552  0.105656
  5  P     0.657917  0.163552  0.105656
  6  P     0.245824  0.571347  0.149116
  7  P     0.254176  0.071347  0.149116
  8  S     0.469454  0.182983  0.04346
  9  S     0.030546  0.682983  0.04346
 10  S     0.81883   0.487426  0.105656
 11  S     0.68117   0.987426  0.105656
 12  S     0.469454  0.182983  0.167851
 13  S     0.030546  0.682983  0.167851",JVASP-19513,,,,,mp-1469,1.5652,P8 S6
,,,81.4055,"Full Formula (As4 O6)
Reduced Formula: As2O3
abc   :   4.558196   8.277240  25.901639
angles: 101.132745  90.000000  90.000000
pbc   :       True       True       True
Sites (10)
  #  SP           a         b         c  velocities
---  ----  --------  --------  --------  ---------------
  0  As    0.79127   0.675017  0.053022  [0.0, 0.0, 0.0]
  1  As    0.382395  0.121893  0.074672  [0.0, 0.0, 0.0]
  2  As    0.29127   0.830191  0.138443  [0.0, 0.0, 0.0]
  3  As    0.882395  0.383315  0.116792  [0.0, 0.0, 0.0]
  4  O     0.122947  0.794379  0.072537  [0.0, 0.0, 0.0]
  5  O     0.92141   0.472853  0.05715   [0.0, 0.0, 0.0]
  6  O     0.996774  0.178914  0.082913  [0.0, 0.0, 0.0]
  7  O     0.622947  0.710829  0.118928  [0.0, 0.0, 0.0]
  8  O     0.496774  0.326294  0.108551  [0.0, 0.0, 0.0]
  9  O     0.42141   0.032355  0.134315  [0.0, 0.0, 0.0]",-1.18,"Full Formula (As4 O6)
Reduced Formula: As2O3
abc   :   4.685408   8.309769  25.901642
angles: 101.086139  90.000000  90.000000
pbc   :       True       True       True
Sites (10)
  #  SP           a         b         c
---  ----  --------  --------  --------
  0  As    0.819533  0.685754  0.052547
  1  As    0.361315  0.121016  0.077531
  2  As    0.319533  0.819454  0.138918
  3  As    0.861315  0.384192  0.113933
  4  O     0.172175  0.76814   0.071518
  5  O     0.875128  0.469787  0.053526
  6  O     0.986644  0.181727  0.081057
  7  O     0.672175  0.737068  0.119947
  8  O     0.486644  0.323481  0.110407
  9  O     0.375128  0.035421  0.137939",JVASP-6451,,,,,mp-1581,,As4 O6
,,,54.29,"Full Formula (As4 O6)
Reduced Formula: As2O3
abc   :   4.545304   5.312751  25.822793
angles:  90.000000  90.000000  92.616837
pbc   :       True       True       True
Sites (10)
  #  SP            a         b         c  velocities
---  ----  ---------  --------  --------  ---------------
  0  As     0.968548  0.733153  0.05608   [0.0, 0.0, 0.0]
  1  As     0.489258  0.14291   0.083628  [0.0, 0.0, 0.0]
  2  As    -0.010742  0.64291   0.184019  [0.0, 0.0, 0.0]
  3  As     0.468548  0.233153  0.211567  [0.0, 0.0, 0.0]
  4  O      0.356922  0.832694  0.058677  [0.0, 0.0, 0.0]
  5  O      0.868547  0.047589  0.076426  [0.0, 0.0, 0.0]
  6  O      0.932957  0.556991  0.116092  [0.0, 0.0, 0.0]
  7  O      0.432957  0.056991  0.151555  [0.0, 0.0, 0.0]
  8  O      0.368547  0.547589  0.191221  [0.0, 0.0, 0.0]
  9  O      0.856922  0.332694  0.20897   [0.0, 0.0, 0.0]",-1.213,"Full Formula (As4 O6)
Reduced Formula: As2O3
abc   :   4.658531   5.659153  25.822793
angles:  90.000000  90.000000  94.425632
pbc   :       True       True       True
Sites (10)
  #  SP           a         b         c
---  ----  --------  --------  --------
  0  As    0.965658  0.743658  0.05763
  1  As    0.501798  0.129276  0.083254
  2  As    0.001798  0.629276  0.184393
  3  As    0.465658  0.243658  0.210017
  4  O     0.347811  0.840845  0.05902
  5  O     0.866923  0.035342  0.078879
  6  O     0.934042  0.564216  0.115787
  7  O     0.434042  0.064216  0.15186
  8  O     0.366923  0.535342  0.188768
  9  O     0.847811  0.340845  0.208627",JVASP-6454,,,,,mp-1582,,As4 O6
1.7864,1.5633,1.5683,85.99066667,"Full Formula (Si2 S4)
Reduced Formula: SiS2
abc   :   5.606804   4.955021  30.926760
angles:  90.000000  90.000000  90.000000
pbc   :       True       True       True
Sites (6)
  #  SP       a         b         c  velocities
---  ----  ----  --------  --------  ---------------
  0  Si    0.25  0.5       0.176655  [0.0, 0.0, 0.0]
  1  Si    0.75  0.5       0.176655  [0.0, 0.0, 0.0]
  2  S     0.5   0.280452  0.137413  [0.0, 0.0, 0.0]
  3  S     0     0.719548  0.137413  [0.0, 0.0, 0.0]
  4  S     0.5   0.719548  0.215898  [0.0, 0.0, 0.0]
  5  S     0     0.280452  0.215898  [0.0, 0.0, 0.0]",-0.585,"Full Formula (Si2 S4)
Reduced Formula: SiS2
abc   :   5.585153   6.214268  30.926760
angles:  90.000000  90.000000  90.000000
pbc   :       True       True       True
Sites (6)
  #  SP       a         b         c
---  ----  ----  --------  --------
  0  Si    0.25  0.5       0.176655
  1  Si    0.75  0.5       0.176655
  2  S     0.5   0.314399  0.139398
  3  S     0     0.685601  0.139398
  4  S     0.5   0.685601  0.213913
  5  S     0     0.314399  0.213913",JVASP-6016,,,,,mp-1602,1.1565,Si2 S4
4.0103,4.0103,2.4969,80.237,"Full Formula (Mo1 Se2)
Reduced Formula: MoSe2
abc   :   3.323517   3.323517  35.451423
angles:  90.000000  90.000000 119.999979
pbc   :       True       True       True
Sites (3)
  #  SP           a         b         c  velocities
---  ----  --------  --------  --------  ---------------
  0  Mo    0.666667  0.333333  0.326886  [0.0, 0.0, 0.0]
  1  Se    0.333333  0.666667  0.37408   [0.0, 0.0, 0.0]
  2  Se    0.333333  0.666667  0.279691  [0.0, 0.0, 0.0]",-0.591,"Full Formula (Mo1 Se2)
Reduced Formula: MoSe2
abc   :   3.326949   3.326949  35.451423
angles:  90.000000  90.000000 119.999979
pbc   :       True       True       True
Sites (3)
  #  SP           a         b         c
---  ----  --------  --------  --------
  0  Mo    0.666667  0.333333  0.326886
  1  Se    0.333333  0.666667  0.374066
  2  Se    0.333333  0.666667  0.279705",JVASP-649,,,,,mp-1634,1.446,Mo1 Se2
5.5521,4.3898,3.3716,58.4135,"Full Formula (Zr2 Se6)
Reduced Formula: ZrSe3
abc   :   5.469716   3.771590  31.156126
angles:  90.000000  97.323294  90.000000
pbc   :       True       True       True
Sites (8)
  #  SP           a     b         c  velocities
---  ----  --------  ----  --------  ---------------
  0  Zr    0.71506   0.75  0.11492   [0.0, 0.0, 0.0]
  1  Zr    0.28494   0.25  0.211056  [0.0, 0.0, 0.0]
  2  Se    0.894314  0.25  0.061971  [0.0, 0.0, 0.0]
  3  Se    0.458514  0.25  0.062068  [0.0, 0.0, 0.0]
  4  Se    0.237847  0.75  0.146315  [0.0, 0.0, 0.0]
  5  Se    0.762153  0.25  0.17966   [0.0, 0.0, 0.0]
  6  Se    0.541486  0.75  0.263907  [0.0, 0.0, 0.0]
  7  Se    0.105686  0.75  0.264004  [0.0, 0.0, 0.0]",-1.045,"Full Formula (Zr2 Se6)
Reduced Formula: ZrSe3
abc   :   5.484967   3.788102  31.156126
angles:  90.000000  97.302820  90.000000
pbc   :       True       True       True
Sites (8)
  #  SP           a     b         c
---  ----  --------  ----  --------
  0  Zr    0.715044  0.75  0.114752
  1  Zr    0.284956  0.25  0.211224
  2  Se    0.892906  0.25  0.061625
  3  Se    0.459492  0.25  0.061826
  4  Se    0.237812  0.75  0.14631
  5  Se    0.762188  0.25  0.179665
  6  Se    0.540508  0.75  0.264149
  7  Se    0.107094  0.75  0.26435",JVASP-6019,,,,,mp-1683,0.0245,Zr2 Se6
5.7596,5.7595,2.4789,91.88233333,"Full Formula (Ta1 S2)
Reduced Formula: TaS2
abc   :   3.383628   3.383627  27.952859
angles:  90.000000  90.000000 119.999996
pbc   :       True       True       True
Sites (3)
  #  SP           a         b         c  velocities
---  ----  --------  --------  --------  ---------------
  0  Ta    0.623174  0.188246  0.124368  [0.0, 0.0, 0.0]
  1  S     0.956507  0.854913  0.179146  [0.0, 0.0, 0.0]
  2  S     0.289841  0.521579  0.06959   [0.0, 0.0, 0.0]",-1.039,"Full Formula (Ta1 S2)
Reduced Formula: TaS2
abc   :   3.378287   3.378286  27.952859
angles:  90.000000  90.000000 119.999992
pbc   :       True       True       True
Sites (3)
  #  SP           a         b         c
---  ----  --------  --------  --------
  0  Ta    0.623174  0.188246  0.124368
  1  S     0.956507  0.854913  0.179274
  2  S     0.289841  0.521579  0.069462",JVASP-5872,,,,,mp-1690,0.0988,Ta1 S2
17.3175,8.5861,3.4413,100.4220833,"Full Formula (Ta2 Te8 Ir2)
Reduced Formula: TaTe4Ir
abc   :   3.810620  12.564986  25.046984
angles:  90.000000  90.000000  90.000000
pbc   :       True       True       True
Sites (12)
  #  SP      a         b         c  velocities
---  ----  ---  --------  --------  ---------------
  0  Ta    0    0.270012  0.274885  [0.0, 0.0, 0.0]
  1  Ta    0.5  0.948682  0.282484  [0.0, 0.0, 0.0]
  2  Te    0.5  0.322562  0.198311  [0.0, 0.0, 0.0]
  3  Te    0.5  0.80662   0.203242  [0.0, 0.0, 0.0]
  4  Te    0    0.065627  0.219273  [0.0, 0.0, 0.0]
  5  Te    0    0.564808  0.224102  [0.0, 0.0, 0.0]
  6  Te    0.5  0.653886  0.333275  [0.0, 0.0, 0.0]
  7  Te    0.5  0.153069  0.338094  [0.0, 0.0, 0.0]
  8  Te    0    0.412064  0.354131  [0.0, 0.0, 0.0]
  9  Te    0    0.896144  0.359061  [0.0, 0.0, 0.0]
 10  Ir    0    0.754094  0.277099  [0.0, 0.0, 0.0]
 11  Ir    0.5  0.464599  0.280276  [0.0, 0.0, 0.0]",-0.242,"Full Formula (Ta2 Te8 Ir2)
Reduced Formula: TaTe4Ir
abc   :   3.838145  12.633173  25.046984
angles:  90.000000  90.000000  90.000000
pbc   :       True       True       True
Sites (12)
  #  SP      a         b         c
---  ----  ---  --------  --------
  0  Ta    0    0.271565  0.275513
  1  Ta    0.5  0.94596   0.282303
  2  Te    0.5  0.323195  0.199179
  3  Te    0.5  0.805598  0.202627
  4  Te    0    0.066126  0.222282
  5  Te    0    0.564512  0.225365
  6  Te    0.5  0.655079  0.331262
  7  Te    0.5  0.151827  0.336254
  8  Te    0    0.414321  0.353924
  9  Te    0    0.89448   0.358775
 10  Ir    0    0.754364  0.276292
 11  Ir    0.5  0.465139  0.280458",JVASP-6238,,,,,mp-17287,0.0086,Ta2 Te8 Ir2
3.7758,3.7758,2.4454,79.63433333,"Full Formula (W1 Se2)
Reduced Formula: WSe2
abc   :   3.324277   3.324277  35.068951
angles:  90.000000  90.000000 119.999980
pbc   :       True       True       True
Sites (3)
  #  SP           a         b         c  velocities
---  ----  --------  --------  --------  ---------------
  0  W     0.666667  0.333333  0.107424  [0.0, 0.0, 0.0]
  1  Se    0.333333  0.666667  0.059458  [0.0, 0.0, 0.0]
  2  Se    0.333333  0.666667  0.155389  [0.0, 0.0, 0.0]",-0.465,"Full Formula (W1 Se2)
Reduced Formula: WSe2
abc   :   3.327069   3.327069  35.068951
angles:  90.000000  90.000000 119.999980
pbc   :       True       True       True
Sites (3)
  #  SP           a         b         c
---  ----  --------  --------  --------
  0  W     0.666667  0.333333  0.107424
  1  Se    0.333333  0.666667  0.059483
  2  Se    0.333333  0.666667  0.155364",JVASP-652,,,,,mp-1821,1.3336,W1 Se2
4.1888,4.0435,3.2034,71.43225,"Full Formula (Si6 As6)
Reduced Formula: SiAs
abc   :   3.699558  10.846516  24.799022
angles:  84.094163  85.729790  80.191848
pbc   :       True       True       True
Sites (12)
  #  SP           a         b         c  velocities
---  ----  --------  --------  --------  ---------------
  0  As    0.866655  0.464509  0.802181  [0.0, 0.0, 0.0]
  1  As    0.513675  0.14291   0.829739  [0.0, 0.0, 0.0]
  2  As    0.998241  0.028325  0.975193  [0.0, 0.0, 0.0]
  3  As    0.330846  0.33799   0.000318  [0.0, 0.0, 0.0]
  4  As    0.19926   0.774174  0.827306  [0.0, 0.0, 0.0]
  5  As    0.683826  0.659589  0.97276   [0.0, 0.0, 0.0]
  6  Si    0.897196  0.25217   0.953439  [0.0, 0.0, 0.0]
  7  Si    0.937639  0.267208  0.857514  [0.0, 0.0, 0.0]
  8  Si    0.300305  0.550329  0.84906   [0.0, 0.0, 0.0]
  9  Si    0.540703  0.004823  0.913771  [0.0, 0.0, 0.0]
 10  Si    0.259862  0.535291  0.944985  [0.0, 0.0, 0.0]
 11  Si    0.656798  0.797676  0.888728  [0.0, 0.0, 0.0]",0.014,"Full Formula (Si6 As6)
Reduced Formula: SiAs
abc   :   3.696319  10.848759  24.799022
angles:  84.095389  85.726041  80.191433
pbc   :       True       True       True
Sites (12)
  #  SP           a         b         c
---  ----  --------  --------  --------
  0  As    0.866521  0.464459  0.802499
  1  As    0.512963  0.144104  0.82997
  2  As    0.998131  0.029106  0.974632
  3  As    0.33098   0.33804   0
  4  As    0.19937   0.773393  0.827867
  5  As    0.684538  0.658395  0.972529
  6  Si    0.897206  0.252429  0.953159
  7  Si    0.937199  0.267699  0.857903
  8  Si    0.300295  0.55007   0.84934
  9  Si    0.540653  0.005256  0.913438
 10  Si    0.260302  0.5348    0.944596
 11  Si    0.656848  0.797243  0.889061",JVASP-60242,0.241,1,1,1,mp-1863,1.808,As6 Si6
,,,109.7721667,"Full Formula (Ti1 Te2)
Reduced Formula: TiTe2
abc   :   3.762262   3.762262  30.816936
angles:  90.000000  90.000000 120.000009
pbc   :       True       True       True
Sites (3)
  #  SP           a         b         c  velocities
---  ----  --------  --------  --------  ---------------
  0  Ti    0         0         0.147472  [0.0, 0.0, 0.0]
  1  Te    0.666667  0.333333  0.091191  [0.0, 0.0, 0.0]
  2  Te    0.333333  0.666667  0.203752  [0.0, 0.0, 0.0]",-0.61,"Full Formula (Ti1 Te2)
Reduced Formula: TiTe2
abc   :   3.779461   3.779461  30.816936
angles:  90.000000  90.000000 120.000010
pbc   :       True       True       True
Sites (3)
  #  SP           a         b         c
---  ----  --------  --------  --------
  0  Ti    0         0         0.147472
  1  Te    0.666667  0.333333  0.091543
  2  Te    0.333333  0.666667  0.2034",JVASP-780,,,,,mp-1907,,Ti1 Te2
2.6571,2.6571,2.4519,58.4182625,"Full Formula (Ga2 Se2)
Reduced Formula: GaSe
abc   :   3.796661   3.796661  37.750455
angles:  90.000000  90.000000 119.999981
pbc   :       True       True       True
Sites (4)
  #  SP           a         b         c  velocities
---  ----  --------  --------  --------  ---------------
  0  Ga    0.666667  0.333333  0.385181  [0.0, 0.0, 0.0]
  1  Ga    0.666667  0.333333  0.320126  [0.0, 0.0, 0.0]
  2  Se    0.333333  0.666667  0.41633   [0.0, 0.0, 0.0]
  3  Se    0.333333  0.666667  0.288977  [0.0, 0.0, 0.0]",-0.523,"Full Formula (Ga2 Se2)
Reduced Formula: GaSe
abc   :   3.817601   3.817601  37.750455
angles:  90.000000  90.000000 119.999980
pbc   :       True       True       True
Sites (4)
  #  SP           a         b         c
---  ----  --------  --------  --------
  0  Ga    0.666667  0.333333  0.385374
  1  Ga    0.666667  0.333333  0.319933
  2  Se    0.333333  0.666667  0.416461
  3  Se    0.333333  0.666667  0.288846",JVASP-687,,,,,mp-1943,1.8729,Ga2 Se2
3.1692,3.1692,2.8549,87.15466667,"Full Formula (Ta1 S2)
Reduced Formula: TaS2
abc   :   3.342732   3.342732  25.760229
angles:  90.000000  90.000000 119.999992
pbc   :       True       True       True
Sites (3)
  #  SP           a         b         c  velocities
---  ----  --------  --------  --------  ---------------
  0  Ta    0         0         0.133541  [0.0, 0.0, 0.0]
  1  S     0.666667  0.333333  0.07281   [0.0, 0.0, 0.0]
  2  S     0.666667  0.333333  0.194273  [0.0, 0.0, 0.0]",-1.059,"Full Formula (Ta1 S2)
Reduced Formula: TaS2
abc   :   3.342119   3.342119  25.760229
angles:  90.000000  90.000000 119.999992
pbc   :       True       True       True
Sites (3)
  #  SP           a         b         c
---  ----  --------  --------  --------
  0  Ta    0         0         0.133541
  1  S     0.666667  0.333333  0.072838
  2  S     0.666667  0.333333  0.194245",JVASP-6070,,,,,mp-1984,0.0823,Ta1 S2
,,,85.90375,"Full Formula (Pb2 O2)
Reduced Formula: PbO
abc   :   4.004319   4.004319  28.302339
angles:  90.000000  90.000000  90.000000
pbc   :       True       True       True
Sites (4)
  #  SP           a         b         c  velocities
---  ----  --------  --------  --------  ---------------
  0  Pb    0.652599  0.152599  0.136572  [0.0, 0.0, 0.0]
  1  Pb    0.152599  0.652599  0.050775  [0.0, 0.0, 0.0]
  2  O     0.652599  0.652599  0.093673  [0.0, 0.0, 0.0]
  3  O     0.152599  0.152599  0.093673  [0.0, 0.0, 0.0]",-1.146,"Full Formula (Pb2 O2)
Reduced Formula: PbO
abc   :   4.062481   4.062481  28.302339
angles:  90.000000  90.000000  90.000000
pbc   :       True       True       True
Sites (4)
  #  SP           a         b         c
---  ----  --------  --------  --------
  0  Pb    0.652599  0.152599  0.135705
  1  Pb    0.152599  0.652599  0.051642
  2  O     0.652599  0.652599  0.093673
  3  O     0.152599  0.152599  0.093673",JVASP-6007,,,,,mp-19921,,Pb2 O2
,,,50.56683333,"Full Formula (Rb2 Mn2 As2)
Reduced Formula: RbMnAs
abc   :   3.896577   3.896577  28.064513
angles:  90.000000  90.000000  90.000000
pbc   :       True       True       True
Sites (6)
  #  SP           a         b         c  velocities
---  ----  --------  --------  --------  ---------------
  0  Rb    0.315652  0.815652  0.318461  [0.0, 0.0, 0.0]
  1  Rb    0.815652  0.315652  0.075792  [0.0, 0.0, 0.0]
  2  Mn    0.315652  0.315652  0.197126  [0.0, 0.0, 0.0]
  3  Mn    0.815652  0.815652  0.197126  [0.0, 0.0, 0.0]
  4  As    0.815652  0.315652  0.24789   [0.0, 0.0, 0.0]
  5  As    0.315652  0.815652  0.146363  [0.0, 0.0, 0.0]",-0.222,"Full Formula (Rb2 Mn2 As2)
Reduced Formula: RbMnAs
abc   :   4.204955   4.204955  28.064513
angles:  90.000000  90.000000  90.000000
pbc   :       True       True       True
Sites (6)
  #  SP           a         b         c
---  ----  --------  --------  --------
  0  Rb    0.315652  0.815652  0.313225
  1  Rb    0.815652  0.315652  0.081028
  2  Mn    0.315652  0.315652  0.197126
  3  Mn    0.815652  0.815652  0.197126
  4  As    0.815652  0.315652  0.243619
  5  As    0.315652  0.815652  0.150634",JVASP-6652,,,,,mp-20242,,Rb2 Mn2 As2
14.3415,14.3415,2.5696,85.56325,"Full Formula (Fe2 Se2)
Reduced Formula: FeSe
abc   :   3.665500   3.665500  22.779018
angles:  90.000000  90.000000  90.000000
pbc   :       True       True       True
Sites (4)
  #  SP       a     b         c  velocities
---  ----  ----  ----  --------  ---------------
  0  Fe     0    -0    0.061     [0.0, 0.0, 0.0]
  1  Fe     0.5   0.5  0.061     [0.0, 0.0, 0.0]
  2  Se     0.5   0    0.12234   [0.0, 0.0, 0.0]
  3  Se    -0     0.5  0.999659  [0.0, 0.0, 0.0]",-0.202,"Full Formula (Fe2 Se2)
Reduced Formula: FeSe
abc   :   3.671716   3.671716  22.779018
angles:  90.000000  90.000000  90.000000
pbc   :       True       True       True
Sites (4)
  #  SP      a    b         c
---  ----  ---  ---  --------
  0  Fe    0    0    0.061
  1  Fe    0.5  0.5  0.061
  2  Se    0.5  0    0.121999
  3  Se    0    0.5  0",JVASP-60244,,,,,mp-20311,0.0238,Fe2 Se2
17.1627,17.1627,8.5067,47.5,"Full Formula (K2 Mn2 P2)
Reduced Formula: KMnP
abc   :   3.770452   3.770452  30.478349
angles:  90.000000  90.000000  90.000000
pbc   :       True       True       True
Sites (6)
  #  SP           a         b         c  velocities
---  ----  --------  --------  --------  ---------------
  0  K     0.381273  0.881273  0.273367  [0.0, 0.0, 0.0]
  1  K     0.881273  0.381273  0.07043   [0.0, 0.0, 0.0]
  2  Mn    0.881273  0.881273  0.171898  [0.0, 0.0, 0.0]
  3  Mn    0.381273  0.381273  0.171898  [0.0, 0.0, 0.0]
  4  P     0.881273  0.381273  0.214631  [0.0, 0.0, 0.0]
  5  P     0.381273  0.881273  0.129165  [0.0, 0.0, 0.0]",-0.41,"Full Formula (K2 Mn2 P2)
Reduced Formula: KMnP
abc   :   3.793005   3.793005  30.478349
angles:  90.000000  90.000000  90.000000
pbc   :       True       True       True
Sites (6)
  #  SP           a         b         c
---  ----  --------  --------  --------
  0  K     0.381273  0.881273  0.275996
  1  K     0.881273  0.381273  0.067801
  2  Mn    0.881273  0.881273  0.171898
  3  Mn    0.381273  0.381273  0.171898
  4  P     0.881273  0.381273  0.213952
  5  P     0.381273  0.881273  0.129844",JVASP-6241,,,,,mp-20422,0.0166,K2 Mn2 P2
4.0399,4.0399,2.3786,95.44433333,"Full Formula (Zr1 Se2)
Reduced Formula: ZrSe2
abc   :   3.797420   3.797420  30.686907
angles:  90.000000  90.000000 120.000000
pbc   :       True       True       True
Sites (3)
  #  SP           a         b         c  velocities
---  ----  --------  --------  --------  ---------------
  0  Zr    0         0         0.145272  [0.0, 0.0, 0.0]
  1  Se    0.666667  0.333333  0.093802  [0.0, 0.0, 0.0]
  2  Se    0.333333  0.666667  0.196741  [0.0, 0.0, 0.0]",-1.306,"Full Formula (Zr1 Se2)
Reduced Formula: ZrSe2
abc   :   3.804684   3.804684  30.686907
angles:  90.000000  90.000000 120.000000
pbc   :       True       True       True
Sites (3)
  #  SP           a         b         c
---  ----  --------  --------  --------
  0  Zr    0         0         0.145272
  1  Se    0.666667  0.333333  0.093374
  2  Se    0.333333  0.666667  0.197169",JVASP-789,,,,,mp-2076,0.0488,Zr1 Se2
,,,74.82075,"Full Formula (Zr2 Te6)
Reduced Formula: ZrTe3
abc   :   5.974818   3.945295  31.506615
angles:  90.000000  96.939666  90.000000
pbc   :       True       True       True
Sites (8)
  #  SP           a     b         c  velocities
---  ----  --------  ----  --------  ---------------
  0  Zr    0.71536   0.25  0.112365  [0.0, 0.0, 0.0]
  1  Zr    0.28464   0.75  0.221109  [0.0, 0.0, 0.0]
  2  Te    0.919348  0.75  0.057953  [0.0, 0.0, 0.0]
  3  Te    0.441986  0.75  0.057972  [0.0, 0.0, 0.0]
  4  Te    0.238778  0.25  0.149143  [0.0, 0.0, 0.0]
  5  Te    0.761222  0.75  0.18433   [0.0, 0.0, 0.0]
  6  Te    0.558014  0.25  0.275501  [0.0, 0.0, 0.0]
  7  Te    0.080652  0.25  0.275521  [0.0, 0.0, 0.0]",-0.643,"Full Formula (Zr2 Te6)
Reduced Formula: ZrTe3
abc   :   5.954807   3.976361  31.506615
angles:  90.000000  96.963102  90.000000
pbc   :       True       True       True
Sites (8)
  #  SP           a     b         c
---  ----  --------  ----  --------
  0  Zr    0.715682  0.25  0.112628
  1  Zr    0.284318  0.75  0.220846
  2  Te    0.91603   0.75  0.057635
  3  Te    0.442027  0.75  0.058903
  4  Te    0.23868   0.25  0.149225
  5  Te    0.76132   0.75  0.184248
  6  Te    0.557973  0.25  0.27457
  7  Te    0.08397   0.25  0.275839",JVASP-5908,,,,,mp-2089,,Zr2 Te6
1.8661,1.8661,1.6412,100.684,"Full Formula (Sn2 O2)
Reduced Formula: SnO
abc   :   3.821819   3.821819  30.050452
angles:  90.000000  90.000000  90.000000
pbc   :       True       True       True
Sites (4)
  #  SP      a    b         c  velocities
---  ----  ---  ---  --------  ---------------
  0  Sn    0    0.5  0.127697  [0.0, 0.0, 0.0]
  1  Sn    0.5  0    0.206755  [0.0, 0.0, 0.0]
  2  O     0    0    0.167226  [0.0, 0.0, 0.0]
  3  O     0.5  0.5  0.167226  [0.0, 0.0, 0.0]",-1.328,"Full Formula (Sn2 O2)
Reduced Formula: SnO
abc   :   3.870595   3.870595  30.050452
angles:  90.000000  90.000000  90.000000
pbc   :       True       True       True
Sites (4)
  #  SP      a    b         c
---  ----  ---  ---  --------
  0  Sn    0    0.5  0.128554
  1  Sn    0.5  0    0.205898
  2  O     0    0    0.167226
  3  O     0.5  0.5  0.167226",JVASP-5888,,,,,mp-2097,3.1315,Sn2 O2
,,,168.4626667,"Full Formula (Ca2 Mn2 Si2)
Reduced Formula: CaMnSi
abc   :   3.859586   3.859586  27.723911
angles:  90.000000  90.000000  90.000000
pbc   :       True       True       True
Sites (6)
  #  SP          a        b         c  velocities
---  ----  -------  -------  --------  ---------------
  0  Ca    0.97918  0.47918  0.232344  [0.0, 0.0, 0.0]
  1  Ca    0.47918  0.97918  0.046257  [0.0, 0.0, 0.0]
  2  Mn    0.47918  0.47918  0.139301  [0.0, 0.0, 0.0]
  3  Mn    0.97918  0.97918  0.139301  [0.0, 0.0, 0.0]
  4  Si    0.47918  0.97918  0.18982   [0.0, 0.0, 0.0]
  5  Si    0.97918  0.47918  0.088781  [0.0, 0.0, 0.0]",-0.188,"Full Formula (Ca2 Mn2 Si2)
Reduced Formula: CaMnSi
abc   :   3.944070   3.944070  27.723911
angles:  90.000000  90.000000  90.000000
pbc   :       True       True       True
Sites (6)
  #  SP          a        b         c
---  ----  -------  -------  --------
  0  Ca    0.97918  0.47918  0.230166
  1  Ca    0.47918  0.97918  0.048435
  2  Mn    0.47918  0.47918  0.139301
  3  Mn    0.97918  0.97918  0.139301
  4  Si    0.47918  0.97918  0.188699
  5  Si    0.97918  0.47918  0.089902",JVASP-6664,,,,,mp-21096,,Ca2 Mn2 Si2
,,,90.236,"Full Formula (Fe2 Te2)
Reduced Formula: FeTe
abc   :   3.606740   3.606740  27.029495
angles:  90.000000  90.000000  90.000000
pbc   :       True       True       True
Sites (4)
  #  SP           a         b         c  velocities
---  ----  --------  --------  --------  ---------------
  0  Fe    0.967519  0.967519  0.130034  [0.0, 0.0, 0.0]
  1  Fe    0.467518  0.467518  0.130034  [0.0, 0.0, 0.0]
  2  Te    0.967519  0.467518  0.199051  [0.0, 0.0, 0.0]
  3  Te    0.467518  0.967519  0.061017  [0.0, 0.0, 0.0]",0.059,"Full Formula (Fe2 Te2)
Reduced Formula: FeTe
abc   :   3.632744   3.632744  27.029495
angles:  90.000000  90.000000  90.000000
pbc   :       True       True       True
Sites (4)
  #  SP           a         b         c
---  ----  --------  --------  --------
  0  Fe    0.967519  0.967519  0.130034
  1  Fe    0.467518  0.467518  0.130034
  2  Te    0.967519  0.467518  0.198891
  3  Te    0.467518  0.967519  0.061177",JVASP-6667,,,,,mp-21273,,Fe2 Te2
6.3444,6.3444,2.4654,89.71833333,"Full Formula (Ti1 S2)
Reduced Formula: TiS2
abc   :   3.409243   3.409243  30.418992
angles:  90.000000  90.000000 119.999999
pbc   :       True       True       True
Sites (3)
  #  SP           a         b         c  velocities
---  ----  --------  --------  --------  ---------------
  0  Ti    0         0         0.140679  [0.0, 0.0, 0.0]
  1  S     0.333333  0.666667  0.093962  [0.0, 0.0, 0.0]
  2  S     0.666667  0.333333  0.187397  [0.0, 0.0, 0.0]",-1.331,"Full Formula (Ti1 S2)
Reduced Formula: TiS2
abc   :   3.416998   3.416998  30.418992
angles:  90.000000  90.000000 119.999999
pbc   :       True       True       True
Sites (3)
  #  SP           a         b         c
---  ----  --------  --------  --------
  0  Ti    0         0         0.140679
  1  S     0.333333  0.666667  0.094052
  2  S     0.666667  0.333333  0.187307",JVASP-771,,,,,mp-2156,0.0895,Ti1 S2
,,,143.57175,"Full Formula (Sn2 Se2)
Reduced Formula: SnSe
abc   :   4.308751   4.309408  23.012089
angles:  90.000000  90.000000  90.000000
pbc   :       True       True       True
Sites (4)
  #  SP      a     b         c  velocities
---  ----  ---  ----  --------  ---------------
  0  Sn    0.5  0.25  0.330126  [0.0, 0.0, 0.0]
  1  Sn    0    0.75  0.452859  [0.0, 0.0, 0.0]
  2  Se    0.5  0.25  0.448297  [0.0, 0.0, 0.0]
  3  Se    0    0.75  0.334688  [0.0, 0.0, 0.0]",-0.327,"Full Formula (Sn2 Se2)
Reduced Formula: SnSe
abc   :   4.289479   4.300997  23.012089
angles:  90.000000  90.000000  90.000000
pbc   :       True       True       True
Sites (4)
  #  SP      a     b         c
---  ----  ---  ----  --------
  0  Sn    0.5  0.25  0.327389
  1  Sn    0    0.75  0.455596
  2  Se    0.5  0.25  0.446517
  3  Se    0    0.75  0.336468",JVASP-6028,,,,,mp-2168,,Sn2 Se2
8.9585,8.9585,2.6799,94.48466667,"Full Formula (Ti1 Se2)
Reduced Formula: TiSe2
abc   :   3.535874   3.535874  30.693806
angles:  90.000000  90.000000 120.000001
pbc   :       True       True       True
Sites (3)
  #  SP           a         b         c  velocities
---  ----  --------  --------  --------  ---------------
  0  Ti    0         0         0.145389  [0.0, 0.0, 0.0]
  1  Se    0.333333  0.666667  0.19574   [0.0, 0.0, 0.0]
  2  Se    0.666667  0.333333  0.095038  [0.0, 0.0, 0.0]",-1.068,"Full Formula (Ti1 Se2)
Reduced Formula: TiSe2
abc   :   3.544262   3.544262  30.693806
angles:  90.000000  90.000000 120.000001
pbc   :       True       True       True
Sites (3)
  #  SP           a         b         c
---  ----  --------  --------  --------
  0  Ti    0         0         0.145389
  1  Se    0.333333  0.666667  0.195806
  2  Se    0.666667  0.333333  0.094972",JVASP-777,,,,,mp-2194,0.0189,Ti1 Se2
3.5074,3.5074,2.7815,98.266,"Full Formula (Nb1 Se2)
Reduced Formula: NbSe2
abc   :   3.486690   3.486690  33.756999
angles:  90.000000  90.000000 119.999992
pbc   :       True       True       True
Sites (3)
  #  SP           a         b         c  velocities
---  ----  --------  --------  --------  ---------------
  0  Nb    0         0         0.305648  [0.0, 0.0, 0.0]
  1  Se    0.333333  0.666667  0.355539  [0.0, 0.0, 0.0]
  2  Se    0.333333  0.666667  0.255757  [0.0, 0.0, 0.0]",-0.764,"Full Formula (Nb1 Se2)
Reduced Formula: NbSe2
abc   :   3.489404   3.489404  33.756999
angles:  90.000000  90.000000 119.999992
pbc   :       True       True       True
Sites (3)
  #  SP           a         b         c
---  ----  --------  --------  --------
  0  Nb    0         0         0.305648
  1  Se    0.333333  0.666667  0.355533
  2  Se    0.333333  0.666667  0.255763",JVASP-655,,,,,mp-2207,0.0582,Nb1 Se2
,,,75.87883333,"Full Formula (C2 S4)
Reduced Formula: CS2
abc   :   4.106980   6.838994  29.851257
angles:  90.000000  90.000000  90.000000
pbc   :       True       True       True
Sites (6)
  #  SP          a    b         c  velocities
---  ----  -------  ---  --------  ---------------
  0  C     0.5      0    0.165006  [0.0, 0.0, 0.0]
  1  C     0        0.5  0.165006  [0.0, 0.0, 0.0]
  2  S     0.67179  0    0.11873   [0.0, 0.0, 0.0]
  3  S     0.17179  0.5  0.11873   [0.0, 0.0, 0.0]
  4  S     0.32821  0    0.211282  [0.0, 0.0, 0.0]
  5  S     0.82821  0.5  0.211282  [0.0, 0.0, 0.0]",0.323,"Full Formula (C2 S4)
Reduced Formula: CS2
abc   :   5.988628   7.291575  29.851257
angles:  90.000000  90.000000  90.000000
pbc   :       True       True       True
Sites (6)
  #  SP           a    b         c
---  ----  --------  ---  --------
  0  C     0.5       0    0.165006
  1  C     0         0.5  0.165006
  2  S     0.681521  0    0.127671
  3  S     0.181521  0.5  0.127671
  4  S     0.318479  0    0.202341
  5  S     0.818479  0.5  0.202341",JVASP-6895,,,,,mp-2232,,C2 S4
3.7882,3.7882,2.4359,76.27233333,"Full Formula (W1 S2)
Reduced Formula: WS2
abc   :   3.191197   3.191197  30.202402
angles:  90.000000  90.000000 120.000014
pbc   :       True       True       True
Sites (3)
  #  SP           a         b         c  velocities
---  ----  --------  --------  --------  ---------------
  0  W     0.666667  0.333333  0.352681  [0.0, 0.0, 0.0]
  1  S     0.333333  0.666667  0.300538  [0.0, 0.0, 0.0]
  2  S     0.333333  0.666667  0.404823  [0.0, 0.0, 0.0]",-0.819,"Full Formula (W1 S2)
Reduced Formula: WS2
abc   :   3.190731   3.190731  30.202402
angles:  90.000000  90.000000 120.000014
pbc   :       True       True       True
Sites (3)
  #  SP           a         b         c
---  ----  --------  --------  --------
  0  W     0.666667  0.333333  0.352681
  1  S     0.333333  0.666667  0.300597
  2  S     0.333333  0.666667  0.404764",JVASP-658,,,,,mp-224,1.3372,W1 S2
,,,70.53065,"Full Formula (In1 Ag1 P2 S6)
Reduced Formula: InAg(PS3)2
abc   :   6.222266   6.222267  28.369966
angles:  90.000000  90.000000 120.000002
pbc   :       True       True       True
Sites (10)
  #  SP           a         b         c  velocities
---  ----  --------  --------  --------  ---------------
  0  In    0         0         0.12663   [0.0, 0.0, 0.0]
  1  Ag    0.666667  0.333333  0.12663   [0.0, 0.0, 0.0]
  2  P     0.333333  0.666667  0.086607  [0.0, 0.0, 0.0]
  3  P     0.333333  0.666667  0.166653  [0.0, 0.0, 0.0]
  4  S     0.025391  0.681049  0.066398  [0.0, 0.0, 0.0]
  5  S     0.655659  0.974609  0.066398  [0.0, 0.0, 0.0]
  6  S     0.318951  0.344341  0.066398  [0.0, 0.0, 0.0]
  7  S     0.318951  0.974609  0.186862  [0.0, 0.0, 0.0]
  8  S     0.025391  0.344341  0.186862  [0.0, 0.0, 0.0]
  9  S     0.655659  0.681049  0.186862  [0.0, 0.0, 0.0]",-0.286,"Full Formula (In1 Ag1 P2 S6)
Reduced Formula: InAg(PS3)2
abc   :   6.259189   6.259190  28.369966
angles:  90.000000  90.000000 120.000003
pbc   :       True       True       True
Sites (10)
  #  SP           a         b         c
---  ----  --------  --------  --------
  0  In    0         0         0.12663
  1  Ag    0.666667  0.333333  0.12663
  2  P     0.333333  0.666667  0.086773
  3  P     0.333333  0.666667  0.166487
  4  S     0.028568  0.682702  0.066551
  5  S     0.654135  0.971432  0.066551
  6  S     0.317298  0.345865  0.066551
  7  S     0.317298  0.971432  0.186709
  8  S     0.028568  0.345865  0.186709
  9  S     0.654135  0.682702  0.186709",JVASP-6385,,,,,mp-22661,,In1 Ag1 P2 S6
9.8961,6.742,2.9383,84.89891667,"Full Formula (Te4 W2)
Reduced Formula: Te2W
abc   :   3.510120   6.315523  35.431851
angles:  90.000000  90.000000  90.000000
pbc   :       True       True       True
Sites (6)
  #  SP      a         b         c  velocities
---  ----  ---  --------  --------  ---------------
  0  Te    0    0.206224  0.179051  [0.0, 0.0, 0.0]
  1  Te    0.5  0.698533  0.16178   [0.0, 0.0, 0.0]
  2  Te    0    0.860465  0.280326  [0.0, 0.0, 0.0]
  3  Te    0.5  0.352773  0.263061  [0.0, 0.0, 0.0]
  4  W     0.5  0.95715   0.223956  [0.0, 0.0, 0.0]
  5  W     0    0.601843  0.21816   [0.0, 0.0, 0.0]",0.012,"Full Formula (Te4 W2)
Reduced Formula: Te2W
abc   :   3.497941   6.338274  35.431851
angles:  90.000000  90.000000  90.000000
pbc   :       True       True       True
Sites (6)
  #  SP      a         b         c
---  ----  ---  --------  --------
  0  Te    0    0.207782  0.179421
  1  Te    0.5  0.699499  0.161864
  2  Te    0    0.859275  0.280251
  3  Te    0.5  0.351334  0.262685
  4  W     0.5  0.957715  0.223945
  5  W     0    0.601382  0.218168",JVASP-661,,,,,mp-22693,0.0101,Te4 W2
,,,196.3061083,"Full Formula (Hg2 Cl4)
Reduced Formula: HgCl2
abc   :   4.094962  13.015471  25.603722
angles:  90.000000  90.000000  90.000000
pbc   :       True       True       True
Sites (6)
  #  SP            a         b        c  velocities
---  ----  ---------  --------  -------  ---------------
  0  Hg     0.500438  0.373775  0.06448  [0.0, 0.0, 0.0]
  1  Hg    -0.000438  0.873775  0.06448  [0.0, 0.0, 0.0]
  2  Cl     0.643898  0.012018  0.06448  [0.0, 0.0, 0.0]
  3  Cl     0.144603  0.235567  0.06448  [0.0, 0.0, 0.0]
  4  Cl     0.856102  0.512018  0.06448  [0.0, 0.0, 0.0]
  5  Cl     0.355397  0.735567  0.06448  [0.0, 0.0, 0.0]",-0.373,"Full Formula (Hg2 Cl4)
Reduced Formula: HgCl2
abc   :   4.367340  13.584397  25.603722
angles:  90.000000  90.000000  90.000000
pbc   :       True       True       True
Sites (6)
  #  SP           a         b        c
---  ----  --------  --------  -------
  0  Hg    0.442518  0.373933  0.06448
  1  Hg    0.057482  0.873933  0.06448
  2  Cl    0.724534  0.006681  0.06448
  3  Cl    0.110747  0.240746  0.06448
  4  Cl    0.775466  0.506681  0.06448
  5  Cl    0.389253  0.740746  0.06448",JVASP-6430,,,,,mp-22855,,Hg2 Cl4
,,,211.1025667,"Full Formula (Te2 Ir1)
Reduced Formula: Te2Ir
abc   :   3.870282   3.870281  25.543341
angles:  90.000000  90.000000 120.000000
pbc   :       True       True       True
Sites (3)
  #  SP           a         b         c  velocities
---  ----  --------  --------  --------  ---------------
  0  Te    0.42964   0.46922   0.166658  [0.0, 0.0, 0.0]
  1  Te    0.762974  0.135886  0.05036   [0.0, 0.0, 0.0]
  2  Ir    0.096307  0.802553  0.108509  [0.0, 0.0, 0.0]",-0.035,"Full Formula (Te2 Ir1)
Reduced Formula: Te2Ir
abc   :   3.987839   3.987838  25.543341
angles:  90.000000  90.000000 120.000000
pbc   :       True       True       True
Sites (3)
  #  SP           a         b         c
---  ----  --------  --------  --------
  0  Te    0.42964   0.46922   0.16201
  1  Te    0.762974  0.135886  0.055008
  2  Ir    0.096307  0.802553  0.108509",JVASP-5953,,,,,mp-2285,,Te2 Ir1
2.4201,2.4201,2.2718,87.35653333,"Full Formula (Pb1 I2)
Reduced Formula: PbI2
abc   :   4.566686   4.566686  28.631787
angles:  90.000000  90.000000 119.999999
pbc   :       True       True       True
Sites (3)
  #  SP           a         b         c  velocities
---  ----  --------  --------  --------  ---------------
  0  Pb    0.311575  0.578942  0.137562  [0.0, 0.0, 0.0]
  1  I     0.644909  0.245608  0.070921  [0.0, 0.0, 0.0]
  2  I     0.978242  0.912275  0.204201  [0.0, 0.0, 0.0]",-0.571,"Full Formula (Pb1 I2)
Reduced Formula: PbI2
abc   :   4.684934   4.684934  28.631787
angles:  90.000000  90.000000 119.999999
pbc   :       True       True       True
Sites (3)
  #  SP           a         b         c
---  ----  --------  --------  --------
  0  Pb    0.311575  0.578942  0.137562
  1  I     0.644909  0.245608  0.072765
  2  I     0.978242  0.912275  0.202357",JVASP-5995,,,,,mp-22883,2.639,Pb1 I2
2.4801,2.4801,2.3253,88.93356667,"Full Formula (Pb1 I2)
Reduced Formula: PbI2
abc   :   4.566921   4.566921  27.503160
angles:  90.000000  90.000000 119.999999
pbc   :       True       True       True
Sites (3)
  #  SP           a         b         c  velocities
---  ----  --------  --------  --------  ---------------
  0  Pb    0.261895  0.923771  0.136405  [0.0, 0.0, 0.0]
  1  I     0.595228  0.590438  0.205769  [0.0, 0.0, 0.0]
  2  I     0.928562  0.257104  0.067042  [0.0, 0.0, 0.0]",-0.571,"Full Formula (Pb1 I2)
Reduced Formula: PbI2
abc   :   4.689420   4.689420  27.503160
angles:  90.000000  90.000000 120.000000
pbc   :       True       True       True
Sites (3)
  #  SP           a         b         c
---  ----  --------  --------  --------
  0  Pb    0.261895  0.923771  0.136405
  1  I     0.595228  0.590438  0.203794
  2  I     0.928562  0.257104  0.069017",JVASP-6706,,,,,mp-22893,2.6386,Pb1 I2
,,,200.2513667,"Full Formula (Te2 Rh1)
Reduced Formula: Te2Rh
abc   :   3.778769   3.778769  25.515811
angles:  90.000000  90.000000 119.999999
pbc   :       True       True       True
Sites (3)
  #  SP           a         b         c  velocities
---  ----  --------  --------  --------  ---------------
  0  Te    0.431186  0.470351  0.168446  [0.0, 0.0, 0.0]
  1  Te    0.76452   0.137017  0.047726  [0.0, 0.0, 0.0]
  2  Rh    0.097853  0.803684  0.108086  [0.0, 0.0, 0.0]",-0.167,"Full Formula (Te2 Rh1)
Reduced Formula: Te2Rh
abc   :   3.962446   3.962446  25.515811
angles:  90.000000  90.000000 120.000000
pbc   :       True       True       True
Sites (3)
  #  SP           a         b         c
---  ----  --------  --------  --------
  0  Te    0.431186  0.470351  0.162101
  1  Te    0.76452   0.137017  0.054071
  2  Rh    0.097853  0.803684  0.108086",JVASP-5938,,,,,mp-228,,Te2 Rh1
2.0734,2.0734,2.0089,75.3730275,"Full Formula (Cu2 Br2)
Reduced Formula: CuBr
abc   :   3.850600   3.850600  23.172608
angles:  90.000000  90.000000  90.000000
pbc   :       True       True       True
Sites (4)
  #  SP       a     b         c  velocities
---  ----  ----  ----  --------  ---------------
  0  Br    -0     0.5  0.139613  [0.0, 0.0, 0.0]
  1  Br     0.5  -0    0.997299  [0.0, 0.0, 0.0]
  2  Cu     0.5   0.5  0.068456  [0.0, 0.0, 0.0]
  3  Cu     0     0    0.068456  [0.0, 0.0, 0.0]",-0.18,"Full Formula (Cu2 Br2)
Reduced Formula: CuBr
abc   :   3.913750   3.913750  23.172608
angles:  90.000000  90.000000  90.000000
pbc   :       True       True       True
Sites (4)
  #  SP      a    b         c
---  ----  ---  ---  --------
  0  Br    0    0.5  0.136912
  1  Br    0.5  0    0
  2  Cu    0.5  0.5  0.068456
  3  Cu    0    0    0.068456",JVASP-60257,,,,,mp-22917,1.6657,Br2 Cu2
,,,55.68093333,"Full Formula (Pb2 I2 F2)
Reduced Formula: PbIF
abc   :   4.188033   4.188033  28.459698
angles:  90.000000  90.000000  90.000000
pbc   :       True       True       True
Sites (6)
  #  SP           a         b         c  velocities
---  ----  --------  --------  --------  ---------------
  0  Pb    0.616622  0.116622  0.2183    [0.0, 0.0, 0.0]
  1  Pb    0.116622  0.616622  0.114089  [0.0, 0.0, 0.0]
  2  I     0.116622  0.616622  0.275396  [0.0, 0.0, 0.0]
  3  I     0.616622  0.116622  0.056993  [0.0, 0.0, 0.0]
  4  F     0.116622  0.116622  0.166195  [0.0, 0.0, 0.0]
  5  F     0.616622  0.616622  0.166195  [0.0, 0.0, 0.0]",-1.544,"Full Formula (Pb2 I2 F2)
Reduced Formula: PbIF
abc   :   4.235855   4.235855  28.459698
angles:  90.000000  90.000000  90.000000
pbc   :       True       True       True
Sites (6)
  #  SP           a         b         c
---  ----  --------  --------  --------
  0  Pb    0.616622  0.116622  0.21847
  1  Pb    0.116622  0.616622  0.113919
  2  I     0.116622  0.616622  0.275275
  3  I     0.616622  0.116622  0.057114
  4  F     0.116622  0.116622  0.166195
  5  F     0.616622  0.616622  0.166195",JVASP-6721,,,,,mp-22969,,Pb2 I2 F2
2.992,2.6208,2.4507,124.3515833,"Full Formula (Sb2 S2 Br2)
Reduced Formula: SbSBr
abc   :   3.994180   6.913753  28.677471
angles:  90.000000  90.000000  90.000000
pbc   :       True       True       True
Sites (6)
  #  SP       a         b         c  velocities
---  ----  ----  --------  --------  ---------------
  0  Sb    0.75  0.269841  0.152267  [0.0, 0.0, 0.0]
  1  Sb    0.25  0.730159  0.150322  [0.0, 0.0, 0.0]
  2  S     0.75  0.576295  0.201516  [0.0, 0.0, 0.0]
  3  S     0.25  0.423705  0.101073  [0.0, 0.0, 0.0]
  4  Br    0.25  0.110119  0.219005  [0.0, 0.0, 0.0]
  5  Br    0.75  0.889881  0.083583  [0.0, 0.0, 0.0]",-0.382,"Full Formula (Sb2 S2 Br2)
Reduced Formula: SbSBr
abc   :   3.994595  10.385603  28.677471
angles:  90.000000  90.000000  90.000000
pbc   :       True       True       True
Sites (6)
  #  SP       a         b         c
---  ----  ----  --------  --------
  0  Sb    0.75  0.368508  0.119622
  1  Sb    0.25  0.631492  0.182967
  2  S     0.75  0.462604  0.199927
  3  S     0.25  0.537396  0.102662
  4  Br    0.25  0.190959  0.158899
  5  Br    0.75  0.809041  0.143689",JVASP-6409,,,,,mp-22971,1.5463,Sb2 S2 Br2
3.1629,3.1887,2.661,236.6321,"Full Formula (Sb2 Se2 I2)
Reduced Formula: SbSeI
abc   :   3.878287   7.352824  29.163713
angles:  90.000000  90.000000  90.000000
pbc   :       True       True       True
Sites (6)
  #  SP       a         b         c  velocities
---  ----  ----  --------  --------  ---------------
  0  Sb    0.75  0.204168  0.054245  [0.0, 0.0, 0.0]
  1  Sb    0.25  0.704168  0.102863  [0.0, 0.0, 0.0]
  2  Se    0.25  0.037622  0.008268  [0.0, 0.0, 0.0]
  3  Se    0.75  0.537622  0.14884   [0.0, 0.0, 0.0]
  4  I     0.75  0.53884   0.003539  [0.0, 0.0, 0.0]
  5  I     0.25  0.03884   0.153569  [0.0, 0.0, 0.0]",-0.101,"Full Formula (Sb2 Se2 I2)
Reduced Formula: SbSeI
abc   :   4.187346  11.100488  29.163713
angles:  90.000000  90.000000  90.000000
pbc   :       True       True       True
Sites (6)
  #  SP       a         b         c
---  ----  ----  --------  --------
  0  Sb    0.75  0.129311  0.031382
  1  Sb    0.25  0.629311  0.125726
  2  Se    0.25  0.964608  0.051938
  3  Se    0.75  0.464608  0.10517
  4  I     0.75  0.686711  0.009367
  5  I     0.25  0.186711  0.147741",JVASP-6361,,,,,mp-22996,1.189,Sb2 Se2 I2
,,,101.7032,"Full Formula (Sb2 S2 I2)
Reduced Formula: SbSI
abc   :   3.796916   6.126442  28.135263
angles:  90.000000  90.000000  90.000000
pbc   :       True       True       True
Sites (6)
  #  SP       a         b         c  velocities
---  ----  ----  --------  --------  ---------------
  0  Sb    0.25  0.853091  0.078483  [0.0, 0.0, 0.0]
  1  Sb    0.75  0.353091  0.208262  [0.0, 0.0, 0.0]
  2  S     0.75  0.853023  0.020384  [0.0, 0.0, 0.0]
  3  S     0.25  0.353023  0.26636   [0.0, 0.0, 0.0]
  4  I     0.25  0.353037  0.097595  [0.0, 0.0, 0.0]
  5  I     0.75  0.853037  0.189149  [0.0, 0.0, 0.0]",-0.151,"Full Formula (Sb2 S2 I2)
Reduced Formula: SbSI
abc   :   3.675182  12.236944  28.135263
angles:  90.000000  90.000000  90.000000
pbc   :       True       True       True
Sites (6)
  #  SP       a         b         c
---  ----  ----  --------  --------
  0  Sb    0.25  0.812839  0.077989
  1  Sb    0.75  0.312839  0.208756
  2  S     0.75  0.928835  0.043479
  3  S     0.25  0.428835  0.243265
  4  I     0.25  0.317477  0.121624
  5  I     0.75  0.817477  0.16512",JVASP-6724,,,,,mp-23007,,Sb2 S2 I2
3.028,2.7434,1.9502,217.4879167,"Full Formula (Bi2 Se2 I2)
Reduced Formula: BiSeI
abc   :   4.320312  10.727042  25.037106
angles:  90.000000  90.000000  90.000000
pbc   :       True       True       True
Sites (6)
  #  SP       a         b         c  velocities
---  ----  ----  --------  --------  ---------------
  0  Bi    0.75  0.362197  0.212331  [0.0, 0.0, 0.0]
  1  Bi    0.25  0.637803  0.148618  [0.0, 0.0, 0.0]
  2  Se    0.75  0.465812  0.11396   [0.0, 0.0, 0.0]
  3  Se    0.25  0.534188  0.246989  [0.0, 0.0, 0.0]
  4  I     0.25  0.164664  0.177406  [0.0, 0.0, 0.0]
  5  I     0.75  0.835336  0.183543  [0.0, 0.0, 0.0]",-0.218,"Full Formula (Bi2 Se2 I2)
Reduced Formula: BiSeI
abc   :   4.273991  11.277488  25.037106
angles:  90.000000  90.000000  90.000000
pbc   :       True       True       True
Sites (6)
  #  SP       a         b         c
---  ----  ----  --------  --------
  0  Bi    0.75  0.371898  0.220448
  1  Bi    0.25  0.628102  0.140501
  2  Se    0.75  0.461276  0.118537
  3  Se    0.25  0.538724  0.242412
  4  I     0.25  0.184248  0.171834
  5  I     0.75  0.815752  0.189115",JVASP-6727,,,,,mp-23020,1.8501,Bi2 Se2 I2
,,,200.9574333,"Full Formula (Sb2 S2 I2)
Reduced Formula: SbSI
abc   :   4.143117  10.396175  27.019783
angles:  90.000000  90.000000  90.000000
pbc   :       True       True       True
Sites (6)
  #  SP       a         b         c  velocities
---  ----  ----  --------  --------  ---------------
  0  Sb    0.75  0.36787   0.197987  [0.0, 0.0, 0.0]
  1  Sb    0.25  0.63213   0.135834  [0.0, 0.0, 0.0]
  2  S     0.75  0.463047  0.114556  [0.0, 0.0, 0.0]
  3  S     0.25  0.536953  0.219265  [0.0, 0.0, 0.0]
  4  I     0.25  0.171677  0.160647  [0.0, 0.0, 0.0]
  5  I     0.75  0.828323  0.173174  [0.0, 0.0, 0.0]",-0.171,"Full Formula (Sb2 S2 I2)
Reduced Formula: SbSI
abc   :   4.110742  10.786730  27.019783
angles:  90.000000  90.000000  90.000000
pbc   :       True       True       True
Sites (6)
  #  SP       a         b         c
---  ----  ----  --------  --------
  0  Sb    0.75  0.375379  0.200933
  1  Sb    0.25  0.624621  0.132888
  2  S     0.75  0.464359  0.115701
  3  S     0.25  0.535641  0.21812
  4  I     0.25  0.183946  0.158739
  5  I     0.75  0.816054  0.175082",JVASP-6730,,,,,mp-23041,,Sb2 S2 I2
,,,124.9471,"Full Formula (Bi4 Se6)
Reduced Formula: Bi2Se3
abc   :   4.173084   9.963808  29.535619
angles:  90.000000  90.000000  90.000000
pbc   :       True       True       True
Sites (10)
  #  SP       a          b         c  velocities
---  ----  ----  ---------  --------  ---------------
  0  Bi    0.25   0.513272  0.14571   [0.0, 0.0, 0.0]
  1  Bi    0.75   0.858216  0.181455  [0.0, 0.0, 0.0]
  2  Bi    0.25   0.141784  0.242969  [0.0, 0.0, 0.0]
  3  Bi    0.75   0.486728  0.278714  [0.0, 0.0, 0.0]
  4  Se    0.75   0.660319  0.103894  [0.0, 0.0, 0.0]
  5  Se    0.25   0.033134  0.150735  [0.0, 0.0, 0.0]
  6  Se    0.75   0.334859  0.20129   [0.0, 0.0, 0.0]
  7  Se    0.25   0.665141  0.223134  [0.0, 0.0, 0.0]
  8  Se    0.75  -0.033134  0.273689  [0.0, 0.0, 0.0]
  9  Se    0.25   0.339681  0.320529  [0.0, 0.0, 0.0]",-0.254,"Full Formula (Bi4 Se6)
Reduced Formula: Bi2Se3
abc   :   4.160115  11.622269  29.535619
angles:  90.000000  90.000000  90.000000
pbc   :       True       True       True
Sites (10)
  #  SP       a         b         c
---  ----  ----  --------  --------
  0  Bi    0.25  0.538085  0.149097
  1  Bi    0.75  0.830447  0.203006
  2  Bi    0.25  0.169553  0.221418
  3  Bi    0.75  0.461915  0.275327
  4  Se    0.75  0.694905  0.122254
  5  Se    0.25  0.951593  0.158726
  6  Se    0.75  0.364794  0.190533
  7  Se    0.25  0.635206  0.233891
  8  Se    0.75  0.048407  0.265698
  9  Se    0.25  0.305095  0.302169",JVASP-6736,,,,,mp-23164,,Bi4 Se6
,,,61.94083333,"Full Formula (Sb2 Cl10)
Reduced Formula: SbCl5
abc   :   7.947908   6.361318  31.010246
angles:  90.000000  90.000000 102.677336
pbc   :       True       True       True
Sites (12)
  #  SP           a         b         c  velocities
---  ----  --------  --------  --------  ---------------
  0  Sb    0.245354  0.317     0.697478  [0.0, 0.0, 0.0]
  1  Sb    0.769539  0.72076   0.591592  [0.0, 0.0, 0.0]
  2  Cl    0.647422  0.355131  0.581404  [0.0, 0.0, 0.0]
  3  Cl    0.210028  0.188016  0.626814  [0.0, 0.0, 0.0]
  4  Cl    0.804865  0.849744  0.662256  [0.0, 0.0, 0.0]
  5  Cl    0.36747   0.682629  0.707666  [0.0, 0.0, 0.0]
  6  Cl    0.526509  0.239416  0.69947   [0.0, 0.0, 0.0]
  7  Cl    0.964636  0.392515  0.697973  [0.0, 0.0, 0.0]
  8  Cl    0.162719  0.08205   0.755791  [0.0, 0.0, 0.0]
  9  Cl    0.852174  0.95571   0.533279  [0.0, 0.0, 0.0]
 10  Cl    0.050257  0.645245  0.591097  [0.0, 0.0, 0.0]
 11  Cl    0.488384  0.798344  0.5896    [0.0, 0.0, 0.0]",-0.53,"Full Formula (Sb2 Cl10)
Reduced Formula: SbCl5
abc   :   8.434759   8.010246  31.010246
angles:  90.000000  90.000000 120.000000
pbc   :       True       True       True
Sites (12)
  #  SP           a         b         c
---  ----  --------  --------  --------
  0  Sb    0.178307  0.352213  0.709113
  1  Sb    0.836586  0.685547  0.579957
  2  Cl    0.676926  0.349306  0.579958
  3  Cl    0.098478  0.184093  0.643972
  4  Cl    0.916415  0.853667  0.645098
  5  Cl    0.337966  0.688454  0.709112
  6  Cl    0.460097  0.352213  0.709113
  7  Cl    0.896517  0.352213  0.709113
  8  Cl    0.098478  0.184093  0.774253
  9  Cl    0.916415  0.853667  0.514817
 10  Cl    0.118376  0.685547  0.579957
 11  Cl    0.554796  0.685547  0.579957",JVASP-6532,,,,,mp-23176,,Sb2 Cl10
1.2537,1.2537,1.141,108.177925,"Full Formula (B1 Cl3)
Reduced Formula: BCl3
abc   :   6.100899   6.100898  25.655882
angles:  90.000000  90.000000 119.999999
pbc   :       True       True       True
Sites (4)
  #  SP           a         b         c  velocities
---  ----  --------  --------  --------  ---------------
  0  B     0.333333  0.666667  0.074602  [0.0, 0.0, 0.0]
  1  Cl    0.047824  0.381008  0.074602  [0.0, 0.0, 0.0]
  2  Cl    0.618992  0.666816  0.074602  [0.0, 0.0, 0.0]
  3  Cl    0.333184  0.952176  0.074602  [0.0, 0.0, 0.0]",-0.844,"Full Formula (B1 Cl3)
Reduced Formula: BCl3
abc   :   6.477791   6.477790  25.655882
angles:  90.000000  90.000000 119.999999
pbc   :       True       True       True
Sites (4)
  #  SP           a         b         c
---  ----  --------  --------  --------
  0  B     0.333333  0.666667  0.074602
  1  Cl    0.068786  0.393166  0.074602
  2  Cl    0.606834  0.67562   0.074602
  3  Cl    0.32438   0.931214  0.074602",JVASP-5905,,,,,mp-23184,4.7605,B1 Cl3
2.2668,2.2668,2.2133,109.3145667,"Full Formula (Hg1 I2)
Reduced Formula: HgI2
abc   :   4.368832   4.368832  25.869669
angles:  90.000000  90.000000  90.000000
pbc   :       True       True       True
Sites (3)
  #  SP      a    b         c  velocities
---  ----  ---  ---  --------  ---------------
  0  Hg    0.5  0.5  0.268068  [0.0, 0.0, 0.0]
  1  I     0.5  0    0.197255  [0.0, 0.0, 0.0]
  2  I     0    0.5  0.338882  [0.0, 0.0, 0.0]",-0.125,"Full Formula (Hg1 I2)
Reduced Formula: HgI2
abc   :   4.520633   4.520633  25.869669
angles:  90.000000  90.000000  90.000000
pbc   :       True       True       True
Sites (3)
  #  SP      a    b         c
---  ----  ---  ---  --------
  0  Hg    0.5  0.5  0.268068
  1  I     0.5  0    0.199688
  2  I     0    0.5  0.336449",JVASP-6739,,,,,mp-23192,1.7517,Hg1 I2
15.7542,15.7542,2.4458,72.34425,"Full Formula (Fe2 Cl6)
Reduced Formula: FeCl3
abc   :   5.791948   5.791948  19.233131
angles:  90.000000  90.000000 119.999998
pbc   :       True       True       True
Sites (8)
  #  SP           a         b         c  velocities
---  ----  --------  --------  --------  ---------------
  0  Fe    0         0         0.333335  [0.0, 0.0, 0.0]
  1  Fe    0.333333  0.666667  0.333332  [0.0, 0.0, 0.0]
  2  Cl    0.309132  0.333335  0.266531  [0.0, 0.0, 0.0]
  3  Cl    0.666665  0.975799  0.266531  [0.0, 0.0, 0.0]
  4  Cl    0.024201  0.690868  0.266531  [0.0, 0.0, 0.0]
  5  Cl    0.024201  0.333332  0.400136  [0.0, 0.0, 0.0]
  6  Cl    0.309132  0.975799  0.400136  [0.0, 0.0, 0.0]
  7  Cl    0.666668  0.690868  0.400136  [0.0, 0.0, 0.0]",-0.615,"Full Formula (Fe2 Cl6)
Reduced Formula: FeCl3
abc   :   5.931882   5.931882  19.233131
angles:  90.000000  90.000000 120.000000
pbc   :       True       True       True
Sites (8)
  #  SP           a         b         c
---  ----  --------  --------  --------
  0  Fe    0         0         0.333321
  1  Fe    0.333333  0.666667  0.333346
  2  Cl    0.293063  0.333269  0.266603
  3  Cl    0.666731  0.959795  0.266603
  4  Cl    0.040205  0.706937  0.266603
  5  Cl    0.04027   0.333398  0.400064
  6  Cl    0.293128  0.95973   0.400064
  7  Cl    0.666602  0.706872  0.400064",JVASP-6742,,,,,mp-23204,1.0017,Fe2 Cl6
1.8968,1.8968,1.8,82.05643333,"Full Formula (Mg1 I2)
Reduced Formula: MgI2
abc   :   4.160715   4.160715  27.731276
angles:  90.000000  90.000000 120.000001
pbc   :       True       True       True
Sites (3)
  #  SP           a         b         c  velocities
---  ----  --------  --------  --------  ---------------
  0  Mg    0.448502  0.060377  0.139396  [0.0, 0.0, 0.0]
  1  I     0.115169  0.39371   0.199868  [0.0, 0.0, 0.0]
  2  I     0.781835  0.727044  0.078925  [0.0, 0.0, 0.0]",-1.044,"Full Formula (Mg1 I2)
Reduced Formula: MgI2
abc   :   4.209498   4.209498  27.731276
angles:  90.000000  90.000000 120.000000
pbc   :       True       True       True
Sites (3)
  #  SP           a         b         c
---  ----  --------  --------  --------
  0  Mg    0.448502  0.060377  0.139396
  1  I     0.115169  0.39371   0.199744
  2  I     0.781835  0.727044  0.079049",JVASP-5965,,,,,mp-23205,3.7951,Mg1 I2
1.4259,1.4259,1.3952,63.48626667,"Full Formula (Mg1 Cl2)
Reduced Formula: MgCl2
abc   :   3.641321   3.641321  29.722000
angles:  90.000000  90.000000 120.000480
pbc   :       True       True       True
Sites (3)
  #  SP            a         b         c  velocities
---  ----  ---------  --------  --------  ---------------
  0  Cl     0.666668  0.333332  0.396132  [0.0, 0.0, 0.0]
  1  Cl    -7e-06     7e-06     0.488572  [0.0, 0.0, 0.0]
  2  Mg     0.333339  0.666661  0.442394  [0.0, 0.0, 0.0]",-1.918,"Full Formula (Mg1 Cl2)
Reduced Formula: MgCl2
abc   :   3.675900   3.675900  29.722000
angles:  90.000000  90.000000 120.000000
pbc   :       True       True       True
Sites (3)
  #  SP         a       b         c
---  ----  ------  ------  --------
  0  Cl    0.6667  0.3333  0.396139
  1  Cl    0       0       0.488571
  2  Mg    0.3333  0.6667  0.442388",JVASP-20007,6.8543,1.4052,1.4041,1.3694,mp-23210,3.62,Cl2 Mg1
1.3481,1.3481,1.1773,125.359225,"Full Formula (B1 Br3)
Reduced Formula: BBr3
abc   :   6.469339   6.469340  25.243618
angles:  90.000000  90.000000 119.999999
pbc   :       True       True       True
Sites (4)
  #  SP           a         b         c  velocities
---  ----  --------  --------  --------  ---------------
  0  B     0.333333  0.666667  0.081641  [0.0, 0.0, 0.0]
  1  Br    0.038906  0.372552  0.081641  [0.0, 0.0, 0.0]
  2  Br    0.627448  0.666354  0.081641  [0.0, 0.0, 0.0]
  3  Br    0.333646  0.961094  0.081641  [0.0, 0.0, 0.0]",-0.356,"Full Formula (B1 Br3)
Reduced Formula: BBr3
abc   :   7.000120   7.000120  25.243618
angles:  90.000000  90.000000 119.999999
pbc   :       True       True       True
Sites (4)
  #  SP           a         b         c
---  ----  --------  --------  --------
  0  B     0.333333  0.666667  0.081641
  1  Br    0.07017   0.384909  0.081641
  2  Br    0.615091  0.685261  0.081641
  3  Br    0.314739  0.92983   0.081641",JVASP-6004,,,,,mp-23225,3.8083,B1 Br3
4.5903,4.5903,1.9078,67.4109,"Full Formula (Fe1 Cl2)
Reduced Formula: FeCl2
abc   :   3.497589   3.497589  27.012592
angles:  90.000000  90.000000 119.999999
pbc   :       True       True       True
Sites (3)
  #  SP           a         b         c  velocities
---  ----  --------  --------  --------  ---------------
  0  Fe    0.478246  0.278303  0.370431  [0.0, 0.0, 0.0]
  1  Cl    0.144913  0.611636  0.422544  [0.0, 0.0, 0.0]
  2  Cl    0.811579  0.94497   0.318317  [0.0, 0.0, 0.0]",-0.674,"Full Formula (Fe1 Cl2)
Reduced Formula: FeCl2
abc   :   3.524468   3.524468  27.012592
angles:  90.000000  90.000000 120.000000
pbc   :       True       True       True
Sites (3)
  #  SP           a         b         c
---  ----  --------  --------  --------
  0  Fe    0.478246  0.278303  0.370431
  1  Cl    0.144913  0.611636  0.422327
  2  Cl    0.811579  0.94497   0.318534",JVASP-6055,,,,,mp-23229,0.0673,Fe1 Cl2
1.4079,1.3142,1.4062,96.0695625,"Full Formula (P2 Cl6)
Reduced Formula: PCl3
abc   :   5.808104   7.943295  30.074485
angles:  90.000000  90.000000  90.000000
pbc   :       True       True       True
Sites (8)
  #  SP           a         b         c  velocities
---  ----  --------  --------  --------  ---------------
  0  P     0.395436  0.518345  0.083746  [0.0, 0.0, 0.0]
  1  P     0.104564  0.018345  0.083746  [0.0, 0.0, 0.0]
  2  Cl    0.19057   0.588941  0.030387  [0.0, 0.0, 0.0]
  3  Cl    0.30943   0.088941  0.030387  [0.0, 0.0, 0.0]
  4  Cl    0.869098  0.215632  0.083746  [0.0, 0.0, 0.0]
  5  Cl    0.630902  0.715632  0.083746  [0.0, 0.0, 0.0]
  6  Cl    0.30943   0.088941  0.137105  [0.0, 0.0, 0.0]
  7  Cl    0.19057   0.588941  0.137105  [0.0, 0.0, 0.0]",-0.57,"Full Formula (P2 Cl6)
Reduced Formula: PCl3
abc   :   6.523152   8.987533  30.074485
angles:  90.000000  90.000000  90.000000
pbc   :       True       True       True
Sites (8)
  #  SP           a         b         c
---  ----  --------  --------  --------
  0  P     0.423728  0.527499  0.083746
  1  P     0.076272  0.027499  0.083746
  2  Cl    0.244751  0.597142  0.030857
  3  Cl    0.255249  0.097142  0.030857
  4  Cl    0.851338  0.190076  0.083746
  5  Cl    0.648662  0.690076  0.083746
  6  Cl    0.255249  0.097142  0.136635
  7  Cl    0.244751  0.597142  0.136635",JVASP-6139,,,,,mp-23230,1.968,P2 Cl6
4.3704,2.9739,2.2565,111.2315625,"Full Formula (Ti2 I6)
Reduced Formula: TiI3
abc   :   6.407144   7.117742  25.339268
angles:  90.000000  90.000000  90.000000
pbc   :       True       True       True
Sites (8)
  #  SP           a         b         c  velocities
---  ----  --------  --------  --------  ---------------
  0  Ti    0.729041  0.752966  0.263213  [0.0, 0.0, 0.0]
  1  Ti    0.270959  0.752966  0.263213  [0.0, 0.0, 0.0]
  2  I     0.5       0.589057  0.183486  [0.0, 0.0, 0.0]
  3  I     0         0.911228  0.186643  [0.0, 0.0, 0.0]
  4  I     0.5       0.079434  0.263213  [0.0, 0.0, 0.0]
  5  I     0         0.438785  0.263213  [0.0, 0.0, 0.0]
  6  I     0         0.911228  0.339784  [0.0, 0.0, 0.0]
  7  I     0.5       0.589057  0.342941  [0.0, 0.0, 0.0]",-0.707,"Full Formula (Ti2 I6)
Reduced Formula: TiI3
abc   :   6.477562   7.731792  25.339268
angles:  90.000000  90.000000  90.000000
pbc   :       True       True       True
Sites (8)
  #  SP           a         b         c
---  ----  --------  --------  --------
  0  Ti    0.723415  0.753054  0.263213
  1  Ti    0.276585  0.753054  0.263213
  2  I     0.5       0.60249   0.183308
  3  I     0         0.897275  0.187203
  4  I     0.5       0.05458   0.263213
  5  I     0         0.464505  0.263213
  6  I     0         0.897275  0.339224
  7  I     0.5       0.60249   0.343119",JVASP-6118,,,,,mp-23264,0.0198,Ti2 I6
1.574,1.7284,1.6907,77.782625,"Full Formula (As2 Cl6)
Reduced Formula: AsCl3
abc   :   4.085304   9.434207  25.232531
angles:  90.000000  90.000000  90.000000
pbc   :       True       True       True
Sites (8)
  #  SP           a         b         c  velocities
---  ----  --------  --------  --------  ---------------
  0  As    0.497002  0.802572  0.106685  [0.0, 0.0, 0.0]
  1  As    0.502998  0.302572  0.135711  [0.0, 0.0, 0.0]
  2  Cl    0.758276  0.6269    0.065524  [0.0, 0.0, 0.0]
  3  Cl    0.222119  0.302645  0.060207  [0.0, 0.0, 0.0]
  4  Cl    0.758322  0.978137  0.065462  [0.0, 0.0, 0.0]
  5  Cl    0.241678  0.478137  0.176934  [0.0, 0.0, 0.0]
  6  Cl    0.777881  0.802645  0.182189  [0.0, 0.0, 0.0]
  7  Cl    0.241724  0.1269    0.176872  [0.0, 0.0, 0.0]",-0.619,"Full Formula (As2 Cl6)
Reduced Formula: AsCl3
abc   :   4.652758  10.227273  25.232531
angles:  90.000000  90.000000  90.000000
pbc   :       True       True       True
Sites (8)
  #  SP           a         b         c
---  ----  --------  --------  --------
  0  As    0.528184  0.801022  0.102953
  1  As    0.471816  0.301022  0.139443
  2  Cl    0.757886  0.642842  0.060793
  3  Cl    0.236011  0.296289  0.063507
  4  Cl    0.744633  0.9701    0.065902
  5  Cl    0.255367  0.4701    0.176494
  6  Cl    0.763989  0.796289  0.178889
  7  Cl    0.242114  0.142842  0.181603",JVASP-6364,,,,,mp-23280,1.3892,As2 Cl6
2.743,2.743,2.4556,97.5934625,"Full Formula (Sb2 I6)
Reduced Formula: SbI3
abc   :   7.460474   7.460473  30.907033
angles:  90.000000  90.000000 120.000001
pbc   :       True       True       True
Sites (8)
  #  SP           a         b         c  velocities
---  ----  --------  --------  --------  ---------------
  0  Sb    0.666667  0.333333  0.123517  [0.0, 0.0, 0.0]
  1  Sb    0         0         0.123536  [0.0, 0.0, 0.0]
  2  I     0.995262  0.328597  0.065363  [0.0, 0.0, 0.0]
  3  I     0.671403  0.666665  0.065363  [0.0, 0.0, 0.0]
  4  I     0.333335  0.004738  0.065363  [0.0, 0.0, 0.0]
  5  I     0.995264  0.666668  0.18169   [0.0, 0.0, 0.0]
  6  I     0.333332  0.328596  0.18169   [0.0, 0.0, 0.0]
  7  I     0.671404  0.004736  0.18169   [0.0, 0.0, 0.0]",-0.249,"Full Formula (Sb2 I6)
Reduced Formula: SbI3
abc   :   7.666816   7.666816  30.907033
angles:  90.000000  90.000000 120.000002
pbc   :       True       True       True
Sites (8)
  #  SP           a         b         c
---  ----  --------  --------  --------
  0  Sb    0.666667  0.333333  0.122588
  1  Sb    0         0         0.124465
  2  I     0.976413  0.312945  0.065246
  3  I     0.687055  0.663468  0.065246
  4  I     0.336532  0.023587  0.065246
  5  I     0.979612  0.669865  0.181807
  6  I     0.330135  0.309747  0.181807
  7  I     0.690253  0.020388  0.181807",JVASP-5968,,,,,mp-23281,2.2019,Sb2 I6
1.5216,1.5295,1.4629,100.0521875,"Full Formula (Al2 Br6)
Reduced Formula: AlBr3
abc   :   7.301504   6.888162  23.256773
angles:  90.000000  98.738611  91.143942
pbc   :       True       True       True
Sites (8)
  #  SP           a         b         c  velocities
---  ----  --------  --------  --------  ---------------
  0  Al    0.705712  0.402319  0.268376  [0.0, 0.0, 0.0]
  1  Al    0.294288  0.597681  0.215645  [0.0, 0.0, 0.0]
  2  Br    0.761226  0.088243  0.253988  [0.0, 0.0, 0.0]
  3  Br    0.077641  0.410352  0.160727  [0.0, 0.0, 0.0]
  4  Br    0.411603  0.432172  0.30602   [0.0, 0.0, 0.0]
  5  Br    0.588397  0.567828  0.178001  [0.0, 0.0, 0.0]
  6  Br    0.922359  0.589648  0.323294  [0.0, 0.0, 0.0]
  7  Br    0.238774  0.911757  0.230033  [0.0, 0.0, 0.0]",-1.035,"Full Formula (Al2 Br6)
Reduced Formula: AlBr3
abc   :   7.907940   7.582053  23.256773
angles:  90.000000  98.063823  90.000000
pbc   :       True       True       True
Sites (8)
  #  SP           a         b         c
---  ----  --------  --------  --------
  0  Al    0.691589  0.411388  0.266582
  1  Al    0.308411  0.588612  0.217439
  2  Br    0.746027  0.126201  0.248288
  3  Br    0.109624  0.421063  0.163592
  4  Br    0.422267  0.435451  0.307369
  5  Br    0.577733  0.564549  0.176652
  6  Br    0.890376  0.578937  0.320429
  7  Br    0.253973  0.873799  0.235733",JVASP-6418,,,,,mp-23288,1.0686,Al2 Br6
4.5654,2.604,2.0852,99.6865625,"Full Formula (Ru2 Br6)
Reduced Formula: RuBr3
abc   :   5.876580   6.402523  27.413004
angles:  90.000000  90.000000  90.000000
pbc   :       True       True       True
Sites (8)
  #  SP           a         b         c  velocities
---  ----  --------  --------  --------  ---------------
  0  Ru    0.749999  0.253994  0.226407  [0.0, 0.0, 0.0]
  1  Ru    0.250001  0.253994  0.226407  [0.0, 0.0, 0.0]
  2  Br    0.5       0.096362  0.161774  [0.0, 0.0, 0.0]
  3  Br    0         0.411621  0.161774  [0.0, 0.0, 0.0]
  4  Br    0         0.936485  0.226407  [0.0, 0.0, 0.0]
  5  Br    0.5       0.571508  0.226407  [0.0, 0.0, 0.0]
  6  Br    0         0.411621  0.29104   [0.0, 0.0, 0.0]
  7  Br    0.5       0.096362  0.29104   [0.0, 0.0, 0.0]",-0.218,"Full Formula (Ru2 Br6)
Reduced Formula: RuBr3
abc   :   5.925980   7.141663  27.413004
angles:  90.000000  90.000000  90.000000
pbc   :       True       True       True
Sites (8)
  #  SP           a         b         c
---  ----  --------  --------  --------
  0  Ru    0.749742  0.254     0.226407
  1  Ru    0.250258  0.254     0.226407
  2  Br    0.5       0.111248  0.162171
  3  Br    0         0.396565  0.162291
  4  Br    0         0.969473  0.226407
  5  Br    0.5       0.53885   0.226407
  6  Br    0         0.396565  0.290523
  7  Br    0.5       0.111248  0.290643",JVASP-6127,,,,,mp-23294,0.0914,Ru2 Br6
11.7465,3.3732,1.939,95.031,"Full Formula (Mo2 Br6)
Reduced Formula: MoBr3
abc   :   6.072311   6.579010  25.680266
angles:  90.000000  90.000000  90.000000
pbc   :       True       True       True
Sites (8)
  #  SP          a         b         c  velocities
---  ----  -------  --------  --------  ---------------
  0  Mo    0.72872  0.252644  0.246887  [0.0, 0.0, 0.0]
  1  Mo    0.27128  0.252644  0.246887  [0.0, 0.0, 0.0]
  2  Br    0.5      0.090361  0.173806  [0.0, 0.0, 0.0]
  3  Br    0        0.407578  0.178103  [0.0, 0.0, 0.0]
  4  Br    0.5      0.580063  0.246887  [0.0, 0.0, 0.0]
  5  Br    0        0.942932  0.246887  [0.0, 0.0, 0.0]
  6  Br    0        0.407578  0.315672  [0.0, 0.0, 0.0]
  7  Br    0.5      0.090361  0.319969  [0.0, 0.0, 0.0]",-0.471,"Full Formula (Mo2 Br6)
Reduced Formula: MoBr3
abc   :   6.119478   7.286045  25.680266
angles:  90.000000  90.000000  90.000000
pbc   :       True       True       True
Sites (8)
  #  SP           a         b         c
---  ----  --------  --------  --------
  0  Mo    0.728807  0.253027  0.246887
  1  Mo    0.271193  0.253027  0.246887
  2  Br    0.5       0.105645  0.174053
  3  Br    0         0.39266   0.177992
  4  Br    0.5       0.54899   0.246887
  5  Br    0         0.972506  0.246887
  6  Br    0         0.39266   0.315783
  7  Br    0.5       0.105645  0.319722",JVASP-6109,,,,,mp-23312,0.2715,Mo2 Br6
1.8074,2.0191,1.9252,89.1466875,"Full Formula (As2 Br6)
Reduced Formula: AsBr3
abc   :   4.118252  10.171597  25.162131
angles:  90.000000  90.000000  90.000000
pbc   :       True       True       True
Sites (8)
  #  SP            a         b         c  velocities
---  ----  ---------  --------  --------  ---------------
  0  As     0.007185  0.809241  0.113939  [0.0, 0.0, 0.0]
  1  As    -0.007185  0.309241  0.147607  [0.0, 0.0, 0.0]
  2  Br     0.732372  0.633362  0.069896  [0.0, 0.0, 0.0]
  3  Br     0.284714  0.309055  0.064983  [0.0, 0.0, 0.0]
  4  Br     0.732528  0.985675  0.070244  [0.0, 0.0, 0.0]
  5  Br     0.267472  0.485675  0.191302  [0.0, 0.0, 0.0]
  6  Br     0.715286  0.809055  0.196563  [0.0, 0.0, 0.0]
  7  Br     0.267628  0.133362  0.191651  [0.0, 0.0, 0.0]",-0.342,"Full Formula (As2 Br6)
Reduced Formula: AsBr3
abc   :   4.687197  11.201632  25.162131
angles:  90.000000  90.000000  90.000000
pbc   :       True       True       True
Sites (8)
  #  SP           a         b         c
---  ----  --------  --------  --------
  0  As    0.98357   0.809029  0.111467
  1  As    0.01643   0.309029  0.150079
  2  Br    0.747431  0.651992  0.065717
  3  Br    0.256269  0.300218  0.066629
  4  Br    0.749869  0.976094  0.072841
  5  Br    0.250131  0.476094  0.188705
  6  Br    0.743731  0.800218  0.194917
  7  Br    0.252569  0.151992  0.19583",JVASP-6403,,,,,mp-23317,2.5402,As2 Br6
2.7183,2.5887,2.2831,110.9695833,"Full Formula (Bi2 S2 Br2)
Reduced Formula: BiSBr
abc   :   4.085598   7.200927  28.467639
angles:  90.000000  90.000000  90.000000
pbc   :       True       True       True
Sites (6)
  #  SP       a         b         c  velocities
---  ----  ----  --------  --------  ---------------
  0  Bi    0.75  0.728026  0.146632  [0.0, 0.0, 0.0]
  1  Bi    0.25  0.271974  0.150816  [0.0, 0.0, 0.0]
  2  S     0.25  0.576812  0.09498   [0.0, 0.0, 0.0]
  3  S     0.75  0.423188  0.202468  [0.0, 0.0, 0.0]
  4  Br    0.75  0.086867  0.084793  [0.0, 0.0, 0.0]
  5  Br    0.25  0.913133  0.212655  [0.0, 0.0, 0.0]",-0.501,"Full Formula (Bi2 S2 Br2)
Reduced Formula: BiSBr
abc   :   4.088663  10.577375  28.467639
angles:  90.000000  90.000000  90.000000
pbc   :       True       True       True
Sites (6)
  #  SP       a         b         c
---  ----  ----  --------  --------
  0  Bi    0.75  0.631771  0.11419
  1  Bi    0.25  0.368229  0.183258
  2  S     0.25  0.462029  0.098149
  3  S     0.75  0.537971  0.199299
  4  Br    0.75  0.189443  0.140778
  5  Br    0.25  0.810557  0.15667",JVASP-6535,,,,,mp-23324,1.2819,Bi2 S2 Br2
,,,43.9409875,"Full Formula (Bi4 Te2 I2)
Reduced Formula: Bi2TeI
abc   :   4.416303   4.416302  37.398247
angles:  90.000000  90.000000 120.000000
pbc   :       True       True       True
Sites (8)
  #  SP           a         b         c  velocities
---  ----  --------  --------  --------  ---------------
  0  Bi    0         0         0.8639    [0.0, 0.0, 0.0]
  1  Bi    0.666667  0.333333  0.00038   [0.0, 0.0, 0.0]
  2  Bi    0         0         0.045999  [0.0, 0.0, 0.0]
  3  Bi    0.666667  0.333333  0.182479  [0.0, 0.0, 0.0]
  4  Te    0.666667  0.333333  0.818257  [0.0, 0.0, 0.0]
  5  Te    0         0         0.228122  [0.0, 0.0, 0.0]
  6  I     0.333333  0.666667  0.92031   [0.0, 0.0, 0.0]
  7  I     0.333333  0.666667  0.126069  [0.0, 0.0, 0.0]",-0.214,"Full Formula (Bi4 Te2 I2)
Reduced Formula: Bi2TeI
abc   :   4.436253   4.436252  37.398247
angles:  90.000000  90.000000 120.000000
pbc   :       True       True       True
Sites (8)
  #  SP           a         b         c
---  ----  --------  --------  --------
  0  Bi    0         0         0.858152
  1  Bi    0.666667  0.333333  1.00151
  2  Bi    0         0         1.04487
  3  Bi    0.666667  0.333333  1.18823
  4  Te    0.666667  0.333333  0.810845
  5  Te    0         0         1.23553
  6  I     0.333333  0.666667  0.911906
  7  I     0.333333  0.666667  1.13447",JVASP-6901,,,,,mp-23435,,Bi4 Te2 I2
,,,221.4786,"Full Formula (Bi2 S2 I2)
Reduced Formula: BiSI
abc   :   4.261175  10.616340  28.887051
angles:  90.000000  90.000000  90.000000
pbc   :       True       True       True
Sites (6)
  #  SP       a         b         c  velocities
---  ----  ----  --------  --------  ---------------
  0  Bi    0.75  0.367313  0.182316  [0.0, 0.0, 0.0]
  1  Bi    0.25  0.632687  0.125333  [0.0, 0.0, 0.0]
  2  S     0.75  0.466981  0.101272  [0.0, 0.0, 0.0]
  3  S     0.25  0.533019  0.206376  [0.0, 0.0, 0.0]
  4  I     0.25  0.167726  0.150824  [0.0, 0.0, 0.0]
  5  I     0.75  0.832274  0.156825  [0.0, 0.0, 0.0]",-0.244,"Full Formula (Bi2 S2 I2)
Reduced Formula: BiSI
abc   :   4.208100  11.071342  28.887051
angles:  90.000000  90.000000  90.000000
pbc   :       True       True       True
Sites (6)
  #  SP       a         b         c
---  ----  ----  --------  --------
  0  Bi    0.75  0.376149  0.187643
  1  Bi    0.25  0.623851  0.120006
  2  S     0.75  0.464906  0.104051
  3  S     0.25  0.535094  0.203597
  4  I     0.25  0.183073  0.1473
  5  I     0.75  0.816927  0.160349",JVASP-6907,,,,,mp-23514,,Bi2 S2 I2
,,,96.40375,"Full Formula (S2 N2)
Reduced Formula: SN
abc   :   3.509047   4.493791  25.964813
angles:  90.000000 106.187572  90.000000
pbc   :       True       True       True
Sites (4)
  #  SP           a         b         c  velocities
---  ----  --------  --------  --------  ---------------
  0  S     0.181902  0.28503   0.042508  [0.0, 0.0, 0.0]
  1  S     0.322267  0.78503   0.111026  [0.0, 0.0, 0.0]
  2  N     0.201527  0.934163  0.052066  [0.0, 0.0, 0.0]
  3  N     0.302642  0.434163  0.101469  [0.0, 0.0, 0.0]",0.61,"Full Formula (S2 N2)
Reduced Formula: SN
abc   :   4.757116   4.533511  25.964841
angles:  90.000000 101.808216  90.000000
pbc   :       True       True       True
Sites (4)
  #  SP           a         b         c
---  ----  --------  --------  --------
  0  S     0.332691  0.284247  0.050605
  1  S     0.171478  0.784247  0.102929
  2  N     0.311627  0.934946  0.057491
  3  N     0.192542  0.434946  0.096044",JVASP-6445,,,,,mp-235,,S2 N2
,,,94.558125,"Full Formula (S2 N2)
Reduced Formula: SN
abc   :   4.321377   3.977762  28.977561
angles:  90.000000 105.359776  59.617424
pbc   :       True       True       True
Sites (4)
  #  SP           a         b         c  velocities
---  ----  --------  --------  --------  ---------------
  0  S     0.7606    0.555486  0.119225  [0.0, 0.0, 0.0]
  1  S     0.239396  0.444522  0.190585  [0.0, 0.0, 0.0]
  2  N     0.168419  0.535471  0.132257  [0.0, 0.0, 0.0]
  3  N     0.831584  0.46452   0.177553  [0.0, 0.0, 0.0]",0.751,"Full Formula (S2 N2)
Reduced Formula: SN
abc   :   4.404406   4.284530  28.977561
angles:  90.000000 105.063291  90.000000
pbc   :       True       True       True
Sites (4)
  #  SP           a         b         c
---  ----  --------  --------  --------
  0  S     0.798941  0.39455   0.123898
  1  S     0.201059  0.60545   0.185913
  2  N     0.185326  0.444307  0.133686
  3  N     0.814674  0.555693  0.176124",JVASP-6604,,,,,mp-236,,S2 N2
1.2086,1.212,1.1953,39.65485,"Full Formula (Si2 H8)
Reduced Formula: SiH4
abc   :   7.898422   4.621330  25.465351
angles:  90.000000  94.182162  90.000000
pbc   :       True       True       True
Sites (10)
  #  SP           a         b         c  velocities
---  ----  --------  --------  --------  ---------------
  0  Si    0.822569  0.100802  0.072566  [0.0, 0.0, 0.0]
  1  Si    0.322569  0.399198  0.072566  [0.0, 0.0, 0.0]
  2  H     0.716823  0.009708  0.024363  [0.0, 0.0, 0.0]
  3  H     0.216823  0.490292  0.024363  [0.0, 0.0, 0.0]
  4  H     0.993601  0.962599  0.072919  [0.0, 0.0, 0.0]
  5  H     0.493601  0.537401  0.072919  [0.0, 0.0, 0.0]
  6  H     0.843526  0.421935  0.072409  [0.0, 0.0, 0.0]
  7  H     0.343526  0.078065  0.072409  [0.0, 0.0, 0.0]
  8  H     0.237846  0.488666  0.120565  [0.0, 0.0, 0.0]
  9  H     0.737846  0.011334  0.120565  [0.0, 0.0, 0.0]",0.038,"Full Formula (Si2 H8)
Reduced Formula: SiH4
abc   :   7.658035   5.041148  25.461292
angles:  90.000000  94.055310  90.000000
pbc   :       True       True       True
Sites (10)
  #  SP            a         b         c
---  ----  ---------  --------  --------
  0  Si     0.822903  0.074447  0.072522
  1  Si     0.322903  0.425553  0.072522
  2  H      0.695766  0.072357  0.025406
  3  H      0.195766  0.427643  0.025406
  4  H     -0.012768  0.937465  0.059744
  5  H      0.487232  0.562535  0.059744
  6  H      0.863523  0.353918  0.088356
  7  H      0.363523  0.146082  0.088356
  8  H      0.24494   0.566363  0.116795
  9  H      0.74494   0.933637  0.116795",JVASP-6544,,,,,mp-23739,4.0426,Si2 H8
2.9579,3.098,1.5917,166.2355833,"Full Formula (Pd2 Se4)
Reduced Formula: PdSe2
abc   :   5.686705   5.893915  30.585061
angles:  90.000000  90.000000  90.000000
pbc   :       True       True       True
Sites (6)
  #  SP           a         b         c  velocities
---  ----  --------  --------  --------  ---------------
  0  Pd    0.5       0.5       0.163738  [0.0, 0.0, 0.0]
  1  Pd    0         0         0.163738  [0.0, 0.0, 0.0]
  2  Se    0.607406  0.118824  0.189149  [0.0, 0.0, 0.0]
  3  Se    0.107406  0.381176  0.138328  [0.0, 0.0, 0.0]
  4  Se    0.892594  0.618824  0.189149  [0.0, 0.0, 0.0]
  5  Se    0.392594  0.881176  0.138328  [0.0, 0.0, 0.0]",-0.092,"Full Formula (Pd2 Se4)
Reduced Formula: PdSe2
abc   :   5.794418   5.945422  30.585061
angles:  90.000000  90.000000  90.000000
pbc   :       True       True       True
Sites (6)
  #  SP         a         b         c
---  ----  ------  --------  --------
  0  Pd    0.5     0.5       0.163738
  1  Pd    0       0         0.163738
  2  Se    0.6113  0.119356  0.187848
  3  Se    0.1113  0.380644  0.139629
  4  Se    0.8887  0.619356  0.187848
  5  Se    0.3887  0.880644  0.139629",JVASP-723,,,,,mp-2418,1.4367,Pd2 Se4
,,,61.32083333,"Full Formula (H2 S14 N2)
Reduced Formula: HS7N
abc   :   7.352854   7.942215  28.853054
angles:  90.000000  90.000000  90.000000
pbc   :       True       True       True
Sites (18)
  #  SP           a         b         c  velocities
---  ----  --------  --------  --------  ---------------
  0  H     0.211462  0.410624  0.120031  [0.0, 0.0, 0.0]
  1  H     0.288539  0.910624  0.120031  [0.0, 0.0, 0.0]
  2  S     0.007204  0.713689  0.041752  [0.0, 0.0, 0.0]
  3  S     0.492796  0.213689  0.041752  [0.0, 0.0, 0.0]
  4  S     0.844749  0.51223   0.061871  [0.0, 0.0, 0.0]
  5  S     0.655251  0.01223   0.061871  [0.0, 0.0, 0.0]
  6  S     0.267235  0.684408  0.068576  [0.0, 0.0, 0.0]
  7  S     0.232765  0.184408  0.068576  [0.0, 0.0, 0.0]
  8  S     0.701518  0.586006  0.120031  [0.0, 0.0, 0.0]
  9  S     0.798482  0.086006  0.120031  [0.0, 0.0, 0.0]
 10  S     0.267235  0.684408  0.171486  [0.0, 0.0, 0.0]
 11  S     0.232765  0.184408  0.171486  [0.0, 0.0, 0.0]
 12  S     0.655251  0.01223   0.178191  [0.0, 0.0, 0.0]
 13  S     0.844749  0.51223   0.178191  [0.0, 0.0, 0.0]
 14  S     0.492796  0.213689  0.19831   [0.0, 0.0, 0.0]
 15  S     0.007204  0.713689  0.19831   [0.0, 0.0, 0.0]
 16  N     0.282827  0.781091  0.120031  [0.0, 0.0, 0.0]
 17  N     0.217173  0.281091  0.120031  [0.0, 0.0, 0.0]",0.093,"Full Formula (H2 S14 N2)
Reduced Formula: HS7N
abc   :   8.061400   8.565571  28.853054
angles:  90.000000  90.000000  90.000000
pbc   :       True       True       True
Sites (18)
  #  SP           a         b         c
---  ----  --------  --------  --------
  0  H     0.208443  0.373124  0.120031
  1  H     0.291558  0.873124  0.120031
  2  S     0.011088  0.715297  0.042179
  3  S     0.488912  0.215297  0.042179
  4  S     0.844735  0.542718  0.062158
  5  S     0.655265  0.042718  0.062158
  6  S     0.243776  0.66744   0.068464
  7  S     0.256224  0.16744   0.068464
  8  S     0.72006   0.619905  0.120031
  9  S     0.77994   0.119905  0.120031
 10  S     0.243776  0.66744   0.171598
 11  S     0.256224  0.16744   0.171598
 12  S     0.655265  0.042718  0.177904
 13  S     0.844735  0.542718  0.177904
 14  S     0.488912  0.215297  0.197883
 15  S     0.011088  0.715297  0.197883
 16  N     0.274529  0.754436  0.120031
 17  N     0.225471  0.254436  0.120031",JVASP-6472,,,,,mp-24290,,H2 S14 N2
,,,114.3642222,"Full Formula (P8 Se10)
Reduced Formula: P4Se5
abc   :   6.567275  13.046883  31.813496
angles:  90.000000  90.000000  90.000000
pbc   :       True       True       True
Sites (18)
  #  SP            a         b         c  velocities
---  ----  ---------  --------  --------  ---------------
  0  P      0.593297  0.933031  0.170509  [0.0, 0.0, 0.0]
  1  P     -0.093297  0.433031  0.170509  [0.0, 0.0, 0.0]
  2  P      0.907881  0.880354  0.193395  [0.0, 0.0, 0.0]
  3  P      0.592119  0.380354  0.193395  [0.0, 0.0, 0.0]
  4  P      0.487804  0.913044  0.238108  [0.0, 0.0, 0.0]
  5  P      0.012196  0.413044  0.238108  [0.0, 0.0, 0.0]
  6  P      0.534342  0.672367  0.187226  [0.0, 0.0, 0.0]
  7  P     -0.034342  0.172367  0.187226  [0.0, 0.0, 0.0]
  8  Se     0.45889   0.797853  0.137308  [0.0, 0.0, 0.0]
  9  Se     0.04111   0.297853  0.137308  [0.0, 0.0, 0.0]
 10  Se     0.874945  0.703638  0.195575  [0.0, 0.0, 0.0]
 11  Se     0.625055  0.203638  0.195575  [0.0, 0.0, 0.0]
 12  Se     0.37906   0.745955  0.244739  [0.0, 0.0, 0.0]
 13  Se     0.12094   0.245955  0.244739  [0.0, 0.0, 0.0]
 14  Se     0.817997  0.941961  0.259381  [0.0, 0.0, 0.0]
 15  Se     0.682003  0.441961  0.259381  [0.0, 0.0, 0.0]
 16  Se     0.274551  0.010428  0.268983  [0.0, 0.0, 0.0]
 17  Se     0.225449  0.510428  0.268983  [0.0, 0.0, 0.0]",0.095,"Full Formula (P8 Se10)
Reduced Formula: P4Se5
abc   :   6.939585  13.557934  31.813496
angles:  90.000000  90.000000  90.000000
pbc   :       True       True       True
Sites (18)
  #  SP           a         b         c
---  ----  --------  --------  --------
  0  P     0.489861  0.938139  0.175133
  1  P     0.010139  0.438139  0.175133
  2  P     0.792331  0.889712  0.193139
  3  P     0.707669  0.389712  0.193139
  4  P     0.400293  0.901141  0.241462
  5  P     0.099707  0.401141  0.241462
  6  P     0.46005   0.68521   0.181389
  7  P     0.03995   0.18521   0.181389
  8  Se    0.365411  0.813895  0.138011
  9  Se    0.134589  0.313895  0.138011
 10  Se    0.780824  0.721305  0.185856
 11  Se    0.719176  0.221305  0.185856
 12  Se    0.329044  0.735846  0.24395
 13  Se    0.170956  0.235846  0.24395
 14  Se    0.713521  0.929273  0.262172
 15  Se    0.786479  0.429273  0.262172
 16  Se    0.185724  0.984111  0.274112
 17  Se    0.314276  0.484111  0.274112",JVASP-6520,,,,,mp-2447,,P8 Se10
8.2532,6.4712,3.8177,337.876975,"Full Formula (Ca2 Sn2)
Reduced Formula: CaSn
abc   :   4.683404   4.321438  25.600898
angles:  90.000000  90.000000  90.000000
pbc   :       True       True       True
Sites (4)
  #  SP           a     b         c  velocities
---  ----  --------  ----  --------  ---------------
  0  Ca    0.954712  0.75  0.442599  [0.0, 0.0, 0.0]
  1  Ca    0.954712  0.25  0.556804  [0.0, 0.0, 0.0]
  2  Sn    0.454712  0.75  0.540546  [0.0, 0.0, 0.0]
  3  Sn    0.454712  0.25  0.458857  [0.0, 0.0, 0.0]",-0.395,"Full Formula (Ca2 Sn2)
Reduced Formula: CaSn
abc   :   4.825376   4.388310  25.600898
angles:  90.000000  90.000000  90.000000
pbc   :       True       True       True
Sites (4)
  #  SP           a      b         c
---  ----  --------  -----  --------
  0  Ca    -1.04529  -3.25  -1.56123
  1  Ca    -1.04529  -2.75  -1.43937
  2  Sn    -1.54529  -3.25  -1.46168
  3  Sn    -1.54529  -2.75  -1.53891",JVASP-6073,,,,,mp-2450,0.0081,Ca2 Sn2
2.8088,2.8088,2.6863,56.224775,"Full Formula (Ga2 S2)
Reduced Formula: GaS
abc   :   3.613644   3.613645  27.425272
angles:  90.000000  90.000000 120.000001
pbc   :       True       True       True
Sites (4)
  #  SP           a         b         c  velocities
---  ----  --------  --------  --------  ---------------
  0  Ga    0.666667  0.333333  0.114093  [0.0, 0.0, 0.0]
  1  Ga    0.666667  0.333333  0.203593  [0.0, 0.0, 0.0]
  2  S     0.333333  0.666667  0.074432  [0.0, 0.0, 0.0]
  3  S     0.333333  0.666667  0.243254  [0.0, 0.0, 0.0]",-0.65,"Full Formula (Ga2 S2)
Reduced Formula: GaS
abc   :   3.626917   3.626918  27.425272
angles:  90.000000  90.000000 120.000001
pbc   :       True       True       True
Sites (4)
  #  SP           a         b         c
---  ----  --------  --------  --------
  0  Ga    0.666667  0.333333  0.113765
  1  Ga    0.666667  0.333333  0.203921
  2  S     0.333333  0.666667  0.074243
  3  S     0.333333  0.666667  0.243443",JVASP-5944,,,,,mp-2507,2.4492,Ga2 S2
,,,59.97433333,"Full Formula (Ti1 O2)
Reduced Formula: TiO2
abc   :   2.992453   2.992453  24.591935
angles:  90.000000  90.000000 120.000001
pbc   :       True       True       True
Sites (3)
  #  SP           a         b         c  velocities
---  ----  --------  --------  --------  ---------------
  0  Ti    0.841939  0.812495  0.296681  [0.0, 0.0, 0.0]
  1  O     0.508606  0.145827  0.335954  [0.0, 0.0, 0.0]
  2  O     0.175272  0.479161  0.257409  [0.0, 0.0, 0.0]",-3.02,"Full Formula (Ti1 O2)
Reduced Formula: TiO2
abc   :   2.995440   2.995440  24.591935
angles:  90.000000  90.000000 120.000000
pbc   :       True       True       True
Sites (3)
  #  SP           a         b         c
---  ----  --------  --------  --------
  0  Ti    0.841939  0.812495  0.296681
  1  O     0.508606  0.145827  0.33607
  2  O     0.175272  0.479161  0.257293",JVASP-5902,,,,,mp-25433,,Ti1 O2
,,,54.22866667,"Full Formula (Mn1 O2)
Reduced Formula: MnO2
abc   :   2.875164   2.875165  25.011282
angles:  90.000000  90.000000 120.000001
pbc   :       True       True       True
Sites (3)
  #  SP           a         b         c  velocities
---  ----  --------  --------  --------  ---------------
  0  Mn    0.349947  0.988229  0.10018   [0.0, 0.0, 0.0]
  1  O     0.68328   0.654896  0.138374  [0.0, 0.0, 0.0]
  2  O     0.016614  0.321563  0.061987  [0.0, 0.0, 0.0]",-1.684,"Full Formula (Mn1 O2)
Reduced Formula: MnO2
abc   :   2.927725   2.927726  25.011282
angles:  90.000000  90.000000 120.000000
pbc   :       True       True       True
Sites (3)
  #  SP           a         b         c
---  ----  --------  --------  --------
  0  Mn    0.349947  0.988229  0.10018
  1  O     0.68328   0.654896  0.138517
  2  O     0.016614  0.321563  0.061844",JVASP-6922,,,,,mp-25558,,Mn1 O2
19.908,19.908,3.6436,172.0149,"Full Formula (Ni1 Te2)
Reduced Formula: NiTe2
abc   :   3.738512   3.738512  25.242501
angles:  90.000000  90.000000 120.000002
pbc   :       True       True       True
Sites (3)
  #  SP           a         b         c  velocities
---  ----  --------  --------  --------  ---------------
  0  Ni    0.06031   0.776201  0.103843  [0.0, 0.0, 0.0]
  1  Te    0.393643  0.442868  0.15995   [0.0, 0.0, 0.0]
  2  Te    0.726977  0.109534  0.047735  [0.0, 0.0, 0.0]",-0.041,"Full Formula (Ni1 Te2)
Reduced Formula: NiTe2
abc   :   3.899454   3.899454  25.242501
angles:  90.000000  90.000000 120.000000
pbc   :       True       True       True
Sites (3)
  #  SP           a         b         c
---  ----  --------  --------  --------
  0  Ni    0.06031   0.776201  0.103843
  1  Te    0.393643  0.442868  0.155242
  2  Te    0.726977  0.109534  0.052443",JVASP-5977,,,,,mp-2578,0.0037,Ni1 Te2
,,,70.5961,"Full Formula (Hg2 P2 S6)
Reduced Formula: HgPS3
abc   :   6.224894   6.614755  27.782195
angles:  94.930167 106.749190 118.042460
pbc   :       True       True       True
Sites (10)
  #  SP           a         b         c  velocities
---  ----  --------  --------  --------  ---------------
  0  Hg    0.141063  0.782601  0.139744  [0.0, 0.0, 0.0]
  1  Hg    0.858937  0.217399  0.14037   [0.0, 0.0, 0.0]
  2  P     0.443051  0.44651   0.095398  [0.0, 0.0, 0.0]
  3  P     0.556949  0.55349   0.184717  [0.0, 0.0, 0.0]
  4  S     0.729708  0.723181  0.078491  [0.0, 0.0, 0.0]
  5  S     0.094298  0.401406  0.058122  [0.0, 0.0, 0.0]
  6  S     0.43443   0.130013  0.078672  [0.0, 0.0, 0.0]
  7  S     0.56557   0.869987  0.201442  [0.0, 0.0, 0.0]
  8  S     0.905702  0.598594  0.221992  [0.0, 0.0, 0.0]
  9  S     0.270292  0.276819  0.201623  [0.0, 0.0, 0.0]",-0.137,"Full Formula (Hg2 P2 S6)
Reduced Formula: HgPS3
abc   :   6.377665   6.391309  27.782195
angles:  95.102980 106.336590 118.945576
pbc   :       True       True       True
Sites (10)
  #  SP           a         b         c
---  ----  --------  --------  --------
  0  Hg    0.126598  0.747417  0.099057
  1  Hg    0.873402  0.252583  0.181057
  2  P     0.460056  0.442075  0.096388
  3  P     0.539944  0.557925  0.183727
  4  S     0.715019  0.741323  0.078041
  5  S     0.094611  0.348549  0.057225
  6  S     0.506628  0.1475    0.08463
  7  S     0.493372  0.8525    0.195484
  8  S     0.905389  0.651451  0.222889
  9  S     0.284981  0.258677  0.202073",JVASP-6253,,,,,mp-27178,,Hg2 P2 S6
,,,82.83173333,"Full Formula (Cr2 I4)
Reduced Formula: CrI2
abc   :   7.476771   3.945807  27.512357
angles:  90.000000  96.886076  90.000000
pbc   :       True       True       True
Sites (6)
  #  SP           a         b         c  velocities
---  ----  --------  --------  --------  ---------------
  0  Cr    0.331138  0.025645  0.197452  [0.0, 0.0, 0.0]
  1  Cr    0.831138  0.525645  0.197452  [0.0, 0.0, 0.0]
  2  I     0.493296  0.525645  0.257519  [0.0, 0.0, 0.0]
  3  I     0.993296  0.025645  0.257519  [0.0, 0.0, 0.0]
  4  I     0.668979  0.025645  0.137386  [0.0, 0.0, 0.0]
  5  I     0.168979  0.525645  0.137386  [0.0, 0.0, 0.0]",-0.175,"Full Formula (Cr2 I4)
Reduced Formula: CrI2
abc   :   7.870904   3.946967  27.533747
angles:  90.000000  97.245309  90.000000
pbc   :       True       True       True
Sites (6)
  #  SP            a         b         c
---  ----  ---------  --------  --------
  0  Cr     0.331138  0.025645  0.197452
  1  Cr    -0.168862  0.525645  0.197452
  2  I      0.482651  0.525645  0.257236
  3  I     -0.017349  0.025645  0.257236
  4  I      0.679624  0.025645  0.137669
  5  I      0.179624  0.525645  0.137669",JVASP-6397,,,,,mp-27215,,Cr2 I4
1.6016,1.4416,1.5735,109.6706,"Full Formula (P2 Br6)
Reduced Formula: PBr3
abc   :   6.309170   7.741848  30.970765
angles:  90.000000  90.000000  90.000000
pbc   :       True       True       True
Sites (8)
  #  SP           a         b         c  velocities
---  ----  --------  --------  --------  ---------------
  0  P     0.024111  0.0325    0.088557  [0.0, 0.0, 0.0]
  1  P     0.475889  0.5325    0.088557  [0.0, 0.0, 0.0]
  2  Br    0.134608  0.193606  0.031841  [0.0, 0.0, 0.0]
  3  Br    0.365392  0.693606  0.031841  [0.0, 0.0, 0.0]
  4  Br    0.67409   0.091767  0.088557  [0.0, 0.0, 0.0]
  5  Br    0.82591   0.591767  0.088557  [0.0, 0.0, 0.0]
  6  Br    0.365392  0.693606  0.145274  [0.0, 0.0, 0.0]
  7  Br    0.134608  0.193606  0.145274  [0.0, 0.0, 0.0]",-0.237,"Full Formula (P2 Br6)
Reduced Formula: PBr3
abc   :   6.961028   9.355272  30.970765
angles:  90.000000  90.000000  90.000000
pbc   :       True       True       True
Sites (8)
  #  SP           a         b         c
---  ----  --------  --------  --------
  0  P     0.028399  0.049414  0.088557
  1  P     0.471601  0.549414  0.088557
  2  Br    0.13846   0.178739  0.032433
  3  Br    0.36154   0.678739  0.032433
  4  Br    0.71356   0.104587  0.088557
  5  Br    0.78644   0.604587  0.088557
  6  Br    0.36154   0.678739  0.144682
  7  Br    0.13846   0.178739  0.144682",JVASP-6091,,,,,mp-27257,3.332,P2 Br6
,,,69.4213,"Full Formula (Nb2 Se4 Cl4)
Reduced Formula: Nb(SeCl)2
abc   :   6.368376   6.578647  27.405008
angles:  83.658908  84.317596  61.049554
pbc   :       True       True       True
Sites (10)
  #  SP           a         b         c  velocities
---  ----  --------  --------  --------  ---------------
  0  Nb    0.344374  0.193143  0.167928  [0.0, 0.0, 0.0]
  1  Nb    0.084883  0.712156  0.167928  [0.0, 0.0, 0.0]
  2  Se    0.914812  0.464608  0.132833  [0.0, 0.0, 0.0]
  3  Se    0.514445  0.440691  0.203023  [0.0, 0.0, 0.0]
  4  Se    0.197381  0.425125  0.248873  [0.0, 0.0, 0.0]
  5  Se    0.231876  0.480174  0.086983  [0.0, 0.0, 0.0]
  6  Cl    0.101098  0.014185  0.220762  [0.0, 0.0, 0.0]
  7  Cl    0.680608  0.855135  0.220756  [0.0, 0.0, 0.0]
  8  Cl    0.328159  0.891114  0.115093  [0.0, 0.0, 0.0]
  9  Cl    0.748649  0.050164  0.115099  [0.0, 0.0, 0.0]",-0.88,"Full Formula (Nb2 Se4 Cl4)
Reduced Formula: Nb(SeCl)2
abc   :   6.445585   6.614027  27.408641
angles:  83.605769  84.252951  60.888206
pbc   :       True       True       True
Sites (10)
  #  SP           a         b         c
---  ----  --------  --------  --------
  0  Nb    0.343989  0.193525  0.167922
  1  Nb    1.08527   0.711774  0.167934
  2  Se    0.919336  0.464125  0.133595
  3  Se    0.509921  0.441174  0.202261
  4  Se    0.198972  0.425108  0.248647
  5  Se    0.230285  0.480191  0.087209
  6  Cl    1.10446   1.01411   0.220669
  7  Cl    0.684094  0.856059  0.220778
  8  Cl    0.324793  0.89119   0.115186
  9  Cl    0.745163  1.04924   0.115077",JVASP-6931,,,,,mp-27361,,Nb2 Se4 Cl4
,,,68.5222,"Full Formula (Nb4 S8 Cl8)
Reduced Formula: Nb(SCl)2
abc   :   6.296890  11.181784  28.413780
angles:  90.000000 110.338651  90.000000
pbc   :       True       True       True
Sites (20)
  #  SP           a         b         c  velocities
---  ----  --------  --------  --------  ---------------
  0  Nb    0.5       0.629787  0.130461  [0.0, 0.0, 0.0]
  1  Nb    0.5       0.370213  0.130461  [0.0, 0.0, 0.0]
  2  Nb    0         0.129787  0.130461  [0.0, 0.0, 0.0]
  3  Nb    0         0.870213  0.130461  [0.0, 0.0, 0.0]
  4  S     0.851837  0         0.053469  [0.0, 0.0, 0.0]
  5  S     0.351837  0.5       0.053469  [0.0, 0.0, 0.0]
  6  S     0.655658  0         0.096785  [0.0, 0.0, 0.0]
  7  S     0.155658  0.5       0.096785  [0.0, 0.0, 0.0]
  8  S     0.844342  0.5       0.164137  [0.0, 0.0, 0.0]
  9  S     0.344342  0         0.164137  [0.0, 0.0, 0.0]
 10  S     0.648163  0.5       0.207453  [0.0, 0.0, 0.0]
 11  S     0.148163  0         0.207453  [0.0, 0.0, 0.0]
 12  Cl    0.725621  0.293404  0.075937  [0.0, 0.0, 0.0]
 13  Cl    0.725621  0.706596  0.075937  [0.0, 0.0, 0.0]
 14  Cl    0.225621  0.206596  0.075937  [0.0, 0.0, 0.0]
 15  Cl    0.225621  0.793404  0.075937  [0.0, 0.0, 0.0]
 16  Cl    0.774379  0.793404  0.184985  [0.0, 0.0, 0.0]
 17  Cl    0.774379  0.206596  0.184985  [0.0, 0.0, 0.0]
 18  Cl    0.274379  0.293404  0.184985  [0.0, 0.0, 0.0]
 19  Cl    0.274379  0.706596  0.184985  [0.0, 0.0, 0.0]",-1.017,"Full Formula (Nb4 S8 Cl8)
Reduced Formula: Nb(SCl)2
abc   :   6.377886  11.212075  28.413780
angles:  90.000000 110.069167  90.000000
pbc   :       True       True       True
Sites (20)
  #  SP           a         b         c
---  ----  --------  --------  --------
  0  Nb    0.5       0.629675  0.130461
  1  Nb    0.5       0.370325  0.130461
  2  Nb    0         0.129675  0.130461
  3  Nb    0         0.870325  0.130461
  4  S     0.857957  0         0.054066
  5  S     0.357957  0.5       0.054066
  6  S     0.662977  0         0.0969
  7  S     0.162977  0.5       0.0969
  8  S     0.837023  0.5       0.164022
  9  S     0.337023  0         0.164022
 10  S     0.642043  0.5       0.206856
 11  S     0.142043  0         0.206856
 12  Cl    0.724506  0.292771  0.076171
 13  Cl    0.724506  0.707229  0.076171
 14  Cl    0.224506  0.207229  0.076171
 15  Cl    0.224506  0.792771  0.076171
 16  Cl    0.775494  0.792771  0.184751
 17  Cl    0.775494  0.207229  0.184751
 18  Cl    0.275494  0.292771  0.184751
 19  Cl    0.275494  0.707229  0.184751",JVASP-6256,,,,,mp-27362,,Nb4 S8 Cl8
,,,88.6480375,"Full Formula (Sb2 Br6)
Reduced Formula: SbBr3
abc   :   4.206997   9.983206  25.099441
angles:  90.000000  90.000000  90.000000
pbc   :       True       True       True
Sites (8)
  #  SP           a          b         c  velocities
---  ----  --------  ---------  --------  ---------------
  0  Sb    0.218984   0.499994  0.268416  [0.0, 0.0, 0.0]
  1  Sb    0.718984   6e-06     0.293327  [0.0, 0.0, 0.0]
  2  Br    0.550074   0.316704  0.220243  [0.0, 0.0, 0.0]
  3  Br    0.04355   -0         0.206586  [0.0, 0.0, 0.0]
  4  Br    0.550035   0.683279  0.220238  [0.0, 0.0, 0.0]
  5  Br    0.050035   0.816721  0.341506  [0.0, 0.0, 0.0]
  6  Br    0.54355    0.5       0.355157  [0.0, 0.0, 0.0]
  7  Br    0.050074   0.183296  0.341501  [0.0, 0.0, 0.0]",-0.509,"Full Formula (Sb2 Br6)
Reduced Formula: SbBr3
abc   :   4.463073  12.336965  25.099441
angles:  90.000000  90.000000  90.000000
pbc   :       True       True       True
Sites (8)
  #  SP           a         b         c
---  ----  --------  --------  --------
  0  Sb    0.247503  0.541229  0.259159
  1  Sb    0.747503  0.958771  0.302584
  2  Br    0.518366  0.386789  0.211704
  3  Br    0.037778  0.974522  0.215239
  4  Br    0.558995  0.692862  0.215943
  5  Br    0.058995  0.807138  0.345801
  6  Br    0.537778  0.525478  0.346504
  7  Br    0.018366  0.113211  0.35004",JVASP-6934,,,,,mp-27399,,Sb2 Br6
8.3811,8.3811,4.0723,52.18725,"Full Formula (Zr2 Cl2)
Reduced Formula: ZrCl
abc   :   3.436101   3.436101  29.568891
angles:  90.000000  90.000000 120.000000
pbc   :       True       True       True
Sites (4)
  #  SP           a         b         c  velocities
---  ----  --------  --------  --------  ---------------
  0  Zr    0         0         0.626359  [0.0, 0.0, 0.0]
  1  Zr    0.666667  0.333333  0.706974  [0.0, 0.0, 0.0]
  2  Cl    0.333333  0.666667  0.567262  [0.0, 0.0, 0.0]
  3  Cl    0.333333  0.666667  0.766072  [0.0, 0.0, 0.0]",-1.307,"Full Formula (Zr2 Cl2)
Reduced Formula: ZrCl
abc   :   3.453752   3.453752  29.568891
angles:  90.000000  90.000000 120.000000
pbc   :       True       True       True
Sites (4)
  #  SP           a         b         c
---  ----  --------  --------  --------
  0  Zr    0         0         0.626608
  1  Zr    0.666667  0.333333  0.706725
  2  Cl    0.333333  0.666667  0.567491
  3  Cl    0.333333  0.666667  0.765843",JVASP-6349,,,,,mp-27440,0.0491,Zr2 Cl2
1.9172,1.682,1.6837,83.98891667,"Full Formula (Al1 P1 S4)
Reduced Formula: AlPS4
abc   :   5.706076   5.070526  25.466788
angles:  90.000000  90.000000  90.000000
pbc   :       True       True       True
Sites (6)
  #  SP           a       b         c  velocities
---  ----  --------  ------  --------  ---------------
  0  Al    0.5       0       0.225132  [0.0, 0.0, 0.0]
  1  P     0         0       0.225132  [0.0, 0.0, 0.0]
  2  S     0.775687  0.2171  0.177954  [0.0, 0.0, 0.0]
  3  S     0.224313  0.7829  0.177954  [0.0, 0.0, 0.0]
  4  S     0.775687  0.7829  0.272311  [0.0, 0.0, 0.0]
  5  S     0.224313  0.2171  0.272311  [0.0, 0.0, 0.0]",-0.537,"Full Formula (Al1 P1 S4)
Reduced Formula: AlPS4
abc   :   5.712303   5.716446  25.466788
angles:  90.000000  90.000000  90.000000
pbc   :       True       True       True
Sites (6)
  #  SP           a         b         c
---  ----  --------  --------  --------
  0  Al    0.5       0         0.225132
  1  P     0         0         0.225132
  2  S     0.776404  0.199493  0.179562
  3  S     0.223596  0.800507  0.179562
  4  S     0.776404  0.800507  0.270703
  5  S     0.223596  0.199493  0.270703",JVASP-6265,,,,,mp-27462,2.5522,Al1 P1 S4
,,,51.953,"Full Formula (Sc2 Cl2)
Reduced Formula: ScCl
abc   :   3.470466   3.470465  27.735518
angles:  90.000000  90.000000 120.000002
pbc   :       True       True       True
Sites (4)
  #  SP           a         b         c  velocities
---  ----  --------  --------  --------  ---------------
  0  Sc    0.666667  0.333333  0.133452  [0.0, 0.0, 0.0]
  1  Sc    0         0         0.223918  [0.0, 0.0, 0.0]
  2  Cl    0.333333  0.666667  0.074526  [0.0, 0.0, 0.0]
  3  Cl    0.333333  0.666667  0.282843  [0.0, 0.0, 0.0]",-1.448,"Full Formula (Sc2 Cl2)
Reduced Formula: ScCl
abc   :   3.494832   3.494832  27.735518
angles:  90.000000  90.000000 120.000002
pbc   :       True       True       True
Sites (4)
  #  SP           a         b         c
---  ----  --------  --------  --------
  0  Sc    0.666667  0.333333  0.133094
  1  Sc    0         0         0.224276
  2  Cl    0.333333  0.666667  0.074122
  3  Cl    0.333333  0.666667  0.283247",JVASP-6937,,,,,mp-27507,,Sc2 Cl2
,,,93.97707143,"Full Formula (As8 S6)
Reduced Formula: As4S3
abc   :   7.087018   6.849812  28.944586
angles:  90.000000  90.000000  90.000000
pbc   :       True       True       True
Sites (14)
  #  SP           a         b         c  velocities
---  ----  --------  --------  --------  ---------------
  0  As    0.070159  0.145991  0.077934  [0.0, 0.0, 0.0]
  1  As    0.429841  0.145991  0.077934  [0.0, 0.0, 0.0]
  2  As    0.25      0.964622  0.139649  [0.0, 0.0, 0.0]
  3  As    0.75      0.519746  0.213956  [0.0, 0.0, 0.0]
  4  As    0.25      0.480254  0.164166  [0.0, 0.0, 0.0]
  5  As    0.75      0.035378  0.238473  [0.0, 0.0, 0.0]
  6  As    0.570159  0.854009  0.300188  [0.0, 0.0, 0.0]
  7  As    0.929841  0.854009  0.300188  [0.0, 0.0, 0.0]
  8  S     0.75      0.822414  0.179997  [0.0, 0.0, 0.0]
  9  S     0.009146  0.430012  0.112933  [0.0, 0.0, 0.0]
 10  S     0.490854  0.430012  0.112933  [0.0, 0.0, 0.0]
 11  S     0.509146  0.569988  0.265189  [0.0, 0.0, 0.0]
 12  S     0.990854  0.569988  0.265189  [0.0, 0.0, 0.0]
 13  S     0.25      0.177586  0.198125  [0.0, 0.0, 0.0]",-0.015,"Full Formula (As8 S6)
Reduced Formula: As4S3
abc   :   8.866848   9.744789  28.944586
angles:  90.000000  90.000000  90.000000
pbc   :       True       True       True
Sites (14)
  #  SP           a         b         c
---  ----  --------  --------  --------
  0  As    0.107368  0.151176  0.109247
  1  As    0.392632  0.151176  0.109247
  2  As    0.25      0.991964  0.162062
  3  As    0.75      0.665548  0.170158
  4  As    0.25      0.334452  0.207964
  5  As    0.75      0.008036  0.21606
  6  As    0.607368  0.848824  0.268875
  7  As    0.892632  0.848824  0.268875
  8  S     0.75      0.890313  0.149916
  9  S     0.057633  0.327214  0.156381
 10  S     0.442367  0.327214  0.156381
 11  S     0.557633  0.672786  0.221741
 12  S     0.942367  0.672786  0.221741
 13  S     0.25      0.109687  0.228206",JVASP-6940,,,,,mp-27543,,As8 S6
17.864,17.864,3.369,92.34013333,"Full Formula (Si1 Te2)
Reduced Formula: SiTe2
abc   :   3.814906   3.814906  27.197909
angles:  90.000000  90.000000 119.999999
pbc   :       True       True       True
Sites (3)
  #  SP           a         b         c  velocities
---  ----  --------  --------  --------  ---------------
  0  Si    0.498095  0.096681  0.132325  [0.0, 0.0, 0.0]
  1  Te    0.164762  0.430015  0.192591  [0.0, 0.0, 0.0]
  2  Te    0.831428  0.763348  0.072058  [0.0, 0.0, 0.0]",0.187,"Full Formula (Si1 Te2)
Reduced Formula: SiTe2
abc   :   3.789354   3.789354  27.197909
angles:  90.000000  90.000000 120.000000
pbc   :       True       True       True
Sites (3)
  #  SP           a         b         c
---  ----  --------  --------  --------
  0  Si    0.498095  0.096681  0.132325
  1  Te    0.164762  0.430015  0.192469
  2  Te    0.831428  0.763348  0.07218",JVASP-5911,,,,,mp-2755,0.0326,Si1 Te2
,,,69.5225625,"Full Formula (Cr4 Cl12)
Reduced Formula: CrCl3
abc   :   5.980336  10.358060  26.351741
angles:  90.000000  94.221393  90.000000
pbc   :       True       True       True
Sites (16)
  #  SP           a         b         c  velocities
---  ----  --------  --------  --------  ---------------
  0  Cr    0.906805  0.98016   0.156889  [0.0, 0.0, 0.0]
  1  Cr    0.906805  0.64682   0.156889  [0.0, 0.0, 0.0]
  2  Cr    0.406804  0.48016   0.156889  [0.0, 0.0, 0.0]
  3  Cr    0.406804  0.14682   0.156889  [0.0, 0.0, 0.0]
  4  Cl    0.100352  0.136432  0.207749  [0.0, 0.0, 0.0]
  5  Cl    0.100352  0.490548  0.207749  [0.0, 0.0, 0.0]
  6  Cl    0.069091  0.81349   0.207764  [0.0, 0.0, 0.0]
  7  Cl    0.600352  0.636432  0.207749  [0.0, 0.0, 0.0]
  8  Cl    0.600352  0.990548  0.207749  [0.0, 0.0, 0.0]
  9  Cl    0.569091  0.31349   0.207764  [0.0, 0.0, 0.0]
 10  Cl    0.244518  0.31349   0.106014  [0.0, 0.0, 0.0]
 11  Cl    0.213257  0.636432  0.106028  [0.0, 0.0, 0.0]
 12  Cl    0.213257  0.990548  0.106028  [0.0, 0.0, 0.0]
 13  Cl    0.744518  0.81349   0.106014  [0.0, 0.0, 0.0]
 14  Cl    0.713257  0.136432  0.106028  [0.0, 0.0, 0.0]
 15  Cl    0.713257  0.490548  0.106028  [0.0, 0.0, 0.0]",-1.083,"Full Formula (Cr4 Cl12)
Reduced Formula: CrCl3
abc   :   6.060906  10.495949  26.353678
angles:  90.000000  94.278056  90.000000
pbc   :       True       True       True
Sites (16)
  #  SP            a         b         c
---  ----  ---------  --------  --------
  0  Cr    -0.093195  0.980171  0.156889
  1  Cr    -0.093195  0.646809  0.156889
  2  Cr     0.406804  0.480171  0.156889
  3  Cr     0.406804  0.146809  0.156889
  4  Cl     0.102948  0.133755  0.207656
  5  Cl     0.102948  0.493225  0.207656
  6  Cl     0.063317  0.81349   0.20782
  7  Cl     0.602948  0.633755  0.207656
  8  Cl     0.602948  0.993225  0.207656
  9  Cl     0.563317  0.31349   0.20782
 10  Cl     0.250292  0.31349   0.105958
 11  Cl     0.210661  0.633755  0.106121
 12  Cl     0.210661  0.993225  0.106121
 13  Cl     0.750292  0.81349   0.105958
 14  Cl     0.710661  0.133755  0.106121
 15  Cl     0.710661  0.493225  0.106121",JVASP-6943,,,,,mp-27630,,Cr4 Cl12
6.328,5.0787,2.8411,101.5379583,"Full Formula (Te8 Br4)
Reduced Formula: Te2Br
abc   :   4.052155  12.836259  30.702413
angles:  90.000000  90.000000  90.000000
pbc   :       True       True       True
Sites (12)
  #  SP       a         b         c  velocities
---  ----  ----  --------  --------  ---------------
  0  Te    0.75  0.764305  0.044262  [0.0, 0.0, 0.0]
  1  Te    0.25  0.923753  0.047441  [0.0, 0.0, 0.0]
  2  Te    0.25  0.308507  0.106857  [0.0, 0.0, 0.0]
  3  Te    0.75  0.458856  0.126721  [0.0, 0.0, 0.0]
  4  Te    0.25  0.958856  0.145284  [0.0, 0.0, 0.0]
  5  Te    0.75  0.808507  0.165148  [0.0, 0.0, 0.0]
  6  Te    0.75  0.423753  0.224564  [0.0, 0.0, 0.0]
  7  Te    0.25  0.264305  0.227743  [0.0, 0.0, 0.0]
  8  Br    0.25  0.596086  0.044009  [0.0, 0.0, 0.0]
  9  Br    0.75  0.138484  0.086284  [0.0, 0.0, 0.0]
 10  Br    0.25  0.638484  0.18572   [0.0, 0.0, 0.0]
 11  Br    0.75  0.096086  0.227996  [0.0, 0.0, 0.0]",-0.066,"Full Formula (Te8 Br4)
Reduced Formula: Te2Br
abc   :   4.049091  13.394100  30.702413
angles:  90.000000  90.000000  90.000000
pbc   :       True       True       True
Sites (12)
  #  SP       a         b         c
---  ----  ----  --------  --------
  0  Te    0.75  0.766285  0.044523
  1  Te    0.25  0.918632  0.052636
  2  Te    0.25  0.302294  0.102997
  3  Te    0.75  0.447209  0.122379
  4  Te    0.25  0.947209  0.149626
  5  Te    0.75  0.802294  0.169008
  6  Te    0.75  0.418632  0.219369
  7  Te    0.25  0.266285  0.227482
  8  Br    0.25  0.611471  0.033084
  9  Br    0.75  0.1441    0.085012
 10  Br    0.25  0.6441    0.186992
 11  Br    0.75  0.111471  0.238921",JVASP-6058,,,,,mp-27648,0.8813,Te8 Br4
7.38,6.2439,3.0393,106.9255583,"Full Formula (Te8 I4)
Reduced Formula: Te2I
abc   :   4.158163  13.385289  30.074691
angles:  90.000000  90.000000  90.000000
pbc   :       True       True       True
Sites (12)
  #  SP       a         b         c  velocities
---  ----  ----  --------  --------  ---------------
  0  Te    0.75  0.763255  0.045239  [0.0, 0.0, 0.0]
  1  Te    0.25  0.915611  0.049015  [0.0, 0.0, 0.0]
  2  Te    0.25  0.310367  0.113241  [0.0, 0.0, 0.0]
  3  Te    0.75  0.452206  0.136831  [0.0, 0.0, 0.0]
  4  Te    0.25  0.952206  0.14704   [0.0, 0.0, 0.0]
  5  Te    0.75  0.810367  0.17063   [0.0, 0.0, 0.0]
  6  Te    0.75  0.415611  0.234857  [0.0, 0.0, 0.0]
  7  Te    0.25  0.263255  0.238632  [0.0, 0.0, 0.0]
  8  I     0.25  0.589157  0.043715  [0.0, 0.0, 0.0]
  9  I     0.75  0.143711  0.083181  [0.0, 0.0, 0.0]
 10  I     0.25  0.643711  0.200691  [0.0, 0.0, 0.0]
 11  I     0.75  0.089157  0.240156  [0.0, 0.0, 0.0]",0.055,"Full Formula (Te8 I4)
Reduced Formula: Te2I
abc   :   4.164434  14.119191  30.074691
angles:  90.000000  90.000000  90.000000
pbc   :       True       True       True
Sites (12)
  #  SP       a         b         c
---  ----  ----  --------  --------
  0  Te    0.75  0.769733  0.045388
  1  Te    0.25  0.91279   0.054935
  2  Te    0.25  0.301674  0.109888
  3  Te    0.75  0.437346  0.131042
  4  Te    0.25  0.937346  0.152829
  5  Te    0.75  0.801674  0.173983
  6  Te    0.75  0.41279   0.228937
  7  Te    0.25  0.269733  0.238483
  8  I     0.25  0.610533  0.032002
  9  I     0.75  0.142231  0.087315
 10  I     0.25  0.642231  0.196557
 11  I     0.75  0.110533  0.251869",JVASP-6082,,,,,mp-27655,0.9226,Te8 I4
1.9865,1.8639,1.612,101.2232857,"Full Formula (S3 N2 Cl2)
Reduced Formula: S3(NCl)2
abc   :   5.448671   6.417387  29.154412
angles:  90.000000  90.000000 112.248097
pbc   :       True       True       True
Sites (7)
  #  SP           a         b         c  velocities
---  ----  --------  --------  --------  ---------------
  0  S     0.837616  0.770086  0.165583  [0.0, 0.0, 0.0]
  1  S     0.672365  0.362786  0.211841  [0.0, 0.0, 0.0]
  2  S     0.895905  0.810112  0.240338  [0.0, 0.0, 0.0]
  3  N     0.745176  0.50937   0.164298  [0.0, 0.0, 0.0]
  4  N     0.759105  0.542734  0.250273  [0.0, 0.0, 0.0]
  5  Cl    0.478219  0.85983   0.156179  [0.0, 0.0, 0.0]
  6  Cl    0.124056  0.252811  0.201619  [0.0, 0.0, 0.0]",0.28,"Full Formula (S3 N2 Cl2)
Reduced Formula: S3(NCl)2
abc   :   5.701011   6.667388  29.154412
angles:  90.000000  90.000000 101.624435
pbc   :       True       True       True
Sites (7)
  #  SP           a         b         c
---  ----  --------  --------  --------
  0  S     0.837657  0.767211  0.166621
  1  S     0.69712   0.391619  0.209965
  2  S     0.876686  0.786657  0.240993
  3  N     0.7647    0.527108  0.16328
  4  N     0.751106  0.550175  0.249835
  5  Cl    0.509507  0.893449  0.156317
  6  Cl    0.075666  0.19151   0.203119",JVASP-6478,,,,,mp-27699,1.5079,S3 N2 Cl2
,,,77.68725625,"Full Formula (Bi8 I8)
Reduced Formula: BiI
abc   :  14.673480   4.431106  30.617851
angles:  90.000000  97.152791  90.000000
pbc   :       True       True       True
Sites (16)
  #  SP            a    b         c  velocities
---  ----  ---------  ---  --------  ---------------
  0  Bi     0.489741  0.5  0.080868  [0.0, 0.0, 0.0]
  1  Bi    -0.010259  0    0.080868  [0.0, 0.0, 0.0]
  2  Bi     0.696917  0    0.173391  [0.0, 0.0, 0.0]
  3  Bi     0.55504   0.5  0.180848  [0.0, 0.0, 0.0]
  4  Bi     0.196917  0.5  0.173391  [0.0, 0.0, 0.0]
  5  Bi     0.05504   0    0.180848  [0.0, 0.0, 0.0]
  6  Bi     0.762202  0    0.273372  [0.0, 0.0, 0.0]
  7  Bi     0.262202  0.5  0.273372  [0.0, 0.0, 0.0]
  8  I      0.619408  0    0.050161  [0.0, 0.0, 0.0]
  9  I      0.119408  0.5  0.050161  [0.0, 0.0, 0.0]
 10  I      0.850977  0.5  0.103839  [0.0, 0.0, 0.0]
 11  I      0.350977  0    0.103839  [0.0, 0.0, 0.0]
 12  I      0.900998  0.5  0.250432  [0.0, 0.0, 0.0]
 13  I      0.400998  0    0.250432  [0.0, 0.0, 0.0]
 14  I      0.632526  0.5  0.304082  [0.0, 0.0, 0.0]
 15  I      0.132526  0    0.304082  [0.0, 0.0, 0.0]",-0.217,"Full Formula (Bi8 I8)
Reduced Formula: BiI
abc   :  15.951961   4.408102  30.617851
angles:  90.000000  96.576882  90.000000
pbc   :       True       True       True
Sites (16)
  #  SP           a    b         c
---  ----  --------  ---  --------
  0  Bi    0.503783  0.5  0.079551
  1  Bi    0.003783  0    0.079551
  2  Bi    0.693534  0    0.173418
  3  Bi    0.562344  0.5  0.179338
  4  Bi    0.193534  0.5  0.173418
  5  Bi    0.062344  0    0.179338
  6  Bi    0.746476  0    0.273898
  7  Bi    0.246476  0.5  0.273898
  8  I     0.624794  0    0.049056
  9  I     0.124794  0.5  0.049056
 10  I     0.876108  0.5  0.102636
 11  I     0.376108  0    0.102636
 12  I     0.87689   0.5  0.255423
 13  I     0.37689   0    0.255423
 14  I     0.62388   0.5  0.303673
 15  I     0.12388   0    0.303673",JVASP-6955,,,,,mp-27708,,Bi8 I8
17.5872,17.5872,2.1104,79.077625,"Full Formula (Cr2 Br6)
Reduced Formula: CrBr3
abc   :   6.342737   6.342737  27.485237
angles:  90.000000  90.000000 120.000001
pbc   :       True       True       True
Sites (8)
  #  SP           a         b         c  velocities
---  ----  --------  --------  --------  ---------------
  0  Cr    0         0         0.124226  [0.0, 0.0, 0.0]
  1  Cr    0.666667  0.333333  0.124214  [0.0, 0.0, 0.0]
  2  Br    0.980674  0.313987  0.071905  [0.0, 0.0, 0.0]
  3  Br    0.333312  0.019326  0.071905  [0.0, 0.0, 0.0]
  4  Br    0.686013  0.666688  0.071905  [0.0, 0.0, 0.0]
  5  Br    0.685992  0.019347  0.176534  [0.0, 0.0, 0.0]
  6  Br    0.333354  0.314008  0.176534  [0.0, 0.0, 0.0]
  7  Br    0.980653  0.666646  0.176534  [0.0, 0.0, 0.0]",-0.725,"Full Formula (Cr2 Br6)
Reduced Formula: CrBr3
abc   :   6.446063   6.446064  27.485237
angles:  90.000000  90.000000 120.000001
pbc   :       True       True       True
Sites (8)
  #  SP           a         b         c
---  ----  --------  --------  --------
  0  Cr    0         0         0.124149
  1  Cr    0.666667  0.333333  0.124291
  2  Br    0.974749  0.308314  0.071959
  3  Br    0.333564  0.025251  0.071959
  4  Br    0.691686  0.666436  0.071959
  5  Br    0.691917  0.02502   0.17648
  6  Br    0.333102  0.308083  0.17648
  7  Br    0.97498   0.666898  0.17648",JVASP-6088,,,,,mp-27734,1.1182,Cr2 Br6
,,,75.92923333,"Full Formula (Ti1 Br2)
Reduced Formula: TiBr2
abc   :   3.720031   3.720031  27.988648
angles:  90.000000  90.000000 120.000007
pbc   :       True       True       True
Sites (3)
  #  SP           a         b         c  velocities
---  ----  --------  --------  --------  ---------------
  0  Ti    0.686329  0.234478  0.142712  [0.0, 0.0, 0.0]
  1  Br    0.352996  0.567811  0.199683  [0.0, 0.0, 0.0]
  2  Br    0.019662  0.901145  0.085742  [0.0, 0.0, 0.0]",-1.036,"Full Formula (Ti1 Br2)
Reduced Formula: TiBr2
abc   :   3.736193   3.736193  27.988648
angles:  90.000000  90.000000 120.000008
pbc   :       True       True       True
Sites (3)
  #  SP           a         b         c
---  ----  --------  --------  --------
  0  Ti    0.686329  0.234478  0.142712
  1  Br    0.352996  0.567811  0.199818
  2  Br    0.019662  0.901145  0.085607",JVASP-6961,,,,,mp-27785,,Ti1 Br2
6.2303,5.8115,3.3086,44.69833333,"Full Formula (Ti2 I2 N2)
Reduced Formula: TiIN
abc   :   3.534170   3.962746  29.600037
angles:  90.000000  90.000000  90.000000
pbc   :       True       True       True
Sites (6)
  #  SP           a         b         c  velocities
---  ----  --------  --------  --------  ---------------
  0  Ti    0.355433  0.707073  0.185778  [0.0, 0.0, 0.0]
  1  Ti    0.855433  0.207073  0.138548  [0.0, 0.0, 0.0]
  2  I     0.855433  0.707073  0.260133  [0.0, 0.0, 0.0]
  3  I     0.355433  0.207073  0.064192  [0.0, 0.0, 0.0]
  4  N     0.355433  0.207073  0.173021  [0.0, 0.0, 0.0]
  5  N     0.855433  0.707073  0.151304  [0.0, 0.0, 0.0]",-1.222,"Full Formula (Ti2 I2 N2)
Reduced Formula: TiIN
abc   :   3.541317   3.976576  29.600037
angles:  90.000000  90.000000  90.000000
pbc   :       True       True       True
Sites (6)
  #  SP           a         b         c
---  ----  --------  --------  --------
  0  Ti    0.355433  0.707073  0.185503
  1  Ti    0.855433  0.207073  0.138823
  2  I     0.855433  0.707073  0.260191
  3  I     0.355433  0.207073  0.064134
  4  N     0.355433  0.207073  0.173035
  5  N     0.855433  0.707073  0.15129",JVASP-6268,,,,,mp-27848,0.1883,Ti2 I2 N2
,,,58.429475,"Full Formula (Tb2 Br2)
Reduced Formula: TbBr
abc   :   3.798227   3.798226  26.331214
angles:  90.000000  90.000000 120.000006
pbc   :       True       True       True
Sites (4)
  #  SP           a         b         c  velocities
---  ----  --------  --------  --------  ---------------
  0  Tb    0         0         0.15198   [0.0, 0.0, 0.0]
  1  Tb    0.666667  0.333333  0.257308  [0.0, 0.0, 0.0]
  2  Br    0.333333  0.666667  0.078771  [0.0, 0.0, 0.0]
  3  Br    0.333333  0.666667  0.330518  [0.0, 0.0, 0.0]",-1.195,"Full Formula (Tb2 Br2)
Reduced Formula: TbBr
abc   :   3.838050   3.838049  26.331214
angles:  90.000000  90.000000 120.000006
pbc   :       True       True       True
Sites (4)
  #  SP           a         b         c
---  ----  --------  --------  --------
  0  Tb    0         0         0.151592
  1  Tb    0.666667  0.333333  0.257696
  2  Br    0.333333  0.666667  0.078588
  3  Br    0.333333  0.666667  0.330701",JVASP-6973,,,,,mp-27924,,Tb2 Br2
,,,388.0054286,"Full Formula (Ge8 S12 I8)
Reduced Formula: Ge2S3I2
abc   :  10.245503  10.245503  30.012059
angles:  90.000000  90.000000 120.000001
pbc   :       True       True       True
Sites (28)
  #  SP           a          b         c  velocities
---  ----  --------  ---------  --------  ---------------
  0  Ge    0.363258   0.843273  0.522864  [0.0, 0.0, 0.0]
  1  Ge    0.990883   0.970614  0.582349  [0.0, 0.0, 0.0]
  2  Ge    0.862972   0.215648  0.582349  [0.0, 0.0, 0.0]
  3  Ge    0.235917   0.343559  0.582349  [0.0, 0.0, 0.0]
  4  Ge    0.402299   0.049266  0.744019  [0.0, 0.0, 0.0]
  5  Ge    0.157265   0.676321  0.744019  [0.0, 0.0, 0.0]
  6  Ge    0.53021    0.804232  0.744019  [0.0, 0.0, 0.0]
  7  Ge    0.029924   0.176607  0.803504  [0.0, 0.0, 0.0]
  8  S     0.870392   0.199402  0.509793  [0.0, 0.0, 0.0]
  9  S     0.007129   0.994279  0.509793  [0.0, 0.0, 0.0]
 10  S     0.212252   0.336139  0.509793  [0.0, 0.0, 0.0]
 11  S     0.213196   0.13325   0.615313  [0.0, 0.0, 0.0]
 12  S     0.073281   0.403235  0.615313  [0.0, 0.0, 0.0]
 13  S     0.803296  -0.006665  0.615313  [0.0, 0.0, 0.0]
 14  S     0.589886   0.026545  0.711056  [0.0, 0.0, 0.0]
 15  S     0.179986   0.88663   0.711056  [0.0, 0.0, 0.0]
 16  S     0.319901   0.616645  0.711056  [0.0, 0.0, 0.0]
 17  S     0.52279    0.820478  0.816576  [0.0, 0.0, 0.0]
 18  S     0.386053   0.025601  0.816576  [0.0, 0.0, 0.0]
 19  S     0.18093    0.683741  0.816576  [0.0, 0.0, 0.0]
 20  I     0.363258   0.843273  0.604167  [0.0, 0.0, 0.0]
 21  I     0.503414   0.548319  0.6027    [0.0, 0.0, 0.0]
 22  I     0.658212   0.278385  0.6027    [0.0, 0.0, 0.0]
 23  I     0.928146   0.703117  0.6027    [0.0, 0.0, 0.0]
 24  I     0.73497    0.741495  0.723669  [0.0, 0.0, 0.0]
 25  I     0.889768   0.471561  0.723669  [0.0, 0.0, 0.0]
 26  I     0.465036   0.316763  0.723669  [0.0, 0.0, 0.0]
 27  I     0.029924   0.176607  0.722202  [0.0, 0.0, 0.0]",0.086,"Full Formula (Ge8 S12 I8)
Reduced Formula: Ge2S3I2
abc   :  11.335578  11.335578  30.012059
angles:  90.000000  90.000000 120.000001
pbc   :       True       True       True
Sites (28)
  #  SP           a         b         c
---  ----  --------  --------  --------
  0  Ge    -12.6367  -13.1567  -4.48588
  1  Ge    -13.0218  -13.0199  -4.42696
  2  Ge    -13.1149  -12.7717  -4.42696
  3  Ge    -12.7735  -12.6786  -4.42696
  4  Ge    -12.585   -12.9602  -4.24667
  5  Ge    -12.8333  -13.3016  -4.24667
  6  Ge    -12.4919  -13.2084  -4.24667
  7  Ge    -12.9701  -12.8234  -4.18775
  8  S     -13.1277  -12.7684  -4.50143
  9  S     -13.0251  -13.036   -4.50143
 10  S     -12.7574  -12.6658  -4.50143
 11  S     -12.8135  -12.8793  -4.39892
 12  S     -12.9142  -12.6109  -4.39892
 13  S     -13.1825  -12.98    -4.39892
 14  S     -12.4243  -13.0002  -4.27471
 15  S     -12.7933  -13.1008  -4.27471
 16  S     -12.6927  -13.3692  -4.27471
 17  S     -12.4791  -13.2117  -4.1722
 18  S     -12.5817  -12.9441  -4.1722
 19  S     -12.8494  -13.3144  -4.1722
 20  I     -12.6367  -13.1567  -4.40182
 21  I     -12.5379  -12.5066  -4.39939
 22  I     -13.2869  -12.708   -4.39939
 23  I     -13.0855  -13.2556  -4.39939
 24  I     -12.32    -13.2721  -4.27424
 25  I     -13.0689  -13.4735  -4.27424
 26  I     -12.5213  -12.7245  -4.27424
 27  I     -12.9701  -12.8234  -4.27181",JVASP-6412,,,,,mp-27928,,Ge8 S12 I8
,,,53.75345714,"Full Formula (Ge1 Bi2 Te4)
Reduced Formula: Ge(BiTe2)2
abc   :   4.370127   4.370128  32.797441
angles:  90.000000  90.000000 119.999996
pbc   :       True       True       True
Sites (7)
  #  SP           a         b         c  velocities
---  ----  --------  --------  --------  ---------------
  0  Ge    0.666667  0.333333  0.44513   [0.0, 0.0, 0.0]
  1  Bi    0.333333  0.666667  0.329083  [0.0, 0.0, 0.0]
  2  Bi    0         0         0.561179  [0.0, 0.0, 0.0]
  3  Te    0.666667  0.333333  0.27553   [0.0, 0.0, 0.0]
  4  Te    0         0         0.393709  [0.0, 0.0, 0.0]
  5  Te    0.333333  0.666667  0.496553  [0.0, 0.0, 0.0]
  6  Te    0.666667  0.333333  0.614731  [0.0, 0.0, 0.0]",-0.141,"Full Formula (Ge1 Bi2 Te4)
Reduced Formula: Ge(BiTe2)2
abc   :   4.375132   4.375132  32.797441
angles:  90.000000  90.000000 119.999996
pbc   :       True       True       True
Sites (7)
  #  SP           a         b         c
---  ----  --------  --------  --------
  0  Ge    0.666667  0.333333  0.44513
  1  Bi    0.333333  0.666667  0.329973
  2  Bi    0         0         0.560289
  3  Te    0.666667  0.333333  0.27653
  4  Te    0         0         0.394244
  5  Te    0.333333  0.666667  0.496018
  6  Te    0.666667  0.333333  0.613731",JVASP-6979,,,,,mp-27948,,Ge1 Bi2 Te4
,,,77.94577778,"Full Formula (S3 N3 Cl3)
Reduced Formula: SNCl
abc   :   5.550412   6.026229  25.815466
angles:  90.000000  90.000000  98.353145
pbc   :       True       True       True
Sites (9)
  #  SP           a         b         c  velocities
---  ----  --------  --------  --------  ---------------
  0  S     0.953078  0.777762  0.05934   [0.0, 0.0, 0.0]
  1  S     0.120381  0.178726  0.114422  [0.0, 0.0, 0.0]
  2  S     0.953078  0.777762  0.169505  [0.0, 0.0, 0.0]
  3  N     0.027987  0.043262  0.062713  [0.0, 0.0, 0.0]
  4  N     0.881407  0.665356  0.114422  [0.0, 0.0, 0.0]
  5  N     0.027987  0.043262  0.166132  [0.0, 0.0, 0.0]
  6  Cl    0.298493  0.651822  0.040523  [0.0, 0.0, 0.0]
  7  Cl    0.507859  0.167125  0.114422  [0.0, 0.0, 0.0]
  8  Cl    0.298493  0.651822  0.188322  [0.0, 0.0, 0.0]",0.359,"Full Formula (S3 N3 Cl3)
Reduced Formula: SNCl
abc   :   5.921715   6.488899  25.815466
angles:  90.000000  90.000000  98.600967
pbc   :       True       True       True
Sites (9)
  #  SP           a         b         c
---  ----  --------  --------  --------
  0  S     0.965273  0.782049  0.05908
  1  S     0.121323  0.156632  0.114422
  2  S     0.965273  0.782049  0.169765
  3  N     0.035456  0.03129   0.062324
  4  N     0.89794   0.676273  0.114422
  5  N     0.035456  0.03129   0.166521
  6  Cl    0.281202  0.666681  0.038493
  7  Cl    0.485638  0.163954  0.114422
  8  Cl    0.281202  0.666681  0.190352",JVASP-6484,,,,,mp-27952,,S3 N3 Cl3
,,,108.4915,"Full Formula (C1 Br1 N1)
Reduced Formula: CBrN
abc   :   3.968500   5.719503  24.389900
angles:  90.000000  90.000000  90.000000
pbc   :       True       True       True
Sites (3)
  #  SP      a         b         c  velocities
---  ----  ---  --------  --------  ---------------
  0  C     0.5  0.451068  0.130995  [0.0, 0.0, 0.0]
  1  Br    0.5  0.13745   0.130995  [0.0, 0.0, 0.0]
  2  N     0.5  0.654771  0.130995  [0.0, 0.0, 0.0]",0.615,"Full Formula (C1 Br1 N1)
Reduced Formula: CBrN
abc   :   4.419450   5.751004  24.389900
angles:  90.000000  90.000000  90.000000
pbc   :       True       True       True
Sites (3)
  #  SP      a         b         c
---  ----  ---  --------  --------
  0  C     0.5  0.450586  0.130995
  1  Br    0.5  0.13861   0.130995
  2  N     0.5  0.654094  0.130995",JVASP-6745,,,,,mp-27989,,C1 Br1 N1
,,,195.6431667,"Full Formula (Ba2 Br2 Cl2)
Reduced Formula: BaBrCl
abc   :   4.833762   8.369110  26.343805
angles:  90.000000  90.000000  90.000000
pbc   :       True       True       True
Sites (6)
  #  SP       a         b         c  velocities
---  ----  ----  --------  --------  ---------------
  0  Ba    0.75  0.254861  0.194676  [0.0, 0.0, 0.0]
  1  Ba    0.25  0.745139  0.197971  [0.0, 0.0, 0.0]
  2  Br    0.75  0.914959  0.135745  [0.0, 0.0, 0.0]
  3  Br    0.25  0.085041  0.256901  [0.0, 0.0, 0.0]
  4  Cl    0.25  0.417918  0.143461  [0.0, 0.0, 0.0]
  5  Cl    0.75  0.582082  0.249186  [0.0, 0.0, 0.0]",-2.285,"Full Formula (Ba2 Br2 Cl2)
Reduced Formula: BaBrCl
abc   :   5.057260   8.134876  26.343805
angles:  90.000000  90.000000  90.000000
pbc   :       True       True       True
Sites (6)
  #  SP       a         b         c
---  ----  ----  --------  --------
  0  Ba    0.75  0.271246  0.160113
  1  Ba    0.25  0.728754  0.232534
  2  Br    0.75  0.861869  0.159041
  3  Br    0.25  0.138131  0.233605
  4  Cl    0.25  0.495416  0.139111
  5  Cl    0.75  0.504584  0.253536",JVASP-6748,,,,,mp-28049,,Ba2 Br2 Cl2
2.0303,2.0298,1.8955,105.4342667,"Full Formula (Pb2 Br4)
Reduced Formula: PbBr2
abc   :   4.397385   7.615924  27.157509
angles:  90.000000  90.000000  90.000000
pbc   :       True       True       True
Sites (6)
  #  SP       a          b         c  velocities
---  ----  ----  ---------  --------  ---------------
  0  Pb    0.75   0.74997   0.187065  [0.0, 0.0, 0.0]
  1  Pb    0.25   0.25003   0.186957  [0.0, 0.0, 0.0]
  2  Br    0.25  -0.083624  0.124202  [0.0, 0.0, 0.0]
  3  Br    0.75   0.416939  0.124152  [0.0, 0.0, 0.0]
  4  Br    0.25   0.583061  0.24987   [0.0, 0.0, 0.0]
  5  Br    0.75   0.083624  0.24982   [0.0, 0.0, 0.0]",-0.853,"Full Formula (Pb2 Br4)
Reduced Formula: PbBr2
abc   :   4.753942   8.236714  27.157509
angles:  90.000000  90.000000  90.000000
pbc   :       True       True       True
Sites (6)
  #  SP       a         b         c
---  ----  ----  --------  --------
  0  Pb    0.75  0.768371  0.160131
  1  Pb    0.25  0.231629  0.213891
  2  Br    0.25  0.006717  0.12967
  3  Br    0.75  0.359341  0.154364
  4  Br    0.25  0.640659  0.219658
  5  Br    0.75  0.993283  0.244352",JVASP-6751,,,,,mp-28077,2.918,Pb2 Br4
4.173,3.9964,2.8226,138.26555,"Full Formula (Sb4 S6)
Reduced Formula: Sb2S3
abc   :   3.860224  10.748642  26.133897
angles:  90.000000  90.000000  90.000000
pbc   :       True       True       True
Sites (10)
  #  SP       a         b         c  velocities
---  ----  ----  --------  --------  ---------------
  0  Sb    0.25  0.96425   0.298926  [0.0, 0.0, 0.0]
  1  Sb    0.75  0.03575   0.165371  [0.0, 0.0, 0.0]
  2  Sb    0.75  0.65799   0.253114  [0.0, 0.0, 0.0]
  3  Sb    0.25  0.34201   0.211183  [0.0, 0.0, 0.0]
  4  S     0.25  0.537733  0.295391  [0.0, 0.0, 0.0]
  5  S     0.75  0.462267  0.168906  [0.0, 0.0, 0.0]
  6  S     0.25  0.866293  0.213804  [0.0, 0.0, 0.0]
  7  S     0.75  0.133707  0.250493  [0.0, 0.0, 0.0]
  8  S     0.25  0.187567  0.133363  [0.0, 0.0, 0.0]
  9  S     0.75  0.812433  0.330935  [0.0, 0.0, 0.0]",-0.2,"Full Formula (Sb4 S6)
Reduced Formula: Sb2S3
abc   :   3.870340  11.230801  26.133897
angles:  90.000000  90.000000  90.000000
pbc   :       True       True       True
Sites (10)
  #  SP       a         b         c
---  ----  ----  --------  --------
  0  Sb    0.25  0.966596  0.297589
  1  Sb    0.75  0.033404  0.166708
  2  Sb    0.75  0.67181   0.247917
  3  Sb    0.25  0.32819   0.21638
  4  S     0.25  0.557165  0.28977
  5  S     0.75  0.442835  0.174527
  6  S     0.25  0.875107  0.21112
  7  S     0.75  0.124893  0.253177
  8  S     0.25  0.18794   0.139661
  9  S     0.75  0.81206   0.324637",JVASP-6523,,,,,mp-2809,1.0518,Sb4 S6
,,,66.7031,"Full Formula (Ti1 Cl2)
Reduced Formula: TiCl2
abc   :   3.293314   3.293314  25.823784
angles:  90.000000  90.000000 120.000002
pbc   :       True       True       True
Sites (3)
  #  SP           a         b         c  velocities
---  ----  --------  --------  --------  ---------------
  0  Ti    0.525712  0.116899  0.132122  [0.0, 0.0, 0.0]
  1  Cl    0.192379  0.450232  0.193712  [0.0, 0.0, 0.0]
  2  Cl    0.859045  0.783566  0.070532  [0.0, 0.0, 0.0]",-1.435,"Full Formula (Ti1 Cl2)
Reduced Formula: TiCl2
abc   :   3.527368   3.527368  25.823784
angles:  90.000000  90.000000 120.000000
pbc   :       True       True       True
Sites (3)
  #  SP           a         b         c
---  ----  --------  --------  --------
  0  Ti    0.525712  0.116899  0.132122
  1  Cl    0.192379  0.450232  0.190119
  2  Cl    0.859045  0.783566  0.074125",JVASP-6754,,,,,mp-28116,,Ti1 Cl2
18.2649,18.2649,1.8527,73.316,"Full Formula (V2 Cl6)
Reduced Formula: VCl3
abc   :   6.015369   6.015369  25.646682
angles:  90.000000  90.000000 120.000006
pbc   :       True       True       True
Sites (8)
  #  SP           a         b         c  velocities
---  ----  --------  --------  --------  ---------------
  0  V     0.333333  0.666667  0.25535   [0.0, 0.0, 0.0]
  1  V     0         0         0.255351  [0.0, 0.0, 0.0]
  2  Cl    0.666661  0.685529  0.202171  [0.0, 0.0, 0.0]
  3  Cl    0.018868  0.333339  0.202171  [0.0, 0.0, 0.0]
  4  Cl    0.314471  0.981132  0.202171  [0.0, 0.0, 0.0]
  5  Cl    0.018862  0.685535  0.30853   [0.0, 0.0, 0.0]
  6  Cl    0.314465  0.333327  0.30853   [0.0, 0.0, 0.0]
  7  Cl    0.666673  0.981138  0.30853   [0.0, 0.0, 0.0]",-1.22,"Full Formula (V2 Cl6)
Reduced Formula: VCl3
abc   :   6.092383   6.092383  25.646682
angles:  90.000000  90.000000 120.000006
pbc   :       True       True       True
Sites (8)
  #  SP           a         b         c
---  ----  --------  --------  --------
  0  V     0.333333  0.666667  0.25535
  1  V     0         0         0.255351
  2  Cl    0.666689  0.691976  0.202338
  3  Cl    0.025287  0.333311  0.202338
  4  Cl    0.308024  0.974713  0.202338
  5  Cl    0.025309  0.691954  0.308363
  6  Cl    0.308046  0.333355  0.308363
  7  Cl    0.666645  0.974691  0.308363",JVASP-6097,,,,,mp-28117,0.0212,V2 Cl6
3.6493,3.6493,2.3041,76.99066667,"Full Formula (Mo1 S2)
Reduced Formula: MoS2
abc   :   3.187963   3.187963  34.879004
angles:  90.000000  90.000000 119.999987
pbc   :       True       True       True
Sites (3)
  #  SP           a         b         c  velocities
---  ----  --------  --------  --------  ---------------
  0  Mo    0.666667  0.333333  0.106647  [0.0, 0.0, 0.0]
  1  S     0.333333  0.666667  0.061731  [0.0, 0.0, 0.0]
  2  S     0.333333  0.666667  0.151564  [0.0, 0.0, 0.0]",-0.885,"Full Formula (Mo1 S2)
Reduced Formula: MoS2
abc   :   3.190315   3.190315  34.879004
angles:  90.000000  90.000000 119.999987
pbc   :       True       True       True
Sites (3)
  #  SP           a         b         c
---  ----  --------  --------  --------
  0  Mo    0.666667  0.333333  0.106647
  1  S     0.333333  0.666667  0.061781
  2  S     0.333333  0.666667  0.151514",JVASP-664,,,,,mp-2815,1.6582,Mo1 S2
2.2345,2.2345,1.766,72.041625,"Full Formula (Zr1 Fe1 Cl6)
Reduced Formula: ZrFeCl6
abc   :   6.239776   6.239776  25.339216
angles:  90.000000  90.000000 120.000000
pbc   :       True       True       True
Sites (8)
  #  SP            a          b         c  velocities
---  ----  ---------  ---------  --------  ---------------
  0  Zr     0.666667   0.333333  0.131606  [0.0, 0.0, 0.0]
  1  Fe    -0         -0         0.131606  [0.0, 0.0, 0.0]
  2  Cl     0.330947   0.314714  0.07537   [0.0, 0.0, 0.0]
  3  Cl     0.685286   0.016233  0.07537   [0.0, 0.0, 0.0]
  4  Cl     0.983767   0.669053  0.07537   [0.0, 0.0, 0.0]
  5  Cl     0.685286   0.669053  0.187843  [0.0, 0.0, 0.0]
  6  Cl     0.983767   0.314714  0.187843  [0.0, 0.0, 0.0]
  7  Cl     0.330947   0.016233  0.187843  [0.0, 0.0, 0.0]",-1.353,"Full Formula (Zr1 Fe1 Cl6)
Reduced Formula: ZrFeCl6
abc   :   6.364252   6.364252  25.339216
angles:  90.000000  90.000000 120.000000
pbc   :       True       True       True
Sites (8)
  #  SP           a         b         c
---  ----  --------  --------  --------
  0  Zr    0.666667  0.333333  0.131606
  1  Fe    0         0         0.131606
  2  Cl    0.331278  0.306506  0.075446
  3  Cl    0.693494  0.024772  0.075446
  4  Cl    0.975228  0.668722  0.075446
  5  Cl    0.693494  0.668722  0.187767
  6  Cl    0.975228  0.306506  0.187767
  7  Cl    0.331278  0.024772  0.187767",JVASP-13600,,,,,mp-28208,0.7342,Zr1 Fe1 Cl6
,,,71.8506875,"Full Formula (Hf1 Fe1 Cl6)
Reduced Formula: HfFeCl6
abc   :   6.222765   6.222766  25.871877
angles:  90.000000  90.000000 120.000002
pbc   :       True       True       True
Sites (8)
  #  SP           a         b         c  velocities
---  ----  --------  --------  --------  ---------------
  0  Hf    0.666667  0.333333  0.124381  [0.0, 0.0, 0.0]
  1  Fe    0         0         0.124381  [0.0, 0.0, 0.0]
  2  Cl    0.684432  0.019011  0.069679  [0.0, 0.0, 0.0]
  3  Cl    0.980989  0.665421  0.069679  [0.0, 0.0, 0.0]
  4  Cl    0.334579  0.315568  0.069679  [0.0, 0.0, 0.0]
  5  Cl    0.334579  0.019011  0.179083  [0.0, 0.0, 0.0]
  6  Cl    0.684432  0.665421  0.179083  [0.0, 0.0, 0.0]
  7  Cl    0.980989  0.315568  0.179083  [0.0, 0.0, 0.0]",-1.371,"Full Formula (Hf1 Fe1 Cl6)
Reduced Formula: HfFeCl6
abc   :   6.361605   6.361606  25.871877
angles:  90.000000  90.000000 120.000002
pbc   :       True       True       True
Sites (8)
  #  SP           a         b         c
---  ----  --------  --------  --------
  0  Hf    0.666667  0.333333  0.124381
  1  Fe    0         0         0.124381
  2  Cl    0.695906  0.031566  0.069621
  3  Cl    0.968434  0.66434   0.069621
  4  Cl    0.33566   0.304094  0.069621
  5  Cl    0.33566   0.031566  0.179141
  6  Cl    0.695906  0.66434   0.179141
  7  Cl    0.968434  0.304094  0.179141",JVASP-6766,,,,,mp-28220,,Hf1 Fe1 Cl6
2.3138,2.3138,2.1422,84.25661667,"Full Formula (Cd1 I2)
Reduced Formula: CdI2
abc   :   4.275814   4.275814  25.000530
angles:  90.000000  90.000000 120.000007
pbc   :       True       True       True
Sites (3)
  #  SP           a         b         c  velocities
---  ----  --------  --------  --------  ---------------
  0  Cd    0.666667  0.333333  0.300002  [0.0, 0.0, 0.0]
  1  I     0         0         0.230459  [0.0, 0.0, 0.0]
  2  I     0.333333  0.666667  0.369551  [0.0, 0.0, 0.0]",-0.497,"Full Formula (Cd1 I2)
Reduced Formula: CdI2
abc   :   4.334895   4.334895  25.000530
angles:  90.000000  90.000000 120.000007
pbc   :       True       True       True
Sites (3)
  #  SP           a         b         c
---  ----  --------  --------  --------
  0  Cd    0.666667  0.333333  0.300002
  1  I     0         0         0.231081
  2  I     0.333333  0.666667  0.368929",JVASP-6769,,,,,mp-28248,1.4251,Cd1 I2
,,,87.00637778,"Full Formula (Te1 Au1 Cl7)
Reduced Formula: TeAuCl7
abc   :   6.591921   6.879668  29.563223
angles:  92.705422  92.390636  79.627368
pbc   :       True       True       True
Sites (9)
  #  SP           a         b         c  velocities
---  ----  --------  --------  --------  ---------------
  0  Te    0.270546  0.892693  0.075727  [0.0, 0.0, 0.0]
  1  Au    0.978108  0.458204  0.060349  [0.0, 0.0, 0.0]
  2  Cl    0.977986  0.213908  0.00466   [0.0, 0.0, 0.0]
  3  Cl    0.516207  0.050881  0.042324  [0.0, 0.0, 0.0]
  4  Cl    0.969402  0.226996  0.114444  [0.0, 0.0, 0.0]
  5  Cl    0.989827  0.69265   0.007376  [0.0, 0.0, 0.0]
  6  Cl    0.4188    0.922417  0.149234  [0.0, 0.0, 0.0]
  7  Cl    0.982011  0.700523  0.118505  [0.0, 0.0, 0.0]
  8  Cl    0.471297  0.569795  0.06351   [0.0, 0.0, 0.0]",-0.358,"Full Formula (Te1 Au1 Cl7)
Reduced Formula: TeAuCl7
abc   :   7.946058   8.241146  29.575521
angles:  93.165786  91.392989  95.005622
pbc   :       True       True       True
Sites (9)
  #  SP           a         b         c
---  ----  --------  --------  --------
  0  Te    0.371054  0.831736  0.065689
  1  Au    0.957913  0.401991  0.06168
  2  Cl    0.903914  0.145594  0.025179
  3  Cl    0.639627  0.93599   0.043241
  4  Cl    0.681037  0.449779  0.044884
  5  Cl    0.245036  0.440898  0.069515
  6  Cl    0.293937  1.08976   0.090554
  7  Cl    1.01192   0.66018   0.097433
  8  Cl    0.469745  0.772141  0.137955",JVASP-6547,,,,,mp-28330,,Te1 Au1 Cl7
2.9838,2.9838,2.831,40.8698,"Full Formula (Sc2 N1 Cl2)
Reduced Formula: Sc2NCl2
abc   :   3.356763   3.356763  29.565766
angles:  90.000000  90.000000 119.999999
pbc   :       True       True       True
Sites (5)
  #  SP           a         b         c  velocities
---  ----  --------  --------  --------  ---------------
  0  Sc    0.333333  0.666667  0.12161   [0.0, 0.0, 0.0]
  1  Sc    0.666667  0.333333  0.201932  [0.0, 0.0, 0.0]
  2  N     0         0         0.161771  [0.0, 0.0, 0.0]
  3  Cl    0.666667  0.333333  0.064695  [0.0, 0.0, 0.0]
  4  Cl    0.333333  0.666667  0.258847  [0.0, 0.0, 0.0]",-2.107,"Full Formula (Sc2 N1 Cl2)
Reduced Formula: Sc2NCl2
abc   :   3.369662   3.369662  29.565766
angles:  90.000000  90.000000 119.999999
pbc   :       True       True       True
Sites (5)
  #  SP           a         b         c
---  ----  --------  --------  --------
  0  Sc    0.333333  0.666667  0.12158
  1  Sc    0.666667  0.333333  0.201962
  2  N     0         0         0.161771
  3  Cl    0.666667  0.333333  0.064483
  4  Cl    0.333333  0.666667  0.259059",JVASP-6286,,,,,mp-28480,0.0212,Sc2 N1 Cl2
,,,142.1311,"Full Formula (Ta2 I4 Cl4)
Reduced Formula: Ta(ICl)2
abc   :   7.527897   8.165149  30.837271
angles:  90.000000  90.000000  90.000000
pbc   :       True       True       True
Sites (10)
  #  SP           a         b         c  velocities
---  ----  --------  --------  --------  ---------------
  0  Ta    0.209497  0.5       0.175717  [0.0, 0.0, 0.0]
  1  Ta    0.790503  0.5       0.175717  [0.0, 0.0, 0.0]
  2  I     0         0.5       0.101197  [0.0, 0.0, 0.0]
  3  I     0.5       0.5       0.113429  [0.0, 0.0, 0.0]
  4  I     0.5       0.5       0.238005  [0.0, 0.0, 0.0]
  5  I     0         0.5       0.250237  [0.0, 0.0, 0.0]
  6  Cl    0.769128  0.782848  0.175717  [0.0, 0.0, 0.0]
  7  Cl    0.769128  0.217152  0.175717  [0.0, 0.0, 0.0]
  8  Cl    0.230872  0.782848  0.175717  [0.0, 0.0, 0.0]
  9  Cl    0.230872  0.217152  0.175717  [0.0, 0.0, 0.0]",-0.792,"Full Formula (Ta2 I4 Cl4)
Reduced Formula: Ta(ICl)2
abc   :   7.597049   8.875375  30.837271
angles:  90.000000  90.000000  90.000000
pbc   :       True       True       True
Sites (10)
  #  SP           a        b         c
---  ----  --------  -------  --------
  0  Ta    0.20919   0.5      0.175717
  1  Ta    0.79081   0.5      0.175717
  2  I     0         0.5      0.101762
  3  I     0.5       0.5      0.113879
  4  I     0.5       0.5      0.237555
  5  I     0         0.5      0.249672
  6  Cl    0.769992  0.76131  0.175717
  7  Cl    0.769992  0.23869  0.175717
  8  Cl    0.230008  0.76131  0.175717
  9  Cl    0.230008  0.23869  0.175717",JVASP-6394,,,,,mp-28683,,Ta2 I4 Cl4
3.1999,3.1808,2.8839,60.99703571,"Full Formula (Al6 Te6 I2)
Reduced Formula: Al3Te3I
abc   :   4.134178  11.183070  30.307713
angles:  90.000000  90.000000  90.000000
pbc   :       True       True       True
Sites (14)
  #  SP       a         b         c  velocities
---  ----  ----  --------  --------  ---------------
  0  Al    0.25  0.159649  0.261281  [0.0, 0.0, 0.0]
  1  Al    0.75  0.451477  0.285875  [0.0, 0.0, 0.0]
  2  Al    0.25  0.67625   0.347135  [0.0, 0.0, 0.0]
  3  Al    0.75  0.32375   0.35591   [0.0, 0.0, 0.0]
  4  Al    0.25  0.548523  0.417171  [0.0, 0.0, 0.0]
  5  Al    0.75  0.840351  0.441765  [0.0, 0.0, 0.0]
  6  Te    0.75  0.276259  0.224309  [0.0, 0.0, 0.0]
  7  Te    0.25  0.59502   0.263736  [0.0, 0.0, 0.0]
  8  Te    0.25  0.16715   0.349762  [0.0, 0.0, 0.0]
  9  Te    0.75  0.83285   0.353284  [0.0, 0.0, 0.0]
 10  Te    0.75  0.40498   0.43931   [0.0, 0.0, 0.0]
 11  Te    0.25  0.723741  0.478737  [0.0, 0.0, 0.0]
 12  I     0.25  0.945212  0.235876  [0.0, 0.0, 0.0]
 13  I     0.75  0.054788  0.46717   [0.0, 0.0, 0.0]",-0.471,"Full Formula (Al6 Te6 I2)
Reduced Formula: Al3Te3I
abc   :   4.153185  11.670252  30.307713
angles:  90.000000  90.000000  90.000000
pbc   :       True       True       True
Sites (14)
  #  SP       a         b         c
---  ----  ----  --------  --------
  0  Al    0.25  0.176453  0.261291
  1  Al    0.75  0.455993  0.284746
  2  Al    0.25  0.663923  0.347764
  3  Al    0.75  0.336077  0.355281
  4  Al    0.25  0.544007  0.4183
  5  Al    0.75  0.823547  0.441755
  6  Te    0.75  0.286273  0.223982
  7  Te    0.25  0.593576  0.263323
  8  Te    0.25  0.186391  0.349441
  9  Te    0.75  0.813609  0.353605
 10  Te    0.75  0.406424  0.439723
 11  Te    0.25  0.713727  0.479064
 12  I     0.25  0.970156  0.235881
 13  I     0.75  0.029844  0.467165",JVASP-6391,,,,,mp-28693,1.9944,Al6 Te6 I2
5.6164,6.2209,3.4768,107.8223611,"Full Formula (Nb4 Te12 I2)
Reduced Formula: Nb2Te6I
abc   :   9.300711   9.720725  24.285499
angles:  90.000000  90.000000 112.740715
pbc   :       True       True       True
Sites (18)
  #  SP           a         b         c  velocities
---  ----  --------  --------  --------  ---------------
  0  Nb    0.474019  0.631107  0.280669  [0.0, 0.0, 0.0]
  1  Nb    0.824561  0.871078  0.289162  [0.0, 0.0, 0.0]
  2  Nb    0.175439  0.128922  0.299069  [0.0, 0.0, 0.0]
  3  Nb    0.525981  0.368893  0.307563  [0.0, 0.0, 0.0]
  4  Te    0.623117  0.77699   0.187851  [0.0, 0.0, 0.0]
  5  Te    0.044874  0.976721  0.19973   [0.0, 0.0, 0.0]
  6  Te    0.347579  0.357162  0.214779  [0.0, 0.0, 0.0]
  7  Te    0.758297  0.588726  0.234671  [0.0, 0.0, 0.0]
  8  Te    0.915624  0.167238  0.246365  [0.0, 0.0, 0.0]
  9  Te    0.456793  0.088855  0.255137  [0.0, 0.0, 0.0]
 10  Te    0.543207  0.911145  0.333094  [0.0, 0.0, 0.0]
 11  Te    0.084376  0.832762  0.341867  [0.0, 0.0, 0.0]
 12  Te    0.241703  0.411274  0.353561  [0.0, 0.0, 0.0]
 13  Te    0.652421  0.642838  0.373453  [0.0, 0.0, 0.0]
 14  Te    0.955126  0.023279  0.388502  [0.0, 0.0, 0.0]
 15  Te    0.376883  0.22301   0.40038   [0.0, 0.0, 0.0]
 16  I     0.18333   0.647467  0.244517  [0.0, 0.0, 0.0]
 17  I     0.81667   0.352533  0.343714  [0.0, 0.0, 0.0]",-0.255,"Full Formula (Nb4 Te12 I2)
Reduced Formula: Nb2Te6I
abc   :   9.383067   9.823784  24.285499
angles:  90.000000  90.000000 112.879671
pbc   :       True       True       True
Sites (18)
  #  SP           a         b         c
---  ----  --------  --------  --------
  0  Nb    0.475781  0.630787  0.27968
  1  Nb    0.824559  0.870333  0.289429
  2  Nb    0.175441  0.129667  0.298802
  3  Nb    0.524219  0.369213  0.308552
  4  Te    0.6262    0.770805  0.186106
  5  Te    0.044646  0.972224  0.200813
  6  Te    0.349719  0.356281  0.214906
  7  Te    0.757025  0.589429  0.237289
  8  Te    0.916617  0.161087  0.245031
  9  Te    0.45388   0.090679  0.25691
 10  Te    0.54612   0.909321  0.331321
 11  Te    0.083383  0.838913  0.343201
 12  Te    0.242975  0.410571  0.350943
 13  Te    0.650281  0.643719  0.373326
 14  Te    0.955354  0.027776  0.387419
 15  Te    0.3738    0.229195  0.402125
 16  I     0.188304  0.65148   0.247348
 17  I     0.811696  0.34852   0.340883",JVASP-6499,,,,,mp-28745,0.7358,Nb4 Te12 I2
3.2441,3.2441,2.2126,98.5984,"Full Formula (Nd1 I2)
Reduced Formula: NdI2
abc   :   3.866220   3.866220  25.681783
angles:  90.000000  90.000000  90.000000
pbc   :       True       True       True
Sites (3)
  #  SP           a         b         c  velocities
---  ----  --------  --------  --------  ---------------
  0  Nd    0.019101  0.019101  0.084072  [0.0, 0.0, 0.0]
  1  I     0.519101  0.519101  0.010401  [0.0, 0.0, 0.0]
  2  I     0.519101  0.519101  0.157743  [0.0, 0.0, 0.0]",-1.256,"Full Formula (Nd1 I2)
Reduced Formula: NdI2
abc   :   3.883358   3.883358  25.681783
angles:  90.000000  90.000000  90.000000
pbc   :       True       True       True
Sites (3)
  #  SP           a         b          c
---  ----  --------  --------  ---------
  0  Nd    1.0191    1.0191    -0.915928
  1  I     0.519101  0.519101  -0.989438
  2  I     0.519101  0.519101  -0.842418",JVASP-6424,,,,,mp-28753,0.0655,Nd1 I2
9.645,12.6924,3.5012,94.86805,"Full Formula (Nb6 Ge2 Te12)
Reduced Formula: Nb3GeTe6
abc   :   6.532960  11.687202  26.913855
angles:  90.000000  90.000000  90.000000
pbc   :       True       True       True
Sites (20)
  #  SP           a         b         c  velocities
---  ----  --------  --------  --------  ---------------
  0  Nb    0.326801  0.333529  0.138533  [0.0, 0.0, 0.0]
  1  Nb    0.036386  0.685309  0.138533  [0.0, 0.0, 0.0]
  2  Nb    0.802578  0.468384  0.138533  [0.0, 0.0, 0.0]
  3  Nb    0.302578  0.031616  0.138533  [0.0, 0.0, 0.0]
  4  Nb    0.536386  0.814691  0.138533  [0.0, 0.0, 0.0]
  5  Nb    0.826801  0.166471  0.138533  [0.0, 0.0, 0.0]
  6  Ge    0.424872  0.5752    0.138533  [0.0, 0.0, 0.0]
  7  Ge    0.924872  0.9248    0.138533  [0.0, 0.0, 0.0]
  8  Te    0.145384  0.18139   0.067994  [0.0, 0.0, 0.0]
  9  Te    0.645384  0.31861   0.067994  [0.0, 0.0, 0.0]
 10  Te    0.215843  0.839195  0.068006  [0.0, 0.0, 0.0]
 11  Te    0.715843  0.660805  0.068006  [0.0, 0.0, 0.0]
 12  Te    0.135127  0.492564  0.069787  [0.0, 0.0, 0.0]
 13  Te    0.635127  0.007436  0.069787  [0.0, 0.0, 0.0]
 14  Te    0.135127  0.492564  0.207279  [0.0, 0.0, 0.0]
 15  Te    0.635127  0.007436  0.207279  [0.0, 0.0, 0.0]
 16  Te    0.215843  0.839195  0.209061  [0.0, 0.0, 0.0]
 17  Te    0.715843  0.660805  0.209061  [0.0, 0.0, 0.0]
 18  Te    0.645384  0.31861   0.209072  [0.0, 0.0, 0.0]
 19  Te    0.145384  0.18139   0.209072  [0.0, 0.0, 0.0]",-0.351,"Full Formula (Nb6 Ge2 Te12)
Reduced Formula: Nb3GeTe6
abc   :   6.531463  11.705249  26.913855
angles:  90.000000  90.000000  90.000000
pbc   :       True       True       True
Sites (20)
  #  SP           a         b         c
---  ----  --------  --------  --------
  0  Nb    0.326205  0.333601  0.138533
  1  Nb    0.037298  0.685564  0.138533
  2  Nb    0.802043  0.467658  0.138533
  3  Nb    0.302043  0.032342  0.138533
  4  Nb    0.537298  0.814436  0.138533
  5  Nb    0.826205  0.166399  0.138533
  6  Ge    0.425613  0.575036  0.138533
  7  Ge    0.925613  0.924964  0.138533
  8  Te    0.144953  0.182254  0.068264
  9  Te    0.644953  0.317746  0.068264
 10  Te    0.216819  0.840417  0.068626
 11  Te    0.716819  0.659583  0.068626
 12  Te    0.134321  0.493018  0.070405
 13  Te    0.634321  0.006982  0.070405
 14  Te    0.134321  0.493018  0.206661
 15  Te    0.634321  0.006982  0.206661
 16  Te    0.216819  0.840417  0.208441
 17  Te    0.716819  0.659583  0.208441
 18  Te    0.644953  0.317746  0.208802
 19  Te    0.144953  0.182254  0.208802",JVASP-13608,,,,,mp-28754,0.646,Nb6 Ge2 Te12
,,,122.4562143,"Full Formula (P2 Se5)
Reduced Formula: P2Se5
abc   :   5.858321   6.864836  25.238692
angles:  90.000000  90.000000 115.274292
pbc   :       True       True       True
Sites (7)
  #  SP           a          b         c  velocities
---  ----  --------  ---------  --------  ---------------
  0  P     0.193098   0.280495  0.044327  [0.0, 0.0, 0.0]
  1  P     0.807657   0.280392  0.14572   [0.0, 0.0, 0.0]
  2  Se    0.807609   0.280344  0.054578  [0.0, 0.0, 0.0]
  3  Se    0.450978   0.57707   0.090982  [0.0, 0.0, 0.0]
  4  Se    0.154291  -0.016123  0.090946  [0.0, 0.0, 0.0]
  5  Se    0.88591   -0.009735  0.164164  [0.0, 0.0, 0.0]
  6  Se    0.175926   0.570812  0.164138  [0.0, 0.0, 0.0]",0.133,"Full Formula (P2 Se5)
Reduced Formula: P2Se5
abc   :   6.185495   7.199551  25.238692
angles:  90.000000  90.000000 114.516705
pbc   :       True       True       True
Sites (7)
  #  SP           a         b         c
---  ----  --------  --------  --------
  0  P     0.194335  0.282184  0.045483
  1  P     0.821738  0.277862  0.14428
  2  Se    0.825452  0.277303  0.054017
  3  Se    0.422653  0.564867  0.091674
  4  Se    0.158636  0.002229  0.091966
  5  Se    0.893997  0.001688  0.163504
  6  Se    0.158657  0.557122  0.163931",JVASP-6781,,,,,mp-28860,,P2 Se5
,,,96.67025,"Full Formula (P8 Se8)
Reduced Formula: PSe
abc   :   9.093586   7.401831  26.805596
angles:  90.000000  98.841271  90.000000
pbc   :       True       True       True
Sites (16)
  #  SP           a         b         c  velocities
---  ----  --------  --------  --------  ---------------
  0  P     0.537749  0.310275  0.214381  [0.0, 0.0, 0.0]
  1  P     0.632863  0.129066  0.277025  [0.0, 0.0, 0.0]
  2  P     0.618199  0.689066  0.299679  [0.0, 0.0, 0.0]
  3  P     0.43301   0.518126  0.317949  [0.0, 0.0, 0.0]
  4  P     0.182128  0.018126  0.33258   [0.0, 0.0, 0.0]
  5  P     0.996939  0.189066  0.350851  [0.0, 0.0, 0.0]
  6  P     0.982274  0.629066  0.373504  [0.0, 0.0, 0.0]
  7  P     0.077388  0.810275  0.436149  [0.0, 0.0, 0.0]
  8  Se    0.710467  0.534906  0.236112  [0.0, 0.0, 0.0]
  9  Se    0.459043  0.901853  0.257707  [0.0, 0.0, 0.0]
 10  Se    0.326361  0.420911  0.239575  [0.0, 0.0, 0.0]
 11  Se    0.573245  0.273198  0.348644  [0.0, 0.0, 0.0]
 12  Se    0.041892  0.773198  0.301885  [0.0, 0.0, 0.0]
 13  Se    0.288776  0.920911  0.410955  [0.0, 0.0, 0.0]
 14  Se    0.156094  0.401853  0.392822  [0.0, 0.0, 0.0]
 15  Se    0.904671  0.034906  0.414417  [0.0, 0.0, 0.0]",0.052,"Full Formula (P8 Se8)
Reduced Formula: PSe
abc   :  12.359300   7.439400  27.072507
angles:  90.000000 101.936907  90.000000
pbc   :       True       True       True
Sites (16)
  #  SP            a       b         c
---  ----  ---------  ------  --------
  0  P      0.52959   0.3052  0.247982
  1  P      0.638051  0.1312  0.30332
  2  P      0.633294  0.6884  0.326913
  3  P      0.525458  0.5095  0.36061
  4  P      0.08968   0.0095  0.289919
  5  P     -0.018156  0.1884  0.323617
  6  P     -0.022914  0.6312  0.347209
  7  P      0.085547  0.8052  0.402548
  8  Se     0.647963  0.5432  0.253099
  9  Se     0.504651  0.9143  0.30332
 10  Se     0.403163  0.4007  0.292652
 11  Se     0.654687  0.2849  0.378478
 12  Se    -0.03955   0.7849  0.272051
 13  Se     0.211974  0.9007  0.357878
 14  Se     0.110486  0.4143  0.347209
 15  Se    -0.032825  0.0432  0.39743",JVASP-6784,,,,,mp-28885,,P8 Se8
21.6771,21.7616,2.3395,54.9775,"Full Formula (Cr1 S2)
Reduced Formula: CrS2
abc   :   3.298127   3.298127  36.325760
angles:  90.898574  88.297030  60.002890
pbc   :       True       True       True
Sites (3)
  #  SP           a         b         c  velocities
---  ----  --------  --------  --------  ---------------
  0  Cr    0.993508  0.75337   0.343195  [0.0, 0.0, 0.0]
  1  S     0.30594   0.103726  0.381118  [0.0, 0.0, 0.0]
  2  S     0.681076  0.403013  0.305272  [0.0, 0.0, 0.0]",-0.536,"Full Formula (Cr1 S2)
Reduced Formula: CrS2
abc   :   3.312647   3.312647  36.327173
angles:  90.941865  88.317991  60.141865
pbc   :       True       True       True
Sites (3)
  #  SP            a          b         c
---  ----  ---------  ---------  --------
  0  Cr    -0.006492  -0.24663   0.343195
  1  S      0.306258   0.103735  0.38081
  2  S      0.680758   0.403004  0.30558",JVASP-696,,,,,mp-28910,0.0538,Cr1 S2
14.9804,14.9804,5.4343,78.3396,"Full Formula (Hf3 Te2)
Reduced Formula: Hf3Te2
abc   :   3.698310   3.698310  29.161370
angles:  90.000000  90.000000  90.000000
pbc   :       True       True       True
Sites (5)
  #  SP      a    b         c  velocities
---  ----  ---  ---  --------  ---------------
  0  Hf    0    0    0.270746  [0.0, 0.0, 0.0]
  1  Hf    0.5  0.5  0.32854   [0.0, 0.0, 0.0]
  2  Hf    0    0    0.386334  [0.0, 0.0, 0.0]
  3  Te    0.5  0.5  0.224157  [0.0, 0.0, 0.0]
  4  Te    0.5  0.5  0.432923  [0.0, 0.0, 0.0]",-0.511,"Full Formula (Hf3 Te2)
Reduced Formula: Hf3Te2
abc   :   3.710030   3.710030  29.161370
angles:  90.000000  90.000000  90.000000
pbc   :       True       True       True
Sites (5)
  #  SP      a    b         c
---  ----  ---  ---  --------
  0  Hf    0    0    0.270305
  1  Hf    0.5  0.5  0.32854
  2  Hf    0    0    0.386775
  3  Te    0.5  0.5  0.224176
  4  Te    0.5  0.5  0.432904",JVASP-6442,,,,,mp-28919,0.0527,Hf3 Te2
,,,72.97981818,"Full Formula (Nb3 Te1 Cl7)
Reduced Formula: Nb3TeCl7
abc   :   6.938886   6.938887  25.792090
angles:  90.000000  90.000000 120.000002
pbc   :       True       True       True
Sites (11)
  #  SP           a         b         c  velocities
---  ----  --------  --------  --------  ---------------
  0  Nb    0.946913  0.473456  0.129031  [0.0, 0.0, 0.0]
  1  Nb    0.526544  0.473456  0.129031  [0.0, 0.0, 0.0]
  2  Nb    0.526544  0.053087  0.129031  [0.0, 0.0, 0.0]
  3  Te    0.666667  0.333333  0.212584  [0.0, 0.0, 0.0]
  4  Cl    0.832608  0.665215  0.067267  [0.0, 0.0, 0.0]
  5  Cl    0.832608  0.167392  0.067267  [0.0, 0.0, 0.0]
  6  Cl    0.334785  0.167392  0.067267  [0.0, 0.0, 0.0]
  7  Cl    0.333333  0.666667  0.075498  [0.0, 0.0, 0.0]
  8  Cl    0.166132  0.833868  0.17917   [0.0, 0.0, 0.0]
  9  Cl    0.166132  0.332265  0.17917   [0.0, 0.0, 0.0]
 10  Cl    0.667735  0.833868  0.17917   [0.0, 0.0, 0.0]",-1.187,"Full Formula (Nb3 Te1 Cl7)
Reduced Formula: Nb3TeCl7
abc   :   6.985701   6.985702  25.792090
angles:  90.000000  90.000000 120.000002
pbc   :       True       True       True
Sites (11)
  #  SP           a         b         c
---  ----  --------  --------  --------
  0  Nb    0.946177  0.473088  0.129068
  1  Nb    0.526912  0.473088  0.129068
  2  Nb    0.526912  0.053823  0.129068
  3  Te    0.666667  0.333333  0.21208
  4  Cl    0.830675  0.661349  0.067564
  5  Cl    0.830675  0.169325  0.067564
  6  Cl    0.338651  0.169325  0.067564
  7  Cl    0.333333  0.666667  0.075805
  8  Cl    0.167528  0.832472  0.178902
  9  Cl    0.167528  0.335056  0.178902
 10  Cl    0.664944  0.832472  0.178902",JVASP-6382,,,,,mp-28938,,Nb3 Te1 Cl7
,,,115.6756875,"Full Formula (Sr1 Th1 Br6)
Reduced Formula: SrThBr6
abc   :   4.219095   9.287204  25.470645
angles:  90.000000  90.000000  90.000000
pbc   :       True       True       True
Sites (8)
  #  SP      a         b         c  velocities
---  ----  ---  --------  --------  ---------------
  0  Sr    0.5  0.25      0.142427  [0.0, 0.0, 0.0]
  1  Th    0    0.75      0.130653  [0.0, 0.0, 0.0]
  2  Br    0.5  0.75      0.050777  [0.0, 0.0, 0.0]
  3  Br    0    0.453951  0.08268   [0.0, 0.0, 0.0]
  4  Br    0    0.046049  0.08268   [0.0, 0.0, 0.0]
  5  Br    0.5  0.575444  0.188123  [0.0, 0.0, 0.0]
  6  Br    0.5  0.924556  0.188123  [0.0, 0.0, 0.0]
  7  Br    0    0.25      0.223122  [0.0, 0.0, 0.0]",-1.834,"Full Formula (Sr1 Th1 Br6)
Reduced Formula: SrThBr6
abc   :   4.285460   9.378591  25.470645
angles:  90.000000  90.000000  90.000000
pbc   :       True       True       True
Sites (8)
  #  SP      a         b         c
---  ----  ---  --------  --------
  0  Sr    0.5  0.25      0.142258
  1  Th    0    0.75      0.131387
  2  Br    0.5  0.75      0.051907
  3  Br    0    0.454219  0.082844
  4  Br    0    0.045781  0.082844
  5  Br    0.5  0.576636  0.186433
  6  Br    0.5  0.923364  0.186433
  7  Br    0    0.25      0.224479",JVASP-6790,,,,,mp-29016,,Sr1 Th1 Br6
,,,94.75181818,"Full Formula (Ta3 Te1 I7)
Reduced Formula: Ta3TeI7
abc   :   7.645868   7.645867  26.073683
angles:  90.000000  90.000000 120.000002
pbc   :       True       True       True
Sites (11)
  #  SP           a         b         c  velocities
---  ----  --------  --------  --------  ---------------
  0  Ta    0.261187  0.130594  0.145097  [0.0, 0.0, 0.0]
  1  Ta    0.869406  0.738813  0.145097  [0.0, 0.0, 0.0]
  2  Ta    0.869406  0.130594  0.145097  [0.0, 0.0, 0.0]
  3  Te    0         0         0.226822  [0.0, 0.0, 0.0]
  4  I     0.168223  0.831777  0.072672  [0.0, 0.0, 0.0]
  5  I     0.168223  0.336446  0.072672  [0.0, 0.0, 0.0]
  6  I     0.663554  0.831777  0.072672  [0.0, 0.0, 0.0]
  7  I     0.666667  0.333333  0.088411  [0.0, 0.0, 0.0]
  8  I     0.497754  0.995508  0.202991  [0.0, 0.0, 0.0]
  9  I     0.497754  0.502246  0.202991  [0.0, 0.0, 0.0]
 10  I     0.004492  0.502246  0.202991  [0.0, 0.0, 0.0]",-0.368,"Full Formula (Ta3 Te1 I7)
Reduced Formula: Ta3TeI7
abc   :   7.687602   7.687601  26.073683
angles:  90.000000  90.000000 120.000002
pbc   :       True       True       True
Sites (11)
  #  SP           a         b         c
---  ----  --------  --------  --------
  0  Ta    0.261362  0.130681  0.144825
  1  Ta    0.869319  0.738638  0.144825
  2  Ta    0.869319  0.130681  0.144825
  3  Te    0         0         0.225957
  4  I     0.167223  0.832777  0.073
  5  I     0.167223  0.334446  0.073
  6  I     0.665554  0.832777  0.073
  7  I     0.666667  0.333333  0.089087
  8  I     0.498497  0.996995  0.202998
  9  I     0.498497  0.501503  0.202998
 10  I     0.003005  0.501503  0.202998",JVASP-6799,,,,,mp-29117,,Ta3 Te1 I7
12.7695,12.7695,3.1054,74.8725,"Full Formula (Fe2 P2 Se6)
Reduced Formula: FePSe3
abc   :   6.239440   6.239441  23.291948
angles:  90.000000  90.000000 119.999999
pbc   :       True       True       True
Sites (10)
  #  SP            a          b         c  velocities
---  ----  ---------  ---------  --------  ---------------
  0  Fe    -0         -0         0.499996  [0.0, 0.0, 0.0]
  1  Fe     0.666667   0.333333  0.500003  [0.0, 0.0, 0.0]
  2  P      0.333333   0.666667  0.452114  [0.0, 0.0, 0.0]
  3  P      0.333333   0.666667  0.547885  [0.0, 0.0, 0.0]
  4  Se     0.680809   0.01416   0.429346  [0.0, 0.0, 0.0]
  5  Se     0.333349   0.319191  0.429346  [0.0, 0.0, 0.0]
  6  Se     0.98584    0.666651  0.429346  [0.0, 0.0, 0.0]
  7  Se     0.985857   0.319174  0.570654  [0.0, 0.0, 0.0]
  8  Se     0.333317   0.014143  0.570654  [0.0, 0.0, 0.0]
  9  Se     0.680826   0.666683  0.570654  [0.0, 0.0, 0.0]",-0.012,"Full Formula (Fe2 P2 Se6)
Reduced Formula: FePSe3
abc   :   6.274052   6.274053  23.291948
angles:  90.000000  90.000000 119.999997
pbc   :       True       True       True
Sites (10)
  #  SP           a         b         c
---  ----  --------  --------  --------
  0  Fe    0         0         0.499972
  1  Fe    0.666667  0.333333  0.500027
  2  P     0.333333  0.666667  0.452273
  3  P     0.333333  0.666667  0.547726
  4  Se    0.678046  0.011396  0.429333
  5  Se    0.333349  0.321954  0.429333
  6  Se    0.988604  0.666651  0.429333
  7  Se    0.98862   0.321938  0.570667
  8  Se    0.333317  0.01138   0.570667
  9  Se    0.678062  0.666683  0.570667",JVASP-27940,,,,,mp-2928,0.0754,Fe2 P2 Se6
2.6877,2.7443,2.4967,95.51380556,"Full Formula (Al1 Te1 I7)
Reduced Formula: AlTeI7
abc   :   7.215175   6.925214  28.861058
angles:  90.000000 105.749336  87.018804
pbc   :       True       True       True
Sites (9)
  #  SP           a         b         c  velocities
---  ----  --------  --------  --------  ---------------
  0  Al    0.697141  0.005738  0.198149  [0.0, 0.0, 0.0]
  1  Te    0.006139  0.581254  0.291327  [0.0, 0.0, 0.0]
  2  I     0.447917  0.912425  0.124033  [0.0, 0.0, 0.0]
  3  I     0.701749  0.378388  0.19825   [0.0, 0.0, 0.0]
  4  I     0.038136  0.856293  0.201785  [0.0, 0.0, 0.0]
  5  I     0.620428  0.886251  0.276117  [0.0, 0.0, 0.0]
  6  I     0.308949  0.336062  0.280816  [0.0, 0.0, 0.0]
  7  I     0.889585  0.36294   0.358852  [0.0, 0.0, 0.0]
  8  I     0.227855  0.828448  0.358153  [0.0, 0.0, 0.0]",-0.261,"Full Formula (Al1 Te1 I7)
Reduced Formula: AlTeI7
abc   :   7.758860   7.480304  28.861058
angles:  90.000000 104.620140  90.000000
pbc   :       True       True       True
Sites (9)
  #  SP           a         b         c
---  ----  --------  --------  --------
  0  Al    0.711732  0.995564  0.20193
  1  Te    0.998246  0.597678  0.291118
  2  I     0.490029  0.856951  0.129229
  3  I     0.686208  0.33523   0.197553
  4  I     0.025471  0.880189  0.201681
  5  I     0.647222  0.873983  0.279768
  6  I     0.271681  0.393332  0.272883
  7  I     0.891811  0.384368  0.357138
  8  I     0.215499  0.830503  0.356181",JVASP-6571,,,,,mp-29407,1.579,Al1 Te1 I7
2.2721,2.3511,2.1647,89.92136667,"Full Formula (Al1 Se1 Br7)
Reduced Formula: AlSeBr7
abc   :   6.571450   6.319017  27.298685
angles:  90.000000 106.536216  84.033263
pbc   :       True       True       True
Sites (9)
  #  SP           a         b         c  velocities
---  ----  --------  --------  --------  ---------------
  0  Al    0.682969  0.018596  0.185143  [0.0, 0.0, 0.0]
  1  Se    0.003026  0.573541  0.276888  [0.0, 0.0, 0.0]
  2  Br    0.428411  0.945576  0.113861  [0.0, 0.0, 0.0]
  3  Br    0.693583  0.387768  0.188157  [0.0, 0.0, 0.0]
  4  Br    0.024212  0.845883  0.190663  [0.0, 0.0, 0.0]
  5  Br    0.614413  0.899905  0.260564  [0.0, 0.0, 0.0]
  6  Br    0.286904  0.324415  0.267784  [0.0, 0.0, 0.0]
  7  Br    0.889021  0.374786  0.337567  [0.0, 0.0, 0.0]
  8  Br    0.212759  0.799889  0.337041  [0.0, 0.0, 0.0]",-0.514,"Full Formula (Al1 Se1 Br7)
Reduced Formula: AlSeBr7
abc   :   7.124166   6.821401  27.298685
angles:  90.000000 105.220801  90.000000
pbc   :       True       True       True
Sites (9)
  #  SP           a         b         c
---  ----  --------  --------  --------
  0  Al    0.698688  0.99828   0.188947
  1  Se    0.997141  0.597363  0.27821
  2  Br    0.475479  0.87033   0.117781
  3  Br    0.677048  0.336764  0.18717
  4  Br    0.00737   0.878826  0.188844
  5  Br    0.640103  0.871095  0.263439
  6  Br    0.242837  0.398097  0.259915
  7  Br    0.894543  0.399213  0.33756
  8  Br    0.202089  0.82039   0.335803",JVASP-6574,,,,,mp-29408,1.538,Al1 Se1 Br7
1.6857,1.656,1.6437,71.624,"Full Formula (Hf2 Cl8)
Reduced Formula: HfCl4
abc   :   6.208137   7.324383  26.916052
angles:  90.000000 108.274871  90.000000
pbc   :       True       True       True
Sites (10)
  #  SP           a         b         c  velocities
---  ----  --------  --------  --------  ---------------
  0  Hf    0.75      0.665022  0.128474  [0.0, 0.0, 0.0]
  1  Hf    0.25      0.334978  0.128474  [0.0, 0.0, 0.0]
  2  Cl    0.522684  0.866262  0.068354  [0.0, 0.0, 0.0]
  3  Cl    0.5063    0.390211  0.075327  [0.0, 0.0, 0.0]
  4  Cl    0.022684  0.133738  0.068354  [0.0, 0.0, 0.0]
  5  Cl    0.0063    0.609789  0.075327  [0.0, 0.0, 0.0]
  6  Cl    0.9937    0.390211  0.181622  [0.0, 0.0, 0.0]
  7  Cl    0.977316  0.866262  0.188595  [0.0, 0.0, 0.0]
  8  Cl    0.4937    0.609789  0.181622  [0.0, 0.0, 0.0]
  9  Cl    0.477316  0.133738  0.188595  [0.0, 0.0, 0.0]",-1.805,"Full Formula (Hf2 Cl8)
Reduced Formula: HfCl4
abc   :   6.323724   7.943159  26.916052
angles:  90.000000 107.929372  90.000000
pbc   :       True       True       True
Sites (10)
  #  SP           a         b         c
---  ----  --------  --------  --------
  0  Hf    0.75      0.652613  0.128474
  1  Hf    0.25      0.347387  0.128474
  2  Cl    0.536107  0.840533  0.067878
  3  Cl    0.50498   0.399774  0.075659
  4  Cl    0.036107  0.159467  0.067878
  5  Cl    0.00498   0.600226  0.075659
  6  Cl    0.99502   0.399774  0.18129
  7  Cl    0.963893  0.840533  0.189071
  8  Cl    0.49502   0.600226  0.18129
  9  Cl    0.463893  0.159467  0.189071",JVASP-6295,,,,,mp-29422,4.1065,Hf2 Cl8
3.0918,2.9784,2.5738,81.669325,"Full Formula (Al8 Te12)
Reduced Formula: Al2Te3
abc   :   7.260169  12.794095  25.324958
angles:  90.000000  90.053451  90.000000
pbc   :       True       True       True
Sites (20)
  #  SP           a         b         c  velocities
---  ----  --------  --------  --------  ---------------
  0  Al    0.931954  0.408472  0.111206  [0.0, 0.0, 0.0]
  1  Al    0.431973  0.929897  0.11122   [0.0, 0.0, 0.0]
  2  Al    0.418027  0.249299  0.113626  [0.0, 0.0, 0.0]
  3  Al    0.918015  0.089054  0.113637  [0.0, 0.0, 0.0]
  4  Al    0.081985  0.589054  0.188929  [0.0, 0.0, 0.0]
  5  Al    0.581973  0.749299  0.18894   [0.0, 0.0, 0.0]
  6  Al    0.568027  0.429897  0.191346  [0.0, 0.0, 0.0]
  7  Al    0.068046  0.908472  0.19136   [0.0, 0.0, 0.0]
  8  Te    0.089321  0.245741  0.062922  [0.0, 0.0, 0.0]
  9  Te    0.589336  0.092606  0.062916  [0.0, 0.0, 0.0]
 10  Te    0.091529  0.583178  0.087399  [0.0, 0.0, 0.0]
 11  Te    0.575507  0.430342  0.084568  [0.0, 0.0, 0.0]
 12  Te    0.591541  0.75519   0.087408  [0.0, 0.0, 0.0]
 13  Te    0.075527  0.90802   0.084581  [0.0, 0.0, 0.0]
 14  Te    0.924473  0.40802   0.217985  [0.0, 0.0, 0.0]
 15  Te    0.408459  0.25519   0.215158  [0.0, 0.0, 0.0]
 16  Te    0.424493  0.930342  0.217999  [0.0, 0.0, 0.0]
 17  Te    0.908471  0.083178  0.215167  [0.0, 0.0, 0.0]
 18  Te    0.410664  0.592606  0.23965   [0.0, 0.0, 0.0]
 19  Te    0.910679  0.745741  0.239644  [0.0, 0.0, 0.0]",-0.405,"Full Formula (Al8 Te12)
Reduced Formula: Al2Te3
abc   :   7.281809  13.135129  25.324958
angles:  90.000000  90.053292  90.000000
pbc   :       True       True       True
Sites (20)
  #  SP           a         b         c
---  ----  --------  --------  --------
  0  Al    0.930991  0.406255  0.110234
  1  Al    0.430838  0.932581  0.114272
  2  Al    0.420099  0.249432  0.11638
  3  Al    0.921088  0.090012  0.11934
  4  Al    0.078912  0.590012  0.183226
  5  Al    0.579901  0.749432  0.186186
  6  Al    0.569162  0.432581  0.188294
  7  Al    0.069009  0.906255  0.192332
  8  Te    0.089542  0.242265  0.067195
  9  Te    0.592123  0.093416  0.06881
 10  Te    0.08312   0.575961  0.081736
 11  Te    0.575666  0.422749  0.082014
 12  Te    0.581399  0.763292  0.084833
 13  Te    0.076006  0.915836  0.086057
 14  Te    0.923994  0.415836  0.216509
 15  Te    0.418601  0.263292  0.217733
 16  Te    0.424334  0.922749  0.220553
 17  Te    0.91688   0.075961  0.22083
 18  Te    0.407877  0.593416  0.233756
 19  Te    0.910458  0.742265  0.235371",JVASP-6436,,,,,mp-29502,1.8702,Al8 Te12
,,,94.03814667,"Full Formula (Ga1 Te1 I7)
Reduced Formula: GaTeI7
abc   :   7.203760   6.913269  28.979287
angles:  90.000000 105.832930  86.969369
pbc   :       True       True       True
Sites (9)
  #  SP            a         b         c  velocities
---  ----  ---------  --------  --------  ---------------
  0  Ga     0.303031  0.494715  0.182824  [0.0, 0.0, 0.0]
  1  Te    -0.005402  0.917409  0.090585  [0.0, 0.0, 0.0]
  2  I      0.770045  0.671721  0.023779  [0.0, 0.0, 0.0]
  3  I      0.111603  0.135671  0.023308  [0.0, 0.0, 0.0]
  4  I      0.692175  0.16472   0.101132  [0.0, 0.0, 0.0]
  5  I      0.381342  0.615122  0.104532  [0.0, 0.0, 0.0]
  6  I      0.958663  0.64521   0.179576  [0.0, 0.0, 0.0]
  7  I      0.30001   0.118249  0.183263  [0.0, 0.0, 0.0]
  8  I      0.554835  0.592179  0.257013  [0.0, 0.0, 0.0]",-0.158,"Full Formula (Ga1 Te1 I7)
Reduced Formula: GaTeI7
abc   :   7.701896   7.435822  28.979287
angles:  90.000000 104.784676  90.000000
pbc   :       True       True       True
Sites (9)
  #  SP           a         b         c
---  ----  --------  --------  --------
  0  Ga    0.287449  0.503983  0.180008
  1  Te    0.003164  0.902245  0.090516
  2  I     0.784067  0.666283  0.025762
  3  I     0.114017  0.110955  0.024169
  4  I     0.727011  0.113732  0.106053
  5  I     0.355411  0.626009  0.10185
  6  I     0.969268  0.625197  0.179935
  7  I     0.312477  0.159544  0.184811
  8  I     0.513437  0.647049  0.252909",JVASP-6577,,,,,mp-29541,,Ga1 Te1 I7
,,,90.77393333,"Full Formula (Tm1 I2)
Reduced Formula: TmI2
abc   :   4.055378   4.055377  28.071125
angles:  90.000000  90.000000 120.000005
pbc   :       True       True       True
Sites (3)
  #  SP           a         b         c  velocities
---  ----  --------  --------  --------  ---------------
  0  Tm    0.556494  0.139433  0.143762  [0.0, 0.0, 0.0]
  1  I     0.223162  0.472766  0.212431  [0.0, 0.0, 0.0]
  2  I     0.889827  0.8061    0.075093  [0.0, 0.0, 0.0]",-1.093,"Full Formula (Tm1 I2)
Reduced Formula: TmI2
abc   :   4.089636   4.089635  28.071125
angles:  90.000000  90.000000 120.000008
pbc   :       True       True       True
Sites (3)
  #  SP           a         b         c
---  ----  --------  --------  --------
  0  Tm    0.556494  0.139433  0.143762
  1  I     0.223162  0.472766  0.212205
  2  I     0.889827  0.8061    0.075319",JVASP-6805,,,,,mp-29671,,Tm1 I2
4.1222,4.1222,2.5598,97.52918182,"Full Formula (Nb3 Te1 I7)
Reduced Formula: Nb3TeI7
abc   :   7.693371   7.693371  27.883421
angles:  90.000000  90.000000 119.999998
pbc   :       True       True       True
Sites (11)
  #  SP           a         b         c  velocities
---  ----  --------  --------  --------  ---------------
  0  Nb    0.867512  0.132488  0.132785  [0.0, 0.0, 0.0]
  1  Nb    0.867512  0.735022  0.132785  [0.0, 0.0, 0.0]
  2  Nb    0.264978  0.132488  0.132785  [0.0, 0.0, 0.0]
  3  Te    0         0         0.05738   [0.0, 0.0, 0.0]
  4  I     0.497917  0.995834  0.077883  [0.0, 0.0, 0.0]
  5  I     0.497917  0.502083  0.077883  [0.0, 0.0, 0.0]
  6  I     0.004166  0.502083  0.077883  [0.0, 0.0, 0.0]
  7  I     0.666667  0.333333  0.186136  [0.0, 0.0, 0.0]
  8  I     0.663524  0.831762  0.200156  [0.0, 0.0, 0.0]
  9  I     0.168238  0.336476  0.200156  [0.0, 0.0, 0.0]
 10  I     0.168238  0.831762  0.200156  [0.0, 0.0, 0.0]",-0.467,"Full Formula (Nb3 Te1 I7)
Reduced Formula: Nb3TeI7
abc   :   7.733544   7.733544  27.883421
angles:  90.000000  90.000000 119.999998
pbc   :       True       True       True
Sites (11)
  #  SP           a         b         c
---  ----  --------  --------  --------
  0  Nb    0.867623  0.132377  0.133067
  1  Nb    0.867623  0.735245  0.133067
  2  Nb    0.264755  0.132377  0.133067
  3  Te    0         0         0.058296
  4  I     0.498799  0.997598  0.077882
  5  I     0.498799  0.501201  0.077882
  6  I     0.002402  0.501201  0.077882
  7  I     0.666667  0.333333  0.185471
  8  I     0.665726  0.832863  0.199791
  9  I     0.167137  0.334274  0.199791
 10  I     0.167137  0.832863  0.199791",JVASP-6379,,,,,mp-29689,0.0259,Nb3 Te1 I7
,,,46.42475,"Full Formula (Si2 H2)
Reduced Formula: SiH
abc   :   3.895622   3.895622  25.775840
angles:  90.000000  90.000000 119.999997
pbc   :       True       True       True
Sites (4)
  #  SP           a         b         c  velocities
---  ----  --------  --------  --------  ---------------
  0  Si    0.83793   0.190757  0.126196  [0.0, 0.0, 0.0]
  1  Si    0.504596  0.524091  0.097883  [0.0, 0.0, 0.0]
  2  H     0.83793   0.190757  0.184682  [0.0, 0.0, 0.0]
  3  H     0.504596  0.524091  0.039398  [0.0, 0.0, 0.0]",0.094,"Full Formula (Si2 H2)
Reduced Formula: SiH
abc   :   3.889188   3.889188  25.775840
angles:  90.000000  90.000000 120.000000
pbc   :       True       True       True
Sites (4)
  #  SP           a         b         c
---  ----  --------  --------  --------
  0  Si    0.83793   0.190757  0.125996
  1  Si    0.504596  0.524091  0.098083
  2  H     0.83793   0.190757  0.18424
  3  H     0.504596  0.524091  0.03984",JVASP-6808,,,,,mp-29803,,Si2 H2
20.6825,20.6825,7.1628,423.6923333,"Full Formula (Sc2 C1)
Reduced Formula: Sc2C
abc   :   3.303168   3.303167  28.668274
angles:  90.000000  90.000000 120.000004
pbc   :       True       True       True
Sites (3)
  #  SP           a         b         c  velocities
---  ----  --------  --------  --------  ---------------
  0  Sc    0.666667  0.333333  0.056398  [0.0, 0.0, 0.0]
  1  Sc    0.333333  0.666667  0.141321  [0.0, 0.0, 0.0]
  2  C     0         0         0.09886   [0.0, 0.0, 0.0]",-0.081,"Full Formula (Sc2 C1)
Reduced Formula: Sc2C
abc   :   3.325142   3.325142  28.668274
angles:  90.000000  90.000000 120.000004
pbc   :       True       True       True
Sites (3)
  #  SP           a         b         c
---  ----  --------  --------  --------
  0  Sc    0.666667  0.333333  0.055842
  1  Sc    0.333333  0.666667  0.141877
  2  C     0         0         0.09886",JVASP-5950,,,,,mp-29941,0.0356,Sc2 C1
,,,72.97218182,"Full Formula (Nb3 Cl8)
Reduced Formula: Nb3Cl8
abc   :   6.787137   6.787137  23.374997
angles:  90.000000  90.000000 120.000004
pbc   :       True       True       True
Sites (11)
  #  SP           a         b         c  velocities
---  ----  --------  --------  --------  ---------------
  0  Nb    0.472125  0.94425   0.144877  [0.0, 0.0, 0.0]
  1  Nb    0.472125  0.527875  0.144877  [0.0, 0.0, 0.0]
  2  Nb    0.05575   0.527875  0.144877  [0.0, 0.0, 0.0]
  3  Cl    0.168012  0.336026  0.073777  [0.0, 0.0, 0.0]
  4  Cl    0.168012  0.831988  0.073777  [0.0, 0.0, 0.0]
  5  Cl    0.663974  0.831988  0.073777  [0.0, 0.0, 0.0]
  6  Cl    0.666667  0.333333  0.086558  [0.0, 0.0, 0.0]
  7  Cl    0.835111  0.670223  0.203065  [0.0, 0.0, 0.0]
  8  Cl    0.329777  0.164889  0.203065  [0.0, 0.0, 0.0]
  9  Cl    0.835111  0.164889  0.203065  [0.0, 0.0, 0.0]
 10  Cl    0.333333  0.666667  0.224626  [0.0, 0.0, 0.0]",-1.269,"Full Formula (Nb3 Cl8)
Reduced Formula: Nb3Cl8
abc   :   6.829899   6.829899  23.374997
angles:  90.000000  90.000000 120.000004
pbc   :       True       True       True
Sites (11)
  #  SP           a         b         c
---  ----  --------  --------  --------
  0  Nb    0.471587  0.943173  0.144897
  1  Nb    0.471587  0.528413  0.144897
  2  Nb    0.056827  0.528413  0.144897
  3  Cl    0.169681  0.339363  0.074065
  4  Cl    0.169681  0.830319  0.074065
  5  Cl    0.660637  0.830319  0.074065
  6  Cl    0.666667  0.333333  0.087171
  7  Cl    0.834215  0.66843   0.202898
  8  Cl    0.33157   0.165785  0.202898
  9  Cl    0.834215  0.165785  0.202898
 10  Cl    0.333333  0.666667  0.223591",JVASP-6373,,,,,mp-29950,,Nb3 Cl8
14.1437,14.1437,2.1731,75.46296667,"Full Formula (Co1 Br2)
Reduced Formula: CoBr2
abc   :   3.665808   3.665809  26.906605
angles:  90.000000  90.000000 120.000002
pbc   :       True       True       True
Sites (3)
  #  SP           a         b         c  velocities
---  ----  --------  --------  --------  ---------------
  0  Co    0.457259  0.066787  0.128344  [0.0, 0.0, 0.0]
  1  Br    0.123926  0.400121  0.182489  [0.0, 0.0, 0.0]
  2  Br    0.790592  0.733455  0.074199  [0.0, 0.0, 0.0]",-0.209,"Full Formula (Co1 Br2)
Reduced Formula: CoBr2
abc   :   3.737885   3.737886  26.906605
angles:  90.000000  90.000000 120.000000
pbc   :       True       True       True
Sites (3)
  #  SP           a         b         c
---  ----  --------  --------  --------
  0  Co    0.457259  0.066787  0.128344
  1  Br    0.123926  0.400121  0.181455
  2  Br    0.790592  0.733455  0.075233",JVASP-6034,,,,,mp-30033,0.0632,Co1 Br2
1.8908,1.8908,1.8803,42.2028,"Full Formula (Tl2 Sb2 O6)
Reduced Formula: TlSbO3
abc   :   5.384932   5.384932  26.227905
angles:  90.000000  90.000000 120.000005
pbc   :       True       True       True
Sites (10)
  #  SP           a         b         c  velocities
---  ----  --------  --------  --------  ---------------
  0  Tl    0.333333  0.666667  0.046367  [0.0, 0.0, 0.0]
  1  Tl    0.333333  0.666667  0.24884   [0.0, 0.0, 0.0]
  2  Sb    0         0         0.147601  [0.0, 0.0, 0.0]
  3  Sb    0.666667  0.333333  0.147605  [0.0, 0.0, 0.0]
  4  O     0.953021  0.666666  0.104703  [0.0, 0.0, 0.0]
  5  O     0.333334  0.286356  0.104703  [0.0, 0.0, 0.0]
  6  O     0.713644  0.046979  0.104703  [0.0, 0.0, 0.0]
  7  O     0.713645  0.666667  0.190502  [0.0, 0.0, 0.0]
  8  O     0.953023  0.286355  0.190502  [0.0, 0.0, 0.0]
  9  O     0.333333  0.046977  0.190502  [0.0, 0.0, 0.0]",-1.314,"Full Formula (Tl2 Sb2 O6)
Reduced Formula: TlSbO3
abc   :   5.409995   5.409995  26.227905
angles:  90.000000  90.000000 120.000005
pbc   :       True       True       True
Sites (10)
  #  SP           a         b         c
---  ----  --------  --------  --------
  0  Tl    0.333333  0.666667  0.046681
  1  Tl    0.333333  0.666667  0.248526
  2  Sb    0         0         0.147578
  3  Sb    0.666667  0.333333  0.147628
  4  O     0.949733  0.666639  0.104516
  5  O     0.333361  0.283094  0.104516
  6  O     0.716906  0.050267  0.104516
  7  O     0.716933  0.666694  0.190689
  8  O     0.949761  0.283067  0.190689
  9  O     0.333306  0.050239  0.190689",JVASP-6304,,,,,mp-30058,2.9165,Tl2 Sb2 O6
,,,88.21197222,"Full Formula (Pd6 S6 Cl6)
Reduced Formula: PdSCl
abc   :   7.810902   8.967656  28.683518
angles:  90.000000  90.000000 109.869035
pbc   :       True       True       True
Sites (18)
  #  SP           a         b         c  velocities
---  ----  --------  --------  --------  ---------------
  0  Pd    0.592513  0.554759  0.059565  [0.0, 0.0, 0.0]
  1  Pd    0.894804  0.909794  0.059348  [0.0, 0.0, 0.0]
  2  Pd    0.148983  0.793492  0.110547  [0.0, 0.0, 0.0]
  3  Pd    0.84592   0.436319  0.110547  [0.0, 0.0, 0.0]
  4  Pd    0.894804  0.909794  0.161746  [0.0, 0.0, 0.0]
  5  Pd    0.592513  0.554759  0.161529  [0.0, 0.0, 0.0]
  6  S     0.855831  0.679553  0.01834   [0.0, 0.0, 0.0]
  7  S     0.042524  0.593749  0.055936  [0.0, 0.0, 0.0]
  8  S     0.585205  0.806432  0.072918  [0.0, 0.0, 0.0]
  9  S     0.585205  0.806432  0.148176  [0.0, 0.0, 0.0]
 10  S     0.042524  0.593749  0.165158  [0.0, 0.0, 0.0]
 11  S     0.855831  0.679553  0.202755  [0.0, 0.0, 0.0]
 12  Cl    0.639054  0.306762  0.048619  [0.0, 0.0, 0.0]
 13  Cl    0.217656  0.98819   0.049172  [0.0, 0.0, 0.0]
 14  Cl    0.917846  0.127096  0.110547  [0.0, 0.0, 0.0]
 15  Cl    0.33656   0.440486  0.110547  [0.0, 0.0, 0.0]
 16  Cl    0.217656  0.98819   0.171923  [0.0, 0.0, 0.0]
 17  Cl    0.639054  0.306762  0.172475  [0.0, 0.0, 0.0]",-0.309,"Full Formula (Pd6 S6 Cl6)
Reduced Formula: PdSCl
abc   :   8.298007   9.715438  28.683518
angles:  90.000000  90.000000 111.578801
pbc   :       True       True       True
Sites (18)
  #  SP           a         b         c
---  ----  --------  --------  --------
  0  Pd    0.600839  0.560464  0.05926
  1  Pd    0.897266  0.897229  0.059432
  2  Pd    0.134428  0.790366  0.110547
  3  Pd    0.837501  0.453083  0.110547
  4  Pd    0.897266  0.897229  0.161662
  5  Pd    0.600839  0.560464  0.161834
  6  S     0.854924  0.681133  0.019061
  7  S     0.026989  0.603036  0.056474
  8  S     0.602877  0.795232  0.073346
  9  S     0.602877  0.795232  0.147748
 10  S     0.026989  0.603036  0.16462
 11  S     0.854924  0.681133  0.202034
 12  Cl    0.639827  0.328177  0.048824
 13  Cl    0.206722  0.972016  0.048964
 14  Cl    0.919603  0.100943  0.110547
 15  Cl    0.354063  0.456902  0.110547
 16  Cl    0.206722  0.972016  0.172131
 17  Cl    0.639827  0.328177  0.17227",JVASP-6508,,,,,mp-30099,,Pd6 S6 Cl6
1.3209,1.3323,1.3442,131.3946667,"Full Formula (As1 Cl5)
Reduced Formula: AsCl5
abc   :   6.340068   7.271882  28.063464
angles:  90.000000  90.000000  90.000000
pbc   :       True       True       True
Sites (6)
  #  SP           a          b         c  velocities
---  ----  --------  ---------  --------  ---------------
  0  As    0.824754  -0         0.143665  [0.0, 0.0, 0.0]
  1  Cl    0.822912  -0         0.063468  [0.0, 0.0, 0.0]
  2  Cl    0.652362   0.738896  0.143665  [0.0, 0.0, 0.0]
  3  Cl    0.652362   0.261104  0.143665  [0.0, 0.0, 0.0]
  4  Cl    0.168925  -0         0.143665  [0.0, 0.0, 0.0]
  5  Cl    0.822912  -0         0.223861  [0.0, 0.0, 0.0]",-0.259,"Full Formula (As1 Cl5)
Reduced Formula: AsCl5
abc   :   6.789455   7.736853  28.063464
angles:  90.000000  90.000000  90.000000
pbc   :       True       True       True
Sites (6)
  #  SP           a         b         c
---  ----  --------  --------  --------
  0  As    0.825135  0         0.143665
  1  Cl    0.826177  0         0.063279
  2  Cl    0.660753  0.758376  0.143665
  3  Cl    0.660753  0.241624  0.143665
  4  Cl    0.145232  0         0.143665
  5  Cl    0.826177  0         0.22405",JVASP-13616,2.0451,1.3033,1.3096,1.3233,mp-30106,1.5843,As1 Cl5
,,,37.02783333,"Full Formula (Hf2 Br2 N2)
Reduced Formula: HfBrN
abc   :   3.614925   3.614925  31.377197
angles:  90.000000  90.000000 119.999995
pbc   :       True       True       True
Sites (6)
  #  SP           a         b         c  velocities
---  ----  --------  --------  --------  ---------------
  0  Hf    0.666667  0.333333  0.125342  [0.0, 0.0, 0.0]
  1  Hf    0         0         0.207991  [0.0, 0.0, 0.0]
  2  Br    0.333333  0.666667  0.062233  [0.0, 0.0, 0.0]
  3  Br    0.333333  0.666667  0.271101  [0.0, 0.0, 0.0]
  4  N     0         0         0.139126  [0.0, 0.0, 0.0]
  5  N     0.666667  0.333333  0.194207  [0.0, 0.0, 0.0]",-1.796,"Full Formula (Hf2 Br2 N2)
Reduced Formula: HfBrN
abc   :   3.627895   3.627895  31.377197
angles:  90.000000  90.000000 119.999995
pbc   :       True       True       True
Sites (6)
  #  SP           a         b         c
---  ----  --------  --------  --------
  0  Hf    0.666667  0.333333  0.125557
  1  Hf    0         0         0.207776
  2  Br    0.333333  0.666667  0.062176
  3  Br    0.333333  0.666667  0.271158
  4  N     0         0         0.139084
  5  N     0.666667  0.333333  0.194249",JVASP-6814,,,,,mp-30302,,Hf2 Br2 N2
1.7056,1.6658,1.6534,120.5140875,"Full Formula (Al2 I6)
Reduced Formula: AlI3
abc   :   9.667095   5.771664  28.944381
angles:  90.000000 109.551148  89.149202
pbc   :       True       True       True
Sites (8)
  #  SP            a         b         c  velocities
---  ----  ---------  --------  --------  ---------------
  0  Al     0.801765  0.507357  0.203321  [0.0, 0.0, 0.0]
  1  Al     0.198235  0.492643  0.243895  [0.0, 0.0, 0.0]
  2  I      0.658832  0.265693  0.132376  [0.0, 0.0, 0.0]
  3  I      0.003408  0.257498  0.272331  [0.0, 0.0, 0.0]
  4  I      0.672422  0.759431  0.24622   [0.0, 0.0, 0.0]
  5  I      0.327578  0.240569  0.200996  [0.0, 0.0, 0.0]
  6  I     -0.003408  0.742502  0.174885  [0.0, 0.0, 0.0]
  7  I      0.341168  0.734307  0.31484   [0.0, 0.0, 0.0]",-0.558,"Full Formula (Al2 I6)
Reduced Formula: AlI3
abc   :  10.210998   6.740740  28.944381
angles:  90.000000 108.470884  90.000000
pbc   :       True       True       True
Sites (8)
  #  SP           a         b         c
---  ----  --------  --------  --------
  0  Al    0.813729  0.502848  0.203026
  1  Al    0.186271  0.497152  0.24419
  2  I     0.681643  0.280503  0.135385
  3  I     0.998968  0.29055   0.271834
  4  I     0.687026  0.729493  0.242211
  5  I     0.312974  0.270507  0.205005
  6  I     0.001032  0.70945   0.175382
  7  I     0.318357  0.719497  0.311831",JVASP-6115,,,,,mp-30930,2.8935,Al2 I6
2.9594,2.9594,2.1665,71.8986,"Full Formula (Mg2 P2 Se6)
Reduced Formula: MgPSe3
abc   :   6.425617   6.425617  25.429381
angles:  90.000000  90.000000 120.000000
pbc   :       True       True       True
Sites (10)
  #  SP           a         b         c  velocities
---  ----  --------  --------  --------  ---------------
  0  Mg    0.666667  0.333333  0.146234  [0.0, 0.0, 0.0]
  1  Mg    0         0         0.147774  [0.0, 0.0, 0.0]
  2  P     0.333333  0.666667  0.102895  [0.0, 0.0, 0.0]
  3  P     0.333333  0.666667  0.191113  [0.0, 0.0, 0.0]
  4  Se    0.002198  0.33346   0.079023  [0.0, 0.0, 0.0]
  5  Se    0.331262  0.997802  0.079023  [0.0, 0.0, 0.0]
  6  Se    0.66654   0.668738  0.079023  [0.0, 0.0, 0.0]
  7  Se    0.000127  0.664596  0.214985  [0.0, 0.0, 0.0]
  8  Se    0.664469  0.999873  0.214985  [0.0, 0.0, 0.0]
  9  Se    0.335404  0.335531  0.214985  [0.0, 0.0, 0.0]",-0.553,"Full Formula (Mg2 P2 Se6)
Reduced Formula: MgPSe3
abc   :   6.458344   6.458344  25.429381
angles:  90.000000  90.000000 120.000000
pbc   :       True       True       True
Sites (10)
  #  SP           a         b         c
---  ----  --------  --------  --------
  0  Mg    0.666667  0.333333  0.146434
  1  Mg    0         0         0.147574
  2  P     0.333333  0.666667  0.102987
  3  P     0.333333  0.666667  0.191021
  4  Se    0.004819  0.335749  0.07877
  5  Se    0.33093   0.995181  0.07877
  6  Se    0.664251  0.66907   0.07877
  7  Se    0.002416  0.664264  0.215238
  8  Se    0.661848  0.997584  0.215238
  9  Se    0.335736  0.338152  0.215238",JVASP-6307,,,,,mp-30943,2.0904,Mg2 P2 Se6
3.3582,3.3581,2.2357,87.80081818,"Full Formula (Ta3 S1 Br7)
Reduced Formula: Ta3SBr7
abc   :   7.109635   7.109661  23.462825
angles:  89.678119  90.000000 119.999731
pbc   :       True       True       True
Sites (11)
  #  SP           a         b         c  velocities
---  ----  --------  --------  --------  ---------------
  0  Br    0.202789  0.912745  0.013676  [0.0, 0.0, 0.0]
  1  Br    0.709959  0.912745  0.013677  [0.0, 0.0, 0.0]
  2  Br    0.539417  0.078836  0.134252  [0.0, 0.0, 0.0]
  3  Br    0.036993  0.580767  0.147747  [0.0, 0.0, 0.0]
  4  Br    0.543769  0.580764  0.147748  [0.0, 0.0, 0.0]
  5  Br    0.037013  0.074024  0.147757  [0.0, 0.0, 0.0]
  6  Br    0.709926  0.419851  0.013663  [0.0, 0.0, 0.0]
  7  S     0.207748  0.415497  0.999222  [0.0, 0.0, 0.0]
  8  Ta    0.341289  0.27919   0.074131  [0.0, 0.0, 0.0]
  9  Ta    0.937899  0.279189  0.074131  [0.0, 0.0, 0.0]
 10  Ta    0.341291  0.682583  0.07413   [0.0, 0.0, 0.0]",-0.892,"Full Formula (Ta3 S1 Br7)
Reduced Formula: Ta3SBr7
abc   :   7.111274   7.108464  23.462825
angles:  89.678065  90.000000 120.013079
pbc   :       True       True       True
Sites (11)
  #  SP           a         b         c
---  ----  --------  --------  --------
  0  Br    0.201274  0.911301  0.013832
  1  Br    0.710027  0.911301  0.013832
  2  Br    0.540043  0.080087  0.134092
  3  Br    0.037986  0.582835  0.147546
  4  Br    0.544849  0.582835  0.147546
  5  Br    0.038169  0.076338  0.148547
  6  Br    0.708368  0.416736  0.013346
  7  S     0.206776  0.413552  0.999083
  8  Ta    0.340896  0.279188  0.074223
  9  Ta    0.938292  0.279188  0.074223
 10  Ta    0.341415  0.682831  0.073866",JVASP-60349,0.9761,3.1777,3.1787,2.112,mp-31015,0.8812,Br7 S1 Ta3
4.1138,4.1138,2.6098,81.9326,"Full Formula (Al2 Si2 Te6)
Reduced Formula: AlSiTe3
abc   :   6.916655   6.916654  27.684091
angles:  90.000000  90.000000 119.999996
pbc   :       True       True       True
Sites (10)
  #  SP            a          b         c  velocities
---  ----  ---------  ---------  --------  ---------------
  0  Al     0.333333   0.666667  0.138782  [0.0, 0.0, 0.0]
  1  Al     0.666667   0.333333  0.138782  [0.0, 0.0, 0.0]
  2  Si     0          0         0.097084  [0.0, 0.0, 0.0]
  3  Si     0          0         0.18048   [0.0, 0.0, 0.0]
  4  Te     0.3561     0.3561    0.074203  [0.0, 0.0, 0.0]
  5  Te    -0          0.6439    0.074203  [0.0, 0.0, 0.0]
  6  Te     0.6439    -0         0.074203  [0.0, 0.0, 0.0]
  7  Te     0          0.3561    0.20336   [0.0, 0.0, 0.0]
  8  Te     0.6439     0.6439    0.20336   [0.0, 0.0, 0.0]
  9  Te     0.3561     0         0.20336   [0.0, 0.0, 0.0]",-0.19,"Full Formula (Al2 Si2 Te6)
Reduced Formula: AlSiTe3
abc   :   6.912803   6.912803  27.684091
angles:  90.000000  90.000000 119.999996
pbc   :       True       True       True
Sites (10)
  #  SP            a         b         c
---  ----  ---------  --------  --------
  0  Al     0.333333  0.666667  0.138782
  1  Al     0.666667  0.333333  0.138782
  2  Si     0         0         0.097267
  3  Si     0         0         0.180297
  4  Te     0.355489  0.355489  0.074347
  5  Te     0         0.644511  0.074347
  6  Te     0.644511  0         0.074347
  7  Te    -0         0.355489  0.203216
  8  Te     0.644511  0.644511  0.203216
  9  Te     0.355489  0         0.203216",JVASP-6313,,,,,mp-31220,1.522,Al2 Si2 Te6
4.9039,4.928,2.7569,83.189125,"Full Formula (P4 Pd4 Se4)
Reduced Formula: PPdSe
abc   :   5.844772   5.910147  28.985614
angles:  90.000000  90.000000  90.000000
pbc   :       True       True       True
Sites (12)
  #  SP           a         b         c  velocities
---  ----  --------  --------  --------  ---------------
  0  P     0.12518   0.286679  0.220798  [0.0, 0.0, 0.0]
  1  P     0.87482   0.786679  0.220798  [0.0, 0.0, 0.0]
  2  P     0.12518   0.213321  0.296203  [0.0, 0.0, 0.0]
  3  P     0.87482   0.713321  0.296203  [0.0, 0.0, 0.0]
  4  Pd    0.756621  0.155678  0.206869  [0.0, 0.0, 0.0]
  5  Pd    0.243379  0.655678  0.206869  [0.0, 0.0, 0.0]
  6  Pd    0.756621  0.344322  0.310133  [0.0, 0.0, 0.0]
  7  Pd    0.243379  0.844322  0.310133  [0.0, 0.0, 0.0]
  8  Se    0.635787  0.54012   0.182138  [0.0, 0.0, 0.0]
  9  Se    0.364213  0.04012   0.182138  [0.0, 0.0, 0.0]
 10  Se    0.364213  0.45988   0.334864  [0.0, 0.0, 0.0]
 11  Se    0.635787  0.95988   0.334864  [0.0, 0.0, 0.0]",-0.278,"Full Formula (P4 Pd4 Se4)
Reduced Formula: PPdSe
abc   :   5.866509   5.916824  28.985614
angles:  90.000000  90.000000  90.000000
pbc   :       True       True       True
Sites (12)
  #  SP           a         b         c
---  ----  --------  --------  --------
  0  P     0.12415   0.285192  0.220887
  1  P     0.87585   0.785192  0.220887
  2  P     0.12415   0.214808  0.296114
  3  P     0.87585   0.714808  0.296114
  4  Pd    0.757904  0.153638  0.206493
  5  Pd    0.242096  0.653638  0.206493
  6  Pd    0.757904  0.346362  0.310509
  7  Pd    0.242096  0.846362  0.310509
  8  Se    0.635817  0.53942   0.182711
  9  Se    0.364183  0.03942   0.182711
 10  Se    0.364183  0.46058   0.334291
 11  Se    0.635817  0.96058   0.334291",JVASP-6316,,,,,mp-3123,1.079,P4 Pd4 Se4
2.4,2.4111,1.9646,178.3470417,"Full Formula (Nb2 I10)
Reduced Formula: NbI5
abc   :   6.614858  13.727198  30.586182
angles:  96.066225  90.000000  90.000000
pbc   :       True       True       True
Sites (12)
  #  SP           a         b         c  velocities
---  ----  --------  --------  --------  ---------------
  0  Nb    0.548477  0.257042  0.077035  [0.0, 0.0, 0.0]
  1  Nb    0.951523  0.757042  0.077035  [0.0, 0.0, 0.0]
  2  I     0.721673  0.177746  0.000779  [0.0, 0.0, 0.0]
  3  I     0.778327  0.677746  0.000779  [0.0, 0.0, 0.0]
  4  I     0.729228  0.426447  0.060349  [0.0, 0.0, 0.0]
  5  I     0.2628    0.11572   0.062134  [0.0, 0.0, 0.0]
  6  I     0.770772  0.926447  0.060349  [0.0, 0.0, 0.0]
  7  I     0.2372    0.61572   0.062134  [0.0, 0.0, 0.0]
  8  I     0.780318  0.19289   0.136623  [0.0, 0.0, 0.0]
  9  I     0.269056  0.368529  0.124488  [0.0, 0.0, 0.0]
 10  I     0.719682  0.69289   0.136623  [0.0, 0.0, 0.0]
 11  I     0.230944  0.868529  0.124488  [0.0, 0.0, 0.0]",-0.261,"Full Formula (Nb2 I10)
Reduced Formula: NbI5
abc   :   6.591404  15.280480  30.630965
angles:  96.807975  90.000000  90.000000
pbc   :       True       True       True
Sites (12)
  #  SP           a         b         c
---  ----  --------  --------  --------
  0  Nb    0.500387  0.268597  0.072731
  1  Nb    0.999613  0.768597  0.072731
  2  I     0.750946  0.171471  0.000156
  3  I     0.749054  0.671471  0.000156
  4  I     0.729972  0.412269  0.062915
  5  I     0.271609  0.120075  0.063918
  6  I     0.770028  0.912269  0.062915
  7  I     0.228391  0.620075  0.063918
  8  I     0.753468  0.208362  0.130896
  9  I     0.249449  0.3576    0.130792
 10  I     0.746532  0.708362  0.130896
 11  I     0.250551  0.8576    0.130792",JVASP-6514,,,,,mp-31487,0.9448,Nb2 I10
,,,41.45966667,"Full Formula (Cr2 Br2 O2)
Reduced Formula: CrBrO
abc   :   3.297229   3.860721  28.885362
angles:  90.000000  90.000000  90.000000
pbc   :       True       True       True
Sites (6)
  #  SP           a         b         c  velocities
---  ----  --------  --------  --------  ---------------
  0  Cr    0.326035  0.626806  0.182913  [0.0, 0.0, 0.0]
  1  Cr    0.826035  0.126806  0.124695  [0.0, 0.0, 0.0]
  2  Br    0.826035  0.626806  0.246801  [0.0, 0.0, 0.0]
  3  Br    0.326035  0.126806  0.060807  [0.0, 0.0, 0.0]
  4  O     0.326035  0.126806  0.167452  [0.0, 0.0, 0.0]
  5  O     0.826035  0.626806  0.140156  [0.0, 0.0, 0.0]",-1.443,"Full Formula (Cr2 Br2 O2)
Reduced Formula: CrBrO
abc   :   3.350350   3.942721  28.885362
angles:  90.000000  90.000000  90.000000
pbc   :       True       True       True
Sites (6)
  #  SP           a         b         c
---  ----  --------  --------  --------
  0  Cr    0.326035  0.626806  0.183029
  1  Cr    0.826035  0.126806  0.124579
  2  Br    0.826035  0.626806  0.247912
  3  Br    0.326035  0.126806  0.059696
  4  O     0.326035  0.126806  0.167632
  5  O     0.826035  0.626806  0.139976",JVASP-6829,,,,,mp-31725,,Cr2 Br2 O2
4.2139,2.9388,2.4372,67.661,"Full Formula (V1 Br2 O1)
Reduced Formula: VBr2O
abc   :   3.619292   3.632190  26.254524
angles:  90.000000  90.000000  90.000000
pbc   :       True       True       True
Sites (4)
  #  SP      a    b         c  velocities
---  ----  ---  ---  --------  ---------------
  0  V     0.5  0.5  0.271468  [0.0, 0.0, 0.0]
  1  Br    0.5  0    0.203214  [0.0, 0.0, 0.0]
  2  Br    0.5  0    0.339722  [0.0, 0.0, 0.0]
  3  O     0    0.5  0.271468  [0.0, 0.0, 0.0]",-1.392,"Full Formula (V1 Br2 O1)
Reduced Formula: VBr2O
abc   :   3.654979   3.715862  26.254524
angles:  90.000000  90.000000  90.000000
pbc   :       True       True       True
Sites (4)
  #  SP      a    b         c
---  ----  ---  ---  --------
  0  V     0.5  0.5  0.271468
  1  Br    0.5  0    0.203038
  2  Br    0.5  0    0.339898
  3  O     0    0.5  0.271468",JVASP-6832,,,,,mp-32450,0.0455,V1 Br2 O1
8.0892,8.0892,2.7578,108.0033333,"Full Formula (Hf1 Te2)
Reduced Formula: HfTe2
abc   :   3.974101   3.974101  30.929848
angles:  90.000000  90.000000 119.999989
pbc   :       True       True       True
Sites (3)
  #  SP           a         b         c  velocities
---  ----  --------  --------  --------  ---------------
  0  Hf    0         0         0.149367  [0.0, 0.0, 0.0]
  1  Te    0.333333  0.666667  0.206348  [0.0, 0.0, 0.0]
  2  Te    0.666667  0.333333  0.092386  [0.0, 0.0, 0.0]",-0.735,"Full Formula (Hf1 Te2)
Reduced Formula: HfTe2
abc   :   3.964581   3.964581  30.929848
angles:  90.000000  90.000000 119.999989
pbc   :       True       True       True
Sites (3)
  #  SP           a         b         c
---  ----  --------  --------  --------
  0  Hf    0         0         0.149367
  1  Te    0.333333  0.666667  0.206846
  2  Te    0.666667  0.333333  0.091888",JVASP-705,,,,,mp-32887,0.0715,Hf1 Te2
,,,250.82136,"Full Formula (Bi2 Te3)
Reduced Formula: Bi2Te3
abc   :   4.366649   4.366649  31.150873
angles:  90.000000  90.000000 119.999996
pbc   :       True       True       True
Sites (5)
  #  SP           a         b         c  velocities
---  ----  --------  --------  --------  ---------------
  0  Bi    0         0         0.409149  [0.0, 0.0, 0.0]
  1  Bi    0         0         0.600263  [0.0, 0.0, 0.0]
  2  Te    0.333333  0.666667  0.465735  [0.0, 0.0, 0.0]
  3  Te    0.666667  0.333333  0.534305  [0.0, 0.0, 0.0]
  4  Te    0.333333  0.666667  0.657214  [0.0, 0.0, 0.0]",0.012,"Full Formula (Bi2 Te3)
Reduced Formula: Bi2Te3
abc   :   4.449491   4.449491  31.150873
angles:  90.000000  90.000000 119.999996
pbc   :       True       True       True
Sites (5)
  #  SP           a         b         c
---  ----  --------  --------  --------
  0  Bi    0         0         0.399257
  1  Bi    0         0         0.600743
  2  Te    0.333333  0.666667  0.454823
  3  Te    0.666667  0.333333  0.545177
  4  Te    0.333333  0.666667  0.666667",JVASP-6994,,,,,mp-34202,,Bi2 Te3
25.374,25.3741,3.0014,87.0515,"Full Formula (Cr2 Si2 Te6)
Reduced Formula: CrSiTe3
abc   :   6.827189   6.827190  27.801520
angles:  90.000000  90.000000 120.000001
pbc   :       True       True       True
Sites (10)
  #  SP           a         b         c  velocities
---  ----  --------  --------  --------  ---------------
  0  Cr    0         0         0.136703  [0.0, 0.0, 0.0]
  1  Cr    0.666667  0.333333  0.136682  [0.0, 0.0, 0.0]
  2  Si    0.333333  0.666667  0.095433  [0.0, 0.0, 0.0]
  3  Si    0.333333  0.666667  0.177951  [0.0, 0.0, 0.0]
  4  Te    0.697135  0.666676  0.074323  [0.0, 0.0, 0.0]
  5  Te    0.969541  0.302865  0.074323  [0.0, 0.0, 0.0]
  6  Te    0.333324  0.030459  0.074323  [0.0, 0.0, 0.0]
  7  Te    0.697125  0.030468  0.199061  [0.0, 0.0, 0.0]
  8  Te    0.969532  0.666657  0.199061  [0.0, 0.0, 0.0]
  9  Te    0.333343  0.302875  0.199061  [0.0, 0.0, 0.0]",-0.054,"Full Formula (Cr2 Si2 Te6)
Reduced Formula: CrSiTe3
abc   :   6.837987   6.837988  27.801520
angles:  90.000000  90.000000 120.000001
pbc   :       True       True       True
Sites (10)
  #  SP           a         b         c
---  ----  --------  --------  --------
  0  Cr    0         0         0.136391
  1  Cr    0.666667  0.333333  0.136994
  2  Si    0.333333  0.666667  0.095605
  3  Si    0.333333  0.666667  0.177779
  4  Te    0.695829  0.665912  0.074721
  5  Te    0.970083  0.304171  0.074721
  6  Te    0.334088  0.029917  0.074721
  7  Te    0.696583  0.029162  0.198663
  8  Te    0.970838  0.667421  0.198663
  9  Te    0.332579  0.303417  0.198663",JVASP-6319,,,,,mp-3779,0.7299,Cr2 Si2 Te6
5.9761,5.9761,2.951,144.3219,"Full Formula (Te2 Pt1)
Reduced Formula: Te2Pt
abc   :   3.993848   3.993848  30.345008
angles:  90.000000  90.000000 119.999991
pbc   :       True       True       True
Sites (3)
  #  SP           a         b         c  velocities
---  ----  --------  --------  --------  ---------------
  0  Te    0.333333  0.666667  0.164356  [0.0, 0.0, 0.0]
  1  Te    0.666667  0.333333  0.070499  [0.0, 0.0, 0.0]
  2  Pt    0         0         0.117428  [0.0, 0.0, 0.0]",-0.227,"Full Formula (Te2 Pt1)
Reduced Formula: Te2Pt
abc   :   4.092307   4.092307  30.345008
angles:  90.000000  90.000000 119.999990
pbc   :       True       True       True
Sites (3)
  #  SP           a         b         c
---  ----  --------  --------  --------
  0  Te    0.333333  0.666667  0.162333
  1  Te    0.666667  0.333333  0.072522
  2  Pt    0         0         0.117428",JVASP-747,,,,,mp-399,0.6903,Te2 Pt1
,,,51.867,"Full Formula (Nb2 C1 S2)
Reduced Formula: Nb2CS2
abc   :   3.300373   3.300374  28.590563
angles:  90.000000  90.000000 119.999995
pbc   :       True       True       True
Sites (5)
  #  SP           a         b         c  velocities
---  ----  --------  --------  --------  ---------------
  0  Nb    0.333333  0.666667  0.291292  [0.0, 0.0, 0.0]
  1  Nb    0         0         0.375375  [0.0, 0.0, 0.0]
  2  C     0.666667  0.333333  0.333333  [0.0, 0.0, 0.0]
  3  S     0.333333  0.666667  0.432884  [0.0, 0.0, 0.0]
  4  S     0         0         0.233783  [0.0, 0.0, 0.0]",-0.887,"Full Formula (Nb2 C1 S2)
Reduced Formula: Nb2CS2
abc   :   3.283082   3.283082  28.590563
angles:  90.000000  90.000000 119.999992
pbc   :       True       True       True
Sites (5)
  #  SP           a         b         c
---  ----  --------  --------  --------
  0  Nb    0.333333  0.666667  0.291423
  1  Nb    0         0         0.375244
  2  C     0.666667  0.333333  0.333333
  3  S     0.333333  0.666667  0.433256
  4  S     0         0         0.233411",JVASP-6526,,,,,mp-4384,,Nb2 C1 S2
2.7389,2.7389,1.1812,70.355,"Full Formula (C2)
Reduced Formula: C
abc   :   2.464194   2.464194  30.803073
angles:  90.000000  90.000000 119.999987
pbc   :       True       True       True
Sites (2)
  #  SP           a         b        c  velocities
---  ----  --------  --------  -------  ---------------
  0  C     0         0         0.06333  [0.0, 0.0, 0.0]
  1  C     0.333333  0.666667  0.06333  [0.0, 0.0, 0.0]",0.069,"Full Formula (C2)
Reduced Formula: C
abc   :   2.467292   2.467292  30.803073
angles:  90.000000  90.000000 119.999987
pbc   :       True       True       True
Sites (2)
  #  SP           a         b        c
---  ----  --------  --------  -------
  0  C     0         0         0.06333
  1  C     0.333333  0.666667  0.06333",JVASP-667,,,,,mp-48,0.531,C2
3.5382,3.5382,3.0712,91.52983333,"Full Formula (Ta1 Se2)
Reduced Formula: TaSe2
abc   :   3.473154   3.473154  26.469138
angles:  90.000000  90.000000 119.999991
pbc   :       True       True       True
Sites (3)
  #  SP           a         b         c  velocities
---  ----  --------  --------  --------  ---------------
  0  Ta    0         0         0.13666   [0.0, 0.0, 0.0]
  1  Se    0.333333  0.666667  0.073322  [0.0, 0.0, 0.0]
  2  Se    0.333333  0.666667  0.199999  [0.0, 0.0, 0.0]",-0.73,"Full Formula (Ta1 Se2)
Reduced Formula: TaSe2
abc   :   3.475519   3.475519  26.469138
angles:  90.000000  90.000000 119.999991
pbc   :       True       True       True
Sites (3)
  #  SP           a         b         c
---  ----  --------  --------  --------
  0  Ta    0         0         0.13666
  1  Se    0.333333  0.666667  0.073258
  2  Se    0.333333  0.666667  0.200063",JVASP-5920,,,,,mp-500,0.1711,Ta1 Se2
,,,67.22335,"Full Formula (Cd4 P4 S12)
Reduced Formula: CdPS3
abc   :   6.259712  10.842699  27.389104
angles:  90.000000  94.243892  90.000000
pbc   :       True       True       True
Sites (20)
  #  SP           a         b         c  velocities
---  ----  --------  --------  --------  ---------------
  0  Cd    0.474151  0.681279  0.171221  [0.0, 0.0, 0.0]
  1  Cd    0.474151  0.014593  0.171221  [0.0, 0.0, 0.0]
  2  Cd    0.974151  0.514593  0.171221  [0.0, 0.0, 0.0]
  3  Cd    0.974151  0.181279  0.171221  [0.0, 0.0, 0.0]
  4  P     0.987575  0.847936  0.212741  [0.0, 0.0, 0.0]
  5  P     0.487575  0.347936  0.212741  [0.0, 0.0, 0.0]
  6  P     0.460726  0.347936  0.129701  [0.0, 0.0, 0.0]
  7  P     0.960726  0.847936  0.129701  [0.0, 0.0, 0.0]
  8  S     0.181178  0.347936  0.233886  [0.0, 0.0, 0.0]
  9  S     0.151023  0.691318  0.233891  [0.0, 0.0, 0.0]
 10  S     0.151023  0.004554  0.233891  [0.0, 0.0, 0.0]
 11  S     0.681178  0.847936  0.233886  [0.0, 0.0, 0.0]
 12  S     0.651023  0.504554  0.233891  [0.0, 0.0, 0.0]
 13  S     0.651023  0.191318  0.233891  [0.0, 0.0, 0.0]
 14  S     0.297278  0.504554  0.10855   [0.0, 0.0, 0.0]
 15  S     0.297278  0.191318  0.10855   [0.0, 0.0, 0.0]
 16  S     0.267123  0.847936  0.108555  [0.0, 0.0, 0.0]
 17  S     0.797278  0.691318  0.10855   [0.0, 0.0, 0.0]
 18  S     0.797278  0.004554  0.10855   [0.0, 0.0, 0.0]
 19  S     0.767124  0.347936  0.108555  [0.0, 0.0, 0.0]",-0.383,"Full Formula (Cd4 P4 S12)
Reduced Formula: CdPS3
abc   :   6.298581  10.911527  27.390038
angles:  90.000000  94.270148  90.000000
pbc   :       True       True       True
Sites (20)
  #  SP            a         b         c
---  ----  ---------  --------  --------
  0  Cd     0.474151  0.681092  0.171221
  1  Cd     0.474151  0.01478   0.171221
  2  Cd    -0.025849  0.51478   0.171221
  3  Cd    -0.025849  0.181092  0.171221
  4  P     -0.012481  0.847936  0.212542
  5  P      0.487519  0.347936  0.212542
  6  P      0.460782  0.347936  0.1299
  7  P     -0.039218  0.847936  0.1299
  8  S      0.183227  0.347936  0.233594
  9  S      0.149735  0.692509  0.233714
 10  S      0.149735  0.003363  0.233714
 11  S      0.683227  0.847936  0.233594
 12  S      0.649735  0.503363  0.233714
 13  S      0.649735  0.192509  0.233714
 14  S      0.298566  0.503363  0.108727
 15  S      0.298566  0.192509  0.108727
 16  S      0.265074  0.847936  0.108847
 17  S      0.798566  0.692509  0.108727
 18  S      0.798566  0.003363  0.108727
 19  S      0.765075  0.347936  0.108847",JVASP-6322,,,,,mp-5328,,Cd4 P4 S12
4.8427,4.7711,3.0993,75.10066667,"Full Formula (Re4 Se8)
Reduced Formula: ReSe2
abc   :   6.664755   6.785294  27.199982
angles:  91.828325 104.159136 118.857228
pbc   :       True       True       True
Sites (12)
  #  SP           a         b         c  velocities
---  ----  --------  --------  --------  ---------------
  0  Re    0.93627   0.684769  0.134764  [0.0, 0.0, 0.0]
  1  Re    0.512749  0.709178  0.133085  [0.0, 0.0, 0.0]
  2  Re    0.487251  0.290822  0.131621  [0.0, 0.0, 0.0]
  3  Re    0.06373   0.315231  0.129942  [0.0, 0.0, 0.0]
  4  Se    0.726326  0.343977  0.067327  [0.0, 0.0, 0.0]
  5  Se    0.777722  0.892035  0.076601  [0.0, 0.0, 0.0]
  6  Se    0.254188  0.384854  0.05901   [0.0, 0.0, 0.0]
  7  Se    0.248771  0.865471  0.083581  [0.0, 0.0, 0.0]
  8  Se    0.751229  0.134529  0.181125  [0.0, 0.0, 0.0]
  9  Se    0.745812  0.615146  0.205696  [0.0, 0.0, 0.0]
 10  Se    0.222278  0.107965  0.188104  [0.0, 0.0, 0.0]
 11  Se    0.273674  0.656023  0.197378  [0.0, 0.0, 0.0]",-0.305,"Full Formula (Re4 Se8)
Reduced Formula: ReSe2
abc   :   6.669910   6.792806  27.199982
angles:  91.826303 104.147963 118.812636
pbc   :       True       True       True
Sites (12)
  #  SP           a         b         c
---  ----  --------  --------  --------
  0  Re    0.935768  0.683834  0.134776
  1  Re    0.513255  0.709107  0.133204
  2  Re    0.486745  0.290893  0.131502
  3  Re    0.064232  0.316166  0.12993
  4  Se    0.725892  0.342743  0.067611
  5  Se    0.779611  0.893459  0.077174
  6  Se    0.255349  0.386402  0.05925
  7  Se    0.249212  0.865561  0.084051
  8  Se    0.750788  0.134439  0.180655
  9  Se    0.744651  0.613598  0.205456
 10  Se    0.220389  0.106541  0.187531
 11  Se    0.274108  0.657257  0.197094",JVASP-5914,,,,,mp-541582,1.2467,Re4 Se8
6.7004,6.5048,2.6763,89.56933333,"Full Formula (Ti1 S2)
Reduced Formula: TiS2
abc   :   3.408495   3.408655  30.819033
angles: 100.741283  90.000000 119.998442
pbc   :       True       True       True
Sites (3)
  #  SP           a         b         c  velocities
---  ----  --------  --------  --------  ---------------
  0  Ti    0.998817  0.997634  0.190722  [0.0, 0.0, 0.0]
  1  S     0.385186  0.770372  0.237954  [0.0, 0.0, 0.0]
  2  S     0.612448  0.224897  0.143489  [0.0, 0.0, 0.0]",-1.331,"Full Formula (Ti1 S2)
Reduced Formula: TiS2
abc   :   3.409090   3.410114  30.819033
angles: 100.736658  90.000000 119.990066
pbc   :       True       True       True
Sites (3)
  #  SP            a          b         c
---  ----  ---------  ---------  --------
  0  Ti    -0.001183  -0.002366  0.190722
  1  S      0.385169   0.770338  0.238077
  2  S      0.612465   0.224931  0.143366",JVASP-774,,,,,mp-558110,0.1123,Ti1 S2
13.6809,16.6955,2.3689,89.42516667,"Full Formula (Mo2 S4)
Reduced Formula: MoS2
abc   :   5.538715   3.197666  36.371404
angles:  90.000000  92.884729  90.000000
pbc   :       True       True       True
Sites (6)
  #  SP            a    b         c  velocities
---  ----  ---------  ---  --------  ---------------
  0  Mo     0.318042  0.5  0.116086  [0.0, 0.0, 0.0]
  1  Mo     0.818042  0    0.116086  [0.0, 0.0, 0.0]
  2  S      0.49916   0    0.159767  [0.0, 0.0, 0.0]
  3  S      0.636925  0.5  0.072406  [0.0, 0.0, 0.0]
  4  S     -0.00084   0.5  0.159767  [0.0, 0.0, 0.0]
  5  S      0.136925  0    0.072406  [0.0, 0.0, 0.0]",-0.61,"Full Formula (Mo2 S4)
Reduced Formula: MoS2
abc   :   5.545779   3.182521  36.371521
angles:  90.000000  92.888402  90.000000
pbc   :       True       True       True
Sites (6)
  #  SP            a    b         c
---  ----  ---------  ---  --------
  0  Mo     0.318042  0.5  0.116086
  1  Mo    -0.181958  0    0.116086
  2  S      0.500323  0    0.160219
  3  S      0.635762  0.5  0.071954
  4  S      0.000323  0.5  0.160219
  5  S      0.135762  0    0.071954",JVASP-730,,,,,mp-558544,0.0007,Mo2 S4
10.7282,10.7282,2.193,130.84975,"Full Formula (Ni2 Se2)
Reduced Formula: NiSe
abc   :   3.871133   3.871133  28.430158
angles:  90.000000  90.000000  90.000000
pbc   :       True       True       True
Sites (4)
  #  SP           a         b         c  velocities
---  ----  --------  --------  --------  ---------------
  0  Ni    0.742964  0.742964  0.0955    [0.0, 0.0, 0.0]
  1  Ni    0.242964  0.242964  0.0955    [0.0, 0.0, 0.0]
  2  Se    0.742964  0.242964  0.142119  [0.0, 0.0, 0.0]
  3  Se    0.242964  0.742964  0.048881  [0.0, 0.0, 0.0]",-0.088,"Full Formula (Ni2 Se2)
Reduced Formula: NiSe
abc   :   3.654390   3.654390  28.430158
angles:  90.000000  90.000000  90.000000
pbc   :       True       True       True
Sites (4)
  #  SP           a         b         c
---  ----  --------  --------  --------
  0  Ni    0.742964  0.742964  0.0955
  1  Ni    0.242964  0.242964  0.0955
  2  Se    0.742964  0.242964  0.148251
  3  Se    0.242964  0.742964  0.042749",JVASP-13634,,,,,mp-571033,0.0306,Ni2 Se2
27.4388,27.4388,5.2547,51.9244,"Full Formula (Nb2 C1 S2)
Reduced Formula: Nb2CS2
abc   :   3.300399   3.300399  29.329075
angles:  90.000000  90.000000 119.999999
pbc   :       True       True       True
Sites (5)
  #  SP           a         b         c  velocities
---  ----  --------  --------  --------  ---------------
  0  Nb    0.90305   0.970479  0.200023  [0.0, 0.0, 0.0]
  1  Nb    0.569716  0.303813  0.11806   [0.0, 0.0, 0.0]
  2  C     0.236383  0.637146  0.159041  [0.0, 0.0, 0.0]
  3  S     0.569716  0.303813  0.256085  [0.0, 0.0, 0.0]
  4  S     0.90305   0.970479  0.061998  [0.0, 0.0, 0.0]",-0.887,"Full Formula (Nb2 C1 S2)
Reduced Formula: Nb2CS2
abc   :   3.289960   3.289960  29.329075
angles:  90.000000  90.000000 120.000000
pbc   :       True       True       True
Sites (5)
  #  SP           a         b         c
---  ----  --------  --------  --------
  0  Nb    0.90305   0.970479  0.199885
  1  Nb    0.569716  0.303813  0.118198
  2  C     0.236383  0.637146  0.159041
  3  S     0.569716  0.303813  0.25608
  4  S     0.90305   0.970479  0.062003",JVASP-13636,,,,,mp-5745,0.0032,Nb2 C1 S2
4.8756,4.8756,2.8048,90.981,"Full Formula (Te2 Mo1)
Reduced Formula: Te2Mo
abc   :   3.562364   3.562364  35.346645
angles:  90.000000  90.000000 120.000012
pbc   :       True       True       True
Sites (3)
  #  SP           a         b         c  velocities
---  ----  --------  --------  --------  ---------------
  0  Te    0.666667  0.333333  0.057279  [0.0, 0.0, 0.0]
  1  Te    0.666667  0.333333  0.159809  [0.0, 0.0, 0.0]
  2  Mo    0.333333  0.666667  0.108544  [0.0, 0.0, 0.0]",-0.15,"Full Formula (Te2 Mo1)
Reduced Formula: Te2Mo
abc   :   3.558711   3.558711  35.346645
angles:  90.000000  90.000000 120.000012
pbc   :       True       True       True
Sites (3)
  #  SP           a         b         c
---  ----  --------  --------  --------
  0  Te    0.666667  0.333333  0.057346
  1  Te    0.666667  0.333333  0.159742
  2  Mo    0.333333  0.666667  0.108544",JVASP-670,,,,,mp-602,1.2289,Te2 Mo1
14.6727,14.6727,2.6752,75.92125,"Full Formula (Cr2 Se2)
Reduced Formula: CrSe
abc   :   3.505245   3.505245  26.320517
angles:  90.000000  90.000000  90.000000
pbc   :       True       True       True
Sites (4)
  #  SP           a         b         c  velocities
---  ----  --------  --------  --------  ---------------
  0  Cr    0.895166  0.895166  0.120068  [0.0, 0.0, 0.0]
  1  Cr    0.395166  0.395166  0.120068  [0.0, 0.0, 0.0]
  2  Se    0.895166  0.395166  0.184058  [0.0, 0.0, 0.0]
  3  Se    0.395166  0.895166  0.056079  [0.0, 0.0, 0.0]",-0.225,"Full Formula (Cr2 Se2)
Reduced Formula: CrSe
abc   :   3.530359   3.530359  26.320517
angles:  90.000000  90.000000  90.000000
pbc   :       True       True       True
Sites (4)
  #  SP           a         b         c
---  ----  --------  --------  --------
  0  Cr    0.895166  0.895166  0.120068
  1  Cr    0.395166  0.395166  0.120068
  2  Se    0.895166  0.395166  0.183795
  3  Se    0.395166  0.895166  0.056342",JVASP-5974,,,,,mp-604915,0.0824,Cr2 Se2
2.0268,2.0218,1.8876,117.8366875,"Full Formula (P8 S8)
Reduced Formula: PS
abc   :   9.779770   8.298213  25.528010
angles:  90.000000 101.673516  90.000000
pbc   :       True       True       True
Sites (16)
  #  SP           a         b         c  velocities
---  ----  --------  --------  --------  ---------------
  0  P     0.974393  0.813843  0.216476  [0.0, 0.0, 0.0]
  1  P     0.025607  0.813843  0.34625   [0.0, 0.0, 0.0]
  2  P     0.161431  0.608934  0.313966  [0.0, 0.0, 0.0]
  3  P     0.838569  0.608934  0.24876   [0.0, 0.0, 0.0]
  4  P     0.474393  0.313843  0.216476  [0.0, 0.0, 0.0]
  5  P     0.525607  0.313843  0.34625   [0.0, 0.0, 0.0]
  6  P     0.661431  0.108934  0.313966  [0.0, 0.0, 0.0]
  7  P     0.338569  0.108934  0.24876   [0.0, 0.0, 0.0]
  8  S     0         0.4431    0.281363  [0.0, 0.0, 0.0]
  9  S     0         0.979866  0.281363  [0.0, 0.0, 0.0]
 10  S     0.176866  0.709841  0.238558  [0.0, 0.0, 0.0]
 11  S     0.823134  0.709841  0.324168  [0.0, 0.0, 0.0]
 12  S     0.5       0.9431    0.281363  [0.0, 0.0, 0.0]
 13  S     0.5       0.479866  0.281363  [0.0, 0.0, 0.0]
 14  S     0.676866  0.209841  0.238558  [0.0, 0.0, 0.0]
 15  S     0.323134  0.209841  0.324168  [0.0, 0.0, 0.0]",-0.045,"Full Formula (P8 S8)
Reduced Formula: PS
abc   :  10.804800   9.726200  25.643030
angles:  90.000000 102.858200  90.000000
pbc   :       True       True       True
Sites (16)
  #  SP          a       b         c
---  ----  -------  ------  --------
  0  P      0.9938  0.7981  0.21785
  1  P      0.0062  0.7981  0.344876
  2  P      0.1396  0.6242  0.320716
  3  P      0.8604  0.6242  0.24201
  4  P      0.4938  0.2981  0.21785
  5  P      0.5062  0.2981  0.344876
  6  P      0.6396  0.1242  0.320716
  7  P      0.3604  0.1242  0.24201
  8  S     -0       0.4828  0.281363
  9  S     -0       0.9392  0.281363
 10  S      0.1748  0.7108  0.249588
 11  S      0.8252  0.7108  0.313138
 12  S      0.5     0.9828  0.281363
 13  S      0.5     0.4392  0.281363
 14  S      0.6748  0.2108  0.249588
 15  S      0.3252  0.2108  0.313138",JVASP-20054,,,,,mp-612,1.8198,P8 S8
2.2861,2.2861,1.5399,84.50833333,"Full Formula (Pt1 O2)
Reduced Formula: PtO2
abc   :   3.148511   3.148511  30.727859
angles:  90.000000  90.000000 120.000013
pbc   :       True       True       True
Sites (3)
  #  SP           a         b         c  velocities
---  ----  --------  --------  --------  ---------------
  0  Pt    0         0         0.102575  [0.0, 0.0, 0.0]
  1  O     0.666667  0.333333  0.071722  [0.0, 0.0, 0.0]
  2  O     0.333333  0.666667  0.133427  [0.0, 0.0, 0.0]",-0.501,"Full Formula (Pt1 O2)
Reduced Formula: PtO2
abc   :   3.164121   3.164121  30.727859
angles:  90.000000  90.000000 120.000013
pbc   :       True       True       True
Sites (3)
  #  SP           a         b         c
---  ----  --------  --------  --------
  0  Pt    0         0         0.102575
  1  O     0.666667  0.333333  0.071732
  2  O     0.333333  0.666667  0.133417",JVASP-738,,,,,mp-617,1.7882,Pt1 O2
14.6229,14.1734,3.081,74.6965,"Full Formula (V1 Ag1 P2 Se6)
Reduced Formula: VAg(PSe3)2
abc   :   6.392594   6.395549  23.512857
angles:  86.697564  83.381020  60.015280
pbc   :       True       True       True
Sites (10)
  #  SP           a         b         c  velocities
---  ----  --------  --------  --------  ---------------
  0  Ag    0.261371  0.327709  0.074774  [0.0, 0.0, 0.0]
  1  P     0.948611  0.993264  0.027131  [0.0, 0.0, 0.0]
  2  P     0.908579  0.993264  0.122415  [0.0, 0.0, 0.0]
  3  Se    0.314449  0.677778  0.001391  [0.0, 0.0, 0.0]
  4  Se    0.858226  0.677778  0.148157  [0.0, 0.0, 0.0]
  5  Se    0.252493  0.954266  0.148039  [0.0, 0.0, 0.0]
  6  Se    0.643694  0.954266  0.001507  [0.0, 0.0, 0.0]
  7  Se    0.581995  0.347935  0.148186  [0.0, 0.0, 0.0]
  8  Se    0.920523  0.347935  0.001361  [0.0, 0.0, 0.0]
  9  V     0.595727  0.658998  0.074774  [0.0, 0.0, 0.0]",-0.164,"Full Formula (V1 Ag1 P2 Se6)
Reduced Formula: VAg(PSe3)2
abc   :   6.360693   6.414021  23.512857
angles:  86.707085  83.347675  60.274649
pbc   :       True       True       True
Sites (10)
  #  SP           a         b         c
---  ----  --------  --------  --------
  0  Ag    0.254553  0.341346  0.074774
  1  P     0.945633  0.992901  0.027129
  2  P     0.91192   0.992901  0.122417
  3  Se    0.31481   0.682562  0.000827
  4  Se    0.85308   0.682562  0.148721
  5  Se    0.256809  0.953198  0.147019
  6  Se    0.640446  0.953198  0.002527
  7  Se    0.587711  0.345845  0.149744
  8  Se    0.916897  0.345845  0.999803
  9  V     0.603809  0.642834  0.074774",JVASP-60525,,,,,mp-6543,0.434,Ag1 P2 Se6 V1
,,,626.81875,"Full Formula (Al1 N1)
Reduced Formula: AlN
abc   :   3.131258   3.131258  24.016955
angles:  90.000000  90.000000 119.999997
pbc   :       True       True       True
Sites (2)
  #  SP           a         b         c  velocities
---  ----  --------  --------  --------  ---------------
  0  Al    0.666667  0.333333  0.091915  [0.0, 0.0, 0.0]
  1  N     0.333333  0.666667  0.09191   [0.0, 0.0, 0.0]",-1.023,"Full Formula (Al1 N1)
Reduced Formula: AlN
abc   :   3.128588   3.128588  24.016955
angles:  90.000000  90.000000 119.999997
pbc   :       True       True       True
Sites (2)
  #  SP           a         b         c
---  ----  --------  --------  --------
  0  Al    0.666667  0.333333  0.104297
  1  N     0.333333  0.666667  0.079528",JVASP-7012,,,,,mp-661,,Al1 N1
3.2138,3.2138,2.4303,93.47436667,"Full Formula (Sn1 Se2)
Reduced Formula: SnSe2
abc   :   3.861075   3.861075  30.904745
angles:  90.000000  90.000000 120.000002
pbc   :       True       True       True
Sites (3)
  #  SP           a         b         c  velocities
---  ----  --------  --------  --------  ---------------
  0  Sn    0         0         0.148947  [0.0, 0.0, 0.0]
  1  Se    0.666667  0.333333  0.200768  [0.0, 0.0, 0.0]
  2  Se    0.333333  0.666667  0.097125  [0.0, 0.0, 0.0]",-0.241,"Full Formula (Sn1 Se2)
Reduced Formula: SnSe2
abc   :   3.873280   3.873280  30.904745
angles:  90.000000  90.000000 120.000002
pbc   :       True       True       True
Sites (3)
  #  SP           a         b         c
---  ----  --------  --------  --------
  0  Sn    0         0         0.148947
  1  Se    0.666667  0.333333  0.200603
  2  Se    0.333333  0.666667  0.09729",JVASP-762,,,,,mp-665,0.7311,Sn1 Se2
,,,152.650275,"Full Formula (Sn2 Se2)
Reduced Formula: SnSe
abc   :   4.268255   4.413811  25.789801
angles:  90.000000  90.000000  90.000000
pbc   :       True       True       True
Sites (4)
  #  SP       a         b         c  velocities
---  ----  ----  --------  --------  ---------------
  0  Sn    0.25  0.087     0.058468  [0.0, 0.0, 0.0]
  1  Sn    0.75  0.587     0.170106  [0.0, 0.0, 0.0]
  2  Se    0.75  0.527104  0.064748  [0.0, 0.0, 0.0]
  3  Se    0.25  0.027104  0.163826  [0.0, 0.0, 0.0]",-0.33,"Full Formula (Sn2 Se2)
Reduced Formula: SnSe
abc   :   4.219403   4.524019  25.789801
angles:  90.000000  90.000000  90.000000
pbc   :       True       True       True
Sites (4)
  #  SP       a         b         c
---  ----  ----  --------  --------
  0  Sn    0.25  0.09972   0.055716
  1  Sn    0.75  0.59972   0.172858
  2  Se    0.75  0.514384  0.06622
  3  Se    0.25  0.014384  0.162354",JVASP-5929,,,,,mp-691,,Sn2 Se2
10.019,10.0189,2.8174,83.778,"Full Formula (V1 Se2)
Reduced Formula: VSe2
abc   :   3.350325   3.350325  30.000427
angles:  90.000000  90.000000 119.999997
pbc   :       True       True       True
Sites (3)
  #  SP           a         b         c  velocities
---  ----  --------  --------  --------  ---------------
  0  V     0         0         0.155563  [0.0, 0.0, 0.0]
  1  Se    0.666667  0.333333  0.103092  [0.0, 0.0, 0.0]
  2  Se    0.333333  0.666667  0.208034  [0.0, 0.0, 0.0]",-0.626,"Full Formula (V1 Se2)
Reduced Formula: VSe2
abc   :   3.353806   3.353806  30.000427
angles:  90.000000  90.000000 119.999997
pbc   :       True       True       True
Sites (3)
  #  SP           a         b         c
---  ----  --------  --------  --------
  0  V     0         0         0.155563
  1  Se    0.666667  0.333333  0.103045
  2  Se    0.333333  0.666667  0.208081",JVASP-680,,,,,mp-694,0.0512,V1 Se2
2.6087,2.3833,2.1733,66.62808333,"Full Formula (Sc2 P2 S8)
Reduced Formula: ScPS4
abc   :   6.213328   6.463137  27.517917
angles:  89.262565  89.704454  81.530660
pbc   :       True       True       True
Sites (12)
  #  SP           a         b         c  velocities
---  ----  --------  --------  --------  ---------------
  0  Sc    0.714565  0.299392  0.143064  [0.0, 0.0, 0.0]
  1  Sc    0.305185  0.896916  0.112291  [0.0, 0.0, 0.0]
  2  P     0.201887  0.345805  0.174752  [0.0, 0.0, 0.0]
  3  P     0.817862  0.850504  0.080602  [0.0, 0.0, 0.0]
  4  S     0.913551  0.887141  0.151527  [0.0, 0.0, 0.0]
  5  S     0.394915  0.578559  0.180448  [0.0, 0.0, 0.0]
  6  S     0.431821  0.087722  0.19057   [0.0, 0.0, 0.0]
  7  S     0.933751  0.378919  0.217193  [0.0, 0.0, 0.0]
  8  S     0.085999  0.81739   0.038161  [0.0, 0.0, 0.0]
  9  S     0.58793   0.108587  0.064784  [0.0, 0.0, 0.0]
 10  S     0.624835  0.617749  0.074906  [0.0, 0.0, 0.0]
 11  S     0.106199  0.309167  0.103827  [0.0, 0.0, 0.0]",-0.941,"Full Formula (Sc2 P2 S8)
Reduced Formula: ScPS4
abc   :   6.267451   6.573249  27.518009
angles:  89.248188  89.693346  80.914680
pbc   :       True       True       True
Sites (12)
  #  SP           a         b         c
---  ----  --------  --------  --------
  0  Sc    0.714901  0.295779  0.143249
  1  Sc    0.304849  0.900529  0.112106
  2  P     0.200098  0.341951  0.17363
  3  P     0.819651  0.854358  0.081724
  4  S     0.915682  0.892632  0.152213
  5  S     0.390604  0.569556  0.178617
  6  S     0.429153  0.087663  0.190344
  7  S     0.934613  0.379606  0.216339
  8  S     0.085137  0.816703  0.039015
  9  S     0.590598  0.108646  0.06501
 10  S     0.629146  0.626752  0.076737
 11  S     0.104068  0.303676  0.103141",JVASP-6325,,,,,mp-6999,1.5861,Sc2 P2 S8
4.2953,4.2953,2.5921,74.439,"Full Formula (Ga1 Ag1 P2 Se6)
Reduced Formula: GaAg(PSe3)2
abc   :   6.428745   6.428745  23.467184
angles:  90.000000  90.000000 119.999993
pbc   :       True       True       True
Sites (10)
  #  SP           a         b          c  velocities
---  ----  --------  --------  ---------  ---------------
  0  Ag    0.333334  0.666666   0.073873  [0.0, 0.0, 0.0]
  1  Ga    0         0          0.073873  [0.0, 0.0, 0.0]
  2  P     0.666666  0.333334   0.122213  [0.0, 0.0, 0.0]
  3  P     0.666666  0.333334   0.025533  [0.0, 0.0, 0.0]
  4  Se    0.697796  0.016174   0.147802  [0.0, 0.0, 0.0]
  5  Se    0.983826  0.302204  -5.6e-05   [0.0, 0.0, 0.0]
  6  Se    0.983826  0.681621   0.147802  [0.0, 0.0, 0.0]
  7  Se    0.318379  0.016174  -5.6e-05   [0.0, 0.0, 0.0]
  8  Se    0.697796  0.681621  -5.6e-05   [0.0, 0.0, 0.0]
  9  Se    0.318379  0.302204   0.147802  [0.0, 0.0, 0.0]",-0.109,"Full Formula (Ga1 Ag1 P2 Se6)
Reduced Formula: GaAg(PSe3)2
abc   :   6.457501   6.457501  23.467184
angles:  90.000000  90.000000 119.999993
pbc   :       True       True       True
Sites (10)
  #  SP           a         b         c
---  ----  --------  --------  --------
  0  Ag    0.333334  0.666666  0.073873
  1  Ga    0         0         0.073873
  2  P     0.666666  0.333334  0.122046
  3  P     0.666666  0.333334  0.0257
  4  Se    0.70067   0.019618  0.147746
  5  Se    0.980382  0.29933   0
  6  Se    0.980382  0.681052  0.147746
  7  Se    0.318948  0.019618  0
  8  Se    0.70067   0.681052  0
  9  Se    0.318948  0.29933   0.147746",JVASP-60543,,,,,mp-7008,0.9034,Ag1 Ga1 P2 Se6
5.4761,5.4761,3.1691,124.91825,"Full Formula (Tl2 Pd4 Se6)
Reduced Formula: TlPd2Se3
abc   :   7.338316   7.338316  26.033710
angles:  90.000000  90.000000 120.000001
pbc   :       True       True       True
Sites (12)
  #  SP           a         b         c  velocities
---  ----  --------  --------  --------  ---------------
  0  Tl    0.299098  0.796304  0.19819   [0.0, 0.0, 0.0]
  1  Tl    0.965764  0.129638  0.033576  [0.0, 0.0, 0.0]
  2  Pd    0.632431  0.462971  0.115883  [0.0, 0.0, 0.0]
  3  Pd    0.132431  0.462971  0.115883  [0.0, 0.0, 0.0]
  4  Pd    0.632431  0.962971  0.115883  [0.0, 0.0, 0.0]
  5  Pd    0.132431  0.962971  0.115883  [0.0, 0.0, 0.0]
  6  Se    0.801286  0.800683  0.167057  [0.0, 0.0, 0.0]
  7  Se    0.801286  0.294115  0.167057  [0.0, 0.0, 0.0]
  8  Se    0.294718  0.294115  0.167057  [0.0, 0.0, 0.0]
  9  Se    0.463575  0.631827  0.064708  [0.0, 0.0, 0.0]
 10  Se    0.970143  0.631827  0.064708  [0.0, 0.0, 0.0]
 11  Se    0.463575  0.125259  0.064708  [0.0, 0.0, 0.0]",-0.259,"Full Formula (Tl2 Pd4 Se6)
Reduced Formula: TlPd2Se3
abc   :   7.524364   7.524364  26.033710
angles:  90.000000  90.000000 120.000000
pbc   :       True       True       True
Sites (12)
  #  SP           a         b         c
---  ----  --------  --------  --------
  0  Tl    0.299098  0.796304  0.198421
  1  Tl    0.965764  0.129638  0.033345
  2  Pd    0.632431  0.462971  0.115883
  3  Pd    0.132431  0.462971  0.115883
  4  Pd    0.632431  0.962971  0.115883
  5  Pd    0.132431  0.962971  0.115883
  6  Se    0.802221  0.802553  0.164416
  7  Se    0.802221  0.29318   0.164416
  8  Se    0.292848  0.29318   0.164416
  9  Se    0.46264   0.632762  0.067349
 10  Se    0.972013  0.632762  0.067349
 11  Se    0.46264   0.123389  0.067349",JVASP-6427,,,,,mp-7038,1.1351,Tl2 Pd4 Se6
3.9604,3.9604,2.1246,57.78266667,"Full Formula (Ni1 O2)
Reduced Formula: NiO2
abc   :   2.820670   2.820670  24.654817
angles:  90.000000  90.000000 119.999999
pbc   :       True       True       True
Sites (3)
  #  SP           a         b         c  velocities
---  ----  --------  --------  --------  ---------------
  0  Ni    0.30696   0.956761  0.0944    [0.0, 0.0, 0.0]
  1  O     0.973627  0.290094  0.132671  [0.0, 0.0, 0.0]
  2  O     0.640293  0.623428  0.056128  [0.0, 0.0, 0.0]",-0.761,"Full Formula (Ni1 O2)
Reduced Formula: NiO2
abc   :   2.808914   2.808914  24.654817
angles:  90.000000  90.000000 120.000000
pbc   :       True       True       True
Sites (3)
  #  SP           a         b         c
---  ----  --------  --------  --------
  0  Ni    0.30696   0.956761  0.0944
  1  O     0.973627  0.290094  0.133178
  2  O     0.640293  0.623428  0.055621",JVASP-5935,,,,,mp-715324,1.2526,Ni1 O2
,,,86.24066667,"Full Formula (P4 S5)
Reduced Formula: P4S5
abc   :   6.305031   6.540100  25.257145
angles:  90.000000  90.000000 114.772720
pbc   :       True       True       True
Sites (9)
  #  SP           a         b         c  velocities
---  ----  --------  --------  --------  ---------------
  0  P     0.580111  0.133604  0.07469   [0.0, 0.0, 0.0]
  1  P     0.721982  0.663226  0.121324  [0.0, 0.0, 0.0]
  2  P     0.123081  0.230846  0.121324  [0.0, 0.0, 0.0]
  3  P     0.580111  0.133604  0.167958  [0.0, 0.0, 0.0]
  4  S     0.228667  0.080242  0.057583  [0.0, 0.0, 0.0]
  5  S     0.784037  0.480933  0.05759   [0.0, 0.0, 0.0]
  6  S     0.35497   0.583921  0.121324  [0.0, 0.0, 0.0]
  7  S     0.784037  0.480933  0.185057  [0.0, 0.0, 0.0]
  8  S     0.228667  0.080242  0.185064  [0.0, 0.0, 0.0]",-0.092,"Full Formula (P4 S5)
Reduced Formula: P4S5
abc   :   6.792241   7.163033  25.257145
angles:  90.000000  90.000000 117.176280
pbc   :       True       True       True
Sites (9)
  #  SP           a         b         c
---  ----  --------  --------  --------
  0  P     0.572041  0.153286  0.075041
  1  P     0.710973  0.641219  0.121324
  2  P     0.14438   0.228117  0.121324
  3  P     0.572041  0.153286  0.167607
  4  S     0.241142  0.090933  0.058122
  5  S     0.769247  0.476049  0.058126
  6  S     0.36545   0.557678  0.121324
  7  S     0.769247  0.476049  0.184521
  8  S     0.241142  0.090933  0.184525",JVASP-7027,,,,,mp-7260,,P4 S5
4.4787,4.4636,2.581,79.81466667,"Full Formula (P4 Pd4 S4)
Reduced Formula: PPdS
abc   :   5.698655   5.737441  28.879931
angles:  90.000000  90.000000  90.000000
pbc   :       True       True       True
Sites (12)
  #  SP           a         b         c  velocities
---  ----  --------  --------  --------  ---------------
  0  P     0.935121  0.57853   0.295963  [0.0, 0.0, 0.0]
  1  P     0.67121   0.07853   0.295963  [0.0, 0.0, 0.0]
  2  P     0.935121  0.514609  0.219271  [0.0, 0.0, 0.0]
  3  P     0.67121   0.014609  0.219271  [0.0, 0.0, 0.0]
  4  Pd    0.553287  0.457798  0.309861  [0.0, 0.0, 0.0]
  5  Pd    0.053045  0.957798  0.309861  [0.0, 0.0, 0.0]
  6  Pd    0.553287  0.63534   0.205373  [0.0, 0.0, 0.0]
  7  Pd    0.053045  0.13534   0.205373  [0.0, 0.0, 0.0]
  8  S     0.166029  0.343355  0.330341  [0.0, 0.0, 0.0]
  9  S     0.440302  0.843355  0.330341  [0.0, 0.0, 0.0]
 10  S     0.440302  0.249783  0.184893  [0.0, 0.0, 0.0]
 11  S     0.166029  0.749783  0.184893  [0.0, 0.0, 0.0]",-0.365,"Full Formula (P4 Pd4 S4)
Reduced Formula: PPdS
abc   :   5.709150   5.738197  28.879931
angles:  90.000000  90.000000  90.000000
pbc   :       True       True       True
Sites (12)
  #  SP           a         b         c
---  ----  --------  --------  --------
  0  P     0.934476  0.577092  0.295877
  1  P     0.671855  0.077092  0.295877
  2  P     0.934476  0.516047  0.219357
  3  P     0.671855  0.016047  0.219357
  4  Pd    0.553913  0.456286  0.310126
  5  Pd    0.052419  0.956286  0.310126
  6  Pd    0.553913  0.636852  0.205108
  7  Pd    0.052419  0.136852  0.205108
  8  S     0.165617  0.342776  0.329991
  9  S     0.440714  0.842776  0.329991
 10  S     0.440714  0.250362  0.185243
 11  S     0.165617  0.750362  0.185243",JVASP-6331,,,,,mp-7280,1.2421,P4 Pd4 S4
22.5458,22.5548,7.6101,57.274125,"Full Formula (Nd2 Te6)
Reduced Formula: NdTe3
abc   :   4.401446   4.401579  32.522411
angles:  90.000000  90.000000  90.000000
pbc   :       True       True       True
Sites (8)
  #  SP       a     b         c  velocities
---  ----  ----  ----  --------  ---------------
  0  Nd     0.5  0.25  0.569174  [0.0, 0.0, 0.0]
  1  Nd     0    0.75  0.700216  [0.0, 0.0, 0.0]
  2  Te     0.5  0.25  0.670939  [0.0, 0.0, 0.0]
  3  Te    -0    0.25  0.779275  [0.0, 0.0, 0.0]
  4  Te    -0    0.25  0.490127  [0.0, 0.0, 0.0]
  5  Te     0.5  0.75  0.779263  [0.0, 0.0, 0.0]
  6  Te    -0    0.75  0.598451  [0.0, 0.0, 0.0]
  7  Te     0.5  0.75  0.490115  [0.0, 0.0, 0.0]",-0.963,"Full Formula (Nd2 Te6)
Reduced Formula: NdTe3
abc   :   4.390427   4.395278  32.522411
angles:  90.000000  90.000000  90.000000
pbc   :       True       True       True
Sites (8)
  #  SP      a     b         c
---  ----  ---  ----  --------
  0  Nd    0.5  0.25  0.568741
  1  Nd    0    0.75  0.700649
  2  Te    0.5  0.25  0.67085
  3  Te    0    0.25  0.779792
  4  Te    0    0.25  0.489579
  5  Te    0.5  0.75  0.779811
  6  Te    0    0.75  0.59854
  7  Te    0.5  0.75  0.489598",JVASP-6121,,,,,mp-740,0.013,Nd2 Te6
9.7299,7.5676,2.9638,86.8705,"Full Formula (Te4 Mo2)
Reduced Formula: Te2Mo
abc   :   6.359417   3.477333  35.540312
angles:  90.000000  91.043297  90.000000
pbc   :       True       True       True
Sites (6)
  #  SP           a     b         c  velocities
---  ----  --------  ----  --------  ---------------
  0  Te    0.544554  0.25  0.160198  [0.0, 0.0, 0.0]
  1  Te    0.398173  0.75  0.276968  [0.0, 0.0, 0.0]
  2  Te    0.038467  0.75  0.176511  [0.0, 0.0, 0.0]
  3  Te    0.90426   0.25  0.260655  [0.0, 0.0, 0.0]
  4  Mo    0.290916  0.25  0.221285  [0.0, 0.0, 0.0]
  5  Mo    0.651811  0.75  0.21588   [0.0, 0.0, 0.0]",-0.142,"Full Formula (Te4 Mo2)
Reduced Formula: Te2Mo
abc   :   6.366192   3.486878  35.540324
angles:  90.000000  91.044408  90.000000
pbc   :       True       True       True
Sites (6)
  #  SP           a     b         c
---  ----  --------  ----  --------
  0  Te    0.542987  0.25  0.160321
  1  Te    0.39974   0.75  0.276845
  2  Te    0.038369  0.75  0.177163
  3  Te    0.904358  0.25  0.260003
  4  Mo    0.290663  0.25  0.221428
  5  Mo    0.652064  0.75  0.215737",JVASP-673,,,,,mp-7459,0.0045,Te4 Mo2
,,,107.7133333,"Full Formula (Cr1 S2)
Reduced Formula: CrS2
abc   :   3.298010   3.297911  30.019728
angles:  89.994788  90.000000 120.000995
pbc   :       True       True       True
Sites (3)
  #  SP           a         b         c  velocities
---  ----  --------  --------  --------  ---------------
  0  Cr    1.7e-05   9.6e-05   0.133684  [0.0, 0.0, 0.0]
  1  S     0.33333   0.666729  0.179532  [0.0, 0.0, 0.0]
  2  S     0.666697  0.333463  0.087836  [0.0, 0.0, 0.0]",-0.536,"Full Formula (Cr1 S2)
Reduced Formula: CrS2
abc   :   3.318604   3.316920  30.019728
angles:  89.994808  90.000000 120.016793
pbc   :       True       True       True
Sites (3)
  #  SP           a         b         c
---  ----  --------  --------  --------
  0  Cr    1.00004   9.6e-05   0.133684
  1  S     0.333407  0.666905  0.179273
  2  S     0.666598  0.333287  0.088095",JVASP-726,,,,,mp-755263,,Cr1 S2
5.5816,5.5816,3.2827,79.55033333,"Full Formula (Mo1 Se2)
Reduced Formula: MoSe2
abc   :   3.323432   3.323432  23.345615
angles:  90.000000  90.000000 120.000031
pbc   :       True       True       True
Sites (3)
  #  SP           a         b          c  velocities
---  ----  --------  --------  ---------  ---------------
  0  Mo    0.666666  0.333334   0.071652  [0.0, 0.0, 0.0]
  1  Se    0.333334  0.666666   0.143327  [0.0, 0.0, 0.0]
  2  Se    0.333334  0.666666  -1.9e-05   [0.0, 0.0, 0.0]",-0.591,"Full Formula (Mo1 Se2)
Reduced Formula: MoSe2
abc   :   3.327788   3.327788  23.345615
angles:  90.000000  90.000000 120.000031
pbc   :       True       True       True
Sites (3)
  #  SP           a         b         c
---  ----  --------  --------  --------
  0  Mo    0.666666  0.333334  0.071652
  1  Se    0.333334  0.666666  0.143308
  2  Se    0.333334  0.666666  0",JVASP-60566,,,,,mp-7581,1.4464,Mo1 Se2
4.6316,4.6316,3.5822,94.055,"Full Formula (Nb1 Se2)
Reduced Formula: NbSe2
abc   :   3.486558   3.486558  23.370003
angles:  90.000000  90.000000 119.999986
pbc   :       True       True       True
Sites (3)
  #  SP           a         b         c  velocities
---  ----  --------  --------  --------  ---------------
  0  Nb    0.666666  0.333334  0.072114  [0.0, 0.0, 0.0]
  1  Se    0.333334  0.666666  0.144182  [0.0, 0.0, 0.0]
  2  Se    0.333334  0.666666  4.6e-05   [0.0, 0.0, 0.0]",-0.764,"Full Formula (Nb1 Se2)
Reduced Formula: NbSe2
abc   :   3.491453   3.491453  23.370003
angles:  90.000000  90.000000 119.999986
pbc   :       True       True       True
Sites (3)
  #  SP           a         b         c
---  ----  --------  --------  --------
  0  Nb    0.666666  0.333334  0.072141
  1  Se    0.333334  0.666666  0.144202
  2  Se    0.333334  0.666666  0",JVASP-60567,,,,,mp-7597,0.0579,Nb1 Se2
3.6128,3.6128,2.3109,95.4935,"Full Formula (Pt1 S2)
Reduced Formula: PtS2
abc   :   3.556002   3.556002  30.250867
angles:  90.000000  90.000000 120.000000
pbc   :       True       True       True
Sites (3)
  #  SP           a         b         c  velocities
---  ----  --------  --------  --------  ---------------
  0  Pt    0         0         0.137756  [0.0, 0.0, 0.0]
  1  S     0.666667  0.333333  0.179185  [0.0, 0.0, 0.0]
  2  S     0.333333  0.666667  0.096327  [0.0, 0.0, 0.0]",-0.32,"Full Formula (Pt1 S2)
Reduced Formula: PtS2
abc   :   3.580074   3.580074  30.250867
angles:  90.000000  90.000000 119.999999
pbc   :       True       True       True
Sites (3)
  #  SP           a         b         c
---  ----  --------  --------  --------
  0  Pt    0         0         0.137756
  1  S     0.666667  0.333333  0.178364
  2  S     0.333333  0.666667  0.097148",JVASP-741,,,,,mp-762,1.2587,Pt1 S2
31.8216,31.8216,4.7603,49.9684,"Full Formula (Ta2 C1 S2)
Reduced Formula: Ta2CS2
abc   :   3.291912   3.291912  28.865106
angles:  90.000000  90.000000 119.999993
pbc   :       True       True       True
Sites (5)
  #  SP           a         b         c  velocities
---  ----  --------  --------  --------  ---------------
  0  Ta    0.333333  0.666667  0.292193  [0.0, 0.0, 0.0]
  1  Ta    0         0         0.374474  [0.0, 0.0, 0.0]
  2  C     0.666667  0.333333  0.333333  [0.0, 0.0, 0.0]
  3  S     0         0         0.235968  [0.0, 0.0, 0.0]
  4  S     0.333333  0.666667  0.430699  [0.0, 0.0, 0.0]",-0.961,"Full Formula (Ta2 C1 S2)
Reduced Formula: Ta2CS2
abc   :   3.286697   3.286697  28.865106
angles:  90.000000  90.000000 119.999993
pbc   :       True       True       True
Sites (5)
  #  SP           a         b         c
---  ----  --------  --------  --------
  0  Ta    0.333333  0.666667  0.292332
  1  Ta    0         0         0.374335
  2  C     0.666667  0.333333  0.333333
  3  S     0         0         0.235838
  4  S     0.333333  0.666667  0.430829",JVASP-6334,,,,,mp-7814,0.0389,Ta2 C1 S2
10.3296,10.3296,3.2869,202.3921667,"Full Formula (Te2 Pd1)
Reduced Formula: Te2Pd
abc   :   3.980716   3.980716  30.170725
angles:  90.000000  90.000000 119.999999
pbc   :       True       True       True
Sites (3)
  #  SP           a         b         c  velocities
---  ----  --------  --------  --------  ---------------
  0  Te    0.333333  0.666667  0.066869  [0.0, 0.0, 0.0]
  1  Te    0.666667  0.333333  0.161641  [0.0, 0.0, 0.0]
  2  Pd    0         0         0.114255  [0.0, 0.0, 0.0]",-0.11,"Full Formula (Te2 Pd1)
Reduced Formula: Te2Pd
abc   :   4.116332   4.116332  30.170725
angles:  90.000000  90.000000 119.999999
pbc   :       True       True       True
Sites (3)
  #  SP           a         b         c
---  ----  --------  --------  --------
  0  Te    0.333333  0.666667  0.069187
  1  Te    0.666667  0.333333  0.159323
  2  Pd    0         0         0.114255",JVASP-735,,,,,mp-782,0.0338,Te2 Pd1
7.9236,7.9236,2.97,199.7195,"Full Formula (Zr2 S2)
Reduced Formula: ZrS
abc   :   3.548845   3.548845  35.655337
angles:  90.000000  90.000000  90.000000
pbc   :       True       True       True
Sites (4)
  #  SP      a    b         c  velocities
---  ----  ---  ---  --------  ---------------
  0  Zr    0    0.5  0.052298  [0.0, 0.0, 0.0]
  1  Zr    0.5  0    0.106313  [0.0, 0.0, 0.0]
  2  S     0    0.5  0.12777   [0.0, 0.0, 0.0]
  3  S     0.5  0    0.030841  [0.0, 0.0, 0.0]",-1.39,"Full Formula (Zr2 S2)
Reduced Formula: ZrS
abc   :   3.583874   3.583874  35.655337
angles:  90.000000  90.000000  90.000000
pbc   :       True       True       True
Sites (4)
  #  SP      a    b         c
---  ----  ---  ---  --------
  0  Zr    0    0.5  0.050447
  1  Zr    0.5  0    0.108164
  2  S     0    0.5  0.128297
  3  S     0.5  0    0.030314",JVASP-786,,,,,mp-7859,0.0087,Zr2 S2
2.2984,2.2984,1.5444,79.79266667,"Full Formula (Pt1 O2)
Reduced Formula: PtO2
abc   :   3.148700   3.148699  30.435837
angles:  90.000000  90.000000 119.999993
pbc   :       True       True       True
Sites (3)
  #  SP           a          b         c  velocities
---  ----  --------  ---------  --------  ---------------
  0  Pt    0.666667   0.333333  0.155013  [0.0, 0.0, 0.0]
  1  O     0.333333   0.666667  0.123886  [0.0, 0.0, 0.0]
  2  O     0         -0         0.186138  [0.0, 0.0, 0.0]",-0.5,"Full Formula (Pt1 O2)
Reduced Formula: PtO2
abc   :   3.164069   3.164069  30.435837
angles:  90.000000  90.000000 119.999993
pbc   :       True       True       True
Sites (3)
  #  SP           a         b         c
---  ----  --------  --------  --------
  0  Pt    0.666667  0.333333  0.155013
  1  O     0.333333  0.666667  0.123866
  2  O     0         0         0.186158",JVASP-5874,,,,,mp-7868,1.788,Pt1 O2
3.3558,3.3558,2.9224,90.69241667,"Full Formula (Ta1 Se2)
Reduced Formula: TaSe2
abc   :   3.473021   3.473021  28.521580
angles:  90.000000  90.000000 119.999999
pbc   :       True       True       True
Sites (3)
  #  SP           a         b         c  velocities
---  ----  --------  --------  --------  ---------------
  0  Ta    0.333333  0.666667  0.126074  [0.0, 0.0, 0.0]
  1  Se    0.666667  0.333333  0.067283  [0.0, 0.0, 0.0]
  2  Se    0.666667  0.333333  0.18486   [0.0, 0.0, 0.0]",-0.73,"Full Formula (Ta1 Se2)
Reduced Formula: TaSe2
abc   :   3.474884   3.474884  28.521580
angles:  90.000000  90.000000 119.999999
pbc   :       True       True       True
Sites (3)
  #  SP           a         b         c
---  ----  --------  --------  --------
  0  Ta    0.333333  0.666667  0.126065
  1  Se    0.666667  0.333333  0.067224
  2  Se    0.666667  0.333333  0.184929",JVASP-5980,,,,,mp-7926,0.1705,Ta1 Se2
1.6183,1.6183,1.2833,58.9045,"Full Formula (B1 N1)
Reduced Formula: BN
abc   :   2.510427   2.510427  20.000000
angles:  90.000000  90.000000 119.999999
pbc   :       True       True       True
Sites (2)
  #  SP           a          b    c  velocities
---  ----  --------  ---------  ---  ---------------
  0  B     0.666666   0.333334    0  [0.0, 0.0, 0.0]
  1  N     0         -0           0  [0.0, 0.0, 0.0]",-1.314,"Full Formula (B1 N1)
Reduced Formula: BN
abc   :   2.511976   2.511976  20.000000
angles:  90.000000  90.000000 119.999999
pbc   :       True       True       True
Sites (2)
  #  SP           a         b    c
---  ----  --------  --------  ---
  0  B     0.666666  0.333334    0
  1  N     0         0           0",JVASP-60594,5.9168,1.4819,1.4817,1.2556,mp-7991,4.4818,B1 N1
1.8117,1.8117,1.3514,499.82545,"Full Formula (Ga1 N1)
Reduced Formula: GaN
abc   :   3.210599   3.210599  21.239962
angles:  90.000000  90.000000 119.999999
pbc   :       True       True       True
Sites (2)
  #  SP           a         b         c  velocities
---  ----  --------  --------  --------  ---------------
  0  Ga    0.666667  0.333333  0.015408  [0.0, 0.0, 0.0]
  1  N     0.333333  0.666667  0.01543   [0.0, 0.0, 0.0]",-0.072,"Full Formula (Ga1 N1)
Reduced Formula: GaN
abc   :   3.216290   3.216290  21.239962
angles:  90.000000  90.000000 119.999999
pbc   :       True       True       True
Sites (2)
  #  SP           a         b         c
---  ----  --------  --------  --------
  0  Ga    0.666667  0.333333  0.000217
  1  N     0.333333  0.666667  0.030621",JVASP-6517,,,,,mp-804,2.2686,Ga1 N1
2.8793,2.8793,2.2677,69.55805,"Full Formula (Sc1 Ag1 P2 S6)
Reduced Formula: ScAg(PS3)2
abc   :   6.186512   6.186512  24.578943
angles:  90.000000  90.000000 120.000003
pbc   :       True       True       True
Sites (10)
  #  SP           a         b         c  velocities
---  ----  --------  --------  --------  ---------------
  0  Sc    0         0         0.148287  [0.0, 0.0, 0.0]
  1  Ag    0.333333  0.666667  0.148287  [0.0, 0.0, 0.0]
  2  P     0.666667  0.333333  0.102846  [0.0, 0.0, 0.0]
  3  P     0.666667  0.333333  0.193727  [0.0, 0.0, 0.0]
  4  S     0.336387  0.305201  0.079788  [0.0, 0.0, 0.0]
  5  S     0.694799  0.031186  0.079788  [0.0, 0.0, 0.0]
  6  S     0.968814  0.663613  0.079788  [0.0, 0.0, 0.0]
  7  S     0.968814  0.305201  0.216786  [0.0, 0.0, 0.0]
  8  S     0.694799  0.663613  0.216786  [0.0, 0.0, 0.0]
  9  S     0.336387  0.031186  0.216786  [0.0, 0.0, 0.0]",-0.649,"Full Formula (Sc1 Ag1 P2 S6)
Reduced Formula: ScAg(PS3)2
abc   :   6.222091   6.222091  24.578943
angles:  90.000000  90.000000 120.000003
pbc   :       True       True       True
Sites (10)
  #  SP           a         b         c
---  ----  --------  --------  --------
  0  Sc    0         0         0.148287
  1  Ag    0.333333  0.666667  0.148287
  2  P     0.666667  0.333333  0.103024
  3  P     0.666667  0.333333  0.193549
  4  S     0.33802   0.303836  0.079911
  5  S     0.696164  0.034184  0.079911
  6  S     0.965816  0.66198   0.079911
  7  S     0.965816  0.303836  0.216663
  8  S     0.696164  0.66198   0.216663
  9  S     0.33802   0.034184  0.216663",JVASP-6370,,,,,mp-8616,2.0123,Sc1 Ag1 P2 S6
,,,83.6815,"Full Formula (Ta2 Se4)
Reduced Formula: TaSe2
abc   :   3.473347   6.015767  27.460957
angles:  90.000000  90.000000  89.999564
pbc   :       True       True       True
Sites (6)
  #  SP           a         b         c  velocities
---  ----  --------  --------  --------  ---------------
  0  Ta    0.520337  0.801025  0.955191  [0.0, 0.0, 0.0]
  1  Ta    0.020336  0.301073  0.95519   [0.0, 0.0, 0.0]
  2  Se    0.020328  0.967723  0.016232  [0.0, 0.0, 0.0]
  3  Se    0.520327  0.467712  0.016237  [0.0, 0.0, 0.0]
  4  Se    0.520328  0.467704  0.894147  [0.0, 0.0, 0.0]
  5  Se    0.020329  0.96771   0.894153  [0.0, 0.0, 0.0]",-0.73,"Full Formula (Ta2 Se4)
Reduced Formula: TaSe2
abc   :   3.474241   6.020445  27.460957
angles:  90.000000  90.000000  90.000000
pbc   :       True       True       True
Sites (6)
  #  SP           a         b         c
---  ----  --------  --------  --------
  0  Ta    0.520331  -3.19897  -4.00839
  1  Ta    1.02033   -2.69897  -4.00839
  2  Se    1.02033   -3.03228  -3.9473
  3  Se    0.520331  -2.53228  -3.9473
  4  Se    0.520331  -2.53228  -3.17873
  5  Se    1.02033   -3.03228  -3.17873",JVASP-5926,,,,,mp-8954,,Ta2 Se4
5.7129,5.7129,3.0988,138.24275,"Full Formula (Tl2 Te6 Pt4)
Reduced Formula: TlTe3Pt2
abc   :   7.949037   7.949038  26.060653
angles:  90.000000  90.000000 120.000003
pbc   :       True       True       True
Sites (12)
  #  SP           a         b         c  velocities
---  ----  --------  --------  --------  ---------------
  0  Tl    0.925737  0.100337  0.18895   [0.0, 0.0, 0.0]
  1  Tl    0.259071  0.767003  0.04361   [0.0, 0.0, 0.0]
  2  Te    0.423426  0.602648  0.169617  [0.0, 0.0, 0.0]
  3  Te    0.423426  0.095715  0.169617  [0.0, 0.0, 0.0]
  4  Te    0.930359  0.602648  0.169617  [0.0, 0.0, 0.0]
  5  Te    0.254449  0.264692  0.062942  [0.0, 0.0, 0.0]
  6  Te    0.761382  0.264692  0.062942  [0.0, 0.0, 0.0]
  7  Te    0.761382  0.771625  0.062942  [0.0, 0.0, 0.0]
  8  Pt    0.592404  0.43367   0.11628   [0.0, 0.0, 0.0]
  9  Pt    0.592404  0.93367   0.11628   [0.0, 0.0, 0.0]
 10  Pt    0.092404  0.43367   0.11628   [0.0, 0.0, 0.0]
 11  Pt    0.092404  0.93367   0.11628   [0.0, 0.0, 0.0]",-0.267,"Full Formula (Tl2 Te6 Pt4)
Reduced Formula: TlTe3Pt2
abc   :   8.068627   8.068627  26.060653
angles:  90.000000  90.000000 120.000000
pbc   :       True       True       True
Sites (12)
  #  SP           a         b         c
---  ----  --------  --------  --------
  0  Tl    0.925737  0.100337  0.188622
  1  Tl    0.259071  0.767003  0.043938
  2  Te    0.422757  0.603317  0.167449
  3  Te    0.422757  0.094376  0.167449
  4  Te    0.931698  0.603317  0.167449
  5  Te    0.25311   0.264023  0.06511
  6  Te    0.762051  0.264023  0.06511
  7  Te    0.762051  0.772964  0.06511
  8  Pt    0.592404  0.43367   0.11628
  9  Pt    0.592404  0.93367   0.11628
 10  Pt    0.092404  0.43367   0.11628
 11  Pt    0.092404  0.93367   0.11628",JVASP-6376,,,,,mp-9251,1.1186,Tl2 Te6 Pt4
3.48,3.48,2.4617,106.0486667,"Full Formula (Tl2 Pt4 S6)
Reduced Formula: TlPt2S3
abc   :   7.109224   7.109224  30.210158
angles:  90.000000  90.000000 120.000000
pbc   :       True       True       True
Sites (12)
  #  SP           a         b         c  velocities
---  ----  --------  --------  --------  ---------------
  0  Tl    0.011901  0.163414  0.177165  [0.0, 0.0, 0.0]
  1  Tl    0.345236  0.83008   0.028401  [0.0, 0.0, 0.0]
  2  Pt    0.678568  0.496747  0.102783  [0.0, 0.0, 0.0]
  3  Pt    0.178569  0.996747  0.102783  [0.0, 0.0, 0.0]
  4  Pt    0.678568  0.996747  0.102783  [0.0, 0.0, 0.0]
  5  Pt    0.178568  0.496747  0.102783  [0.0, 0.0, 0.0]
  6  S     0.509384  0.158378  0.142852  [0.0, 0.0, 0.0]
  7  S     0.016936  0.665931  0.142852  [0.0, 0.0, 0.0]
  8  S     0.509385  0.665931  0.142852  [0.0, 0.0, 0.0]
  9  S     0.847752  0.327563  0.062714  [0.0, 0.0, 0.0]
 10  S     0.847752  0.835115  0.062714  [0.0, 0.0, 0.0]
 11  S     0.340201  0.327563  0.062714  [0.0, 0.0, 0.0]",-0.38,"Full Formula (Tl2 Pt4 S6)
Reduced Formula: TlPt2S3
abc   :   7.217838   7.217838  30.210158
angles:  90.000000  90.000000 120.000000
pbc   :       True       True       True
Sites (12)
  #  SP           a         b         c
---  ----  --------  --------  --------
  0  Tl    0.011901  0.163414  0.17906
  1  Tl    0.345236  0.83008   0.026506
  2  Pt    0.678568  0.496747  0.102783
  3  Pt    0.178569  0.996747  0.102783
  4  Pt    0.678568  0.996747  0.102783
  5  Pt    0.178568  0.496747  0.102783
  6  S     0.508392  0.156394  0.141071
  7  S     0.01892   0.666923  0.141071
  8  S     0.508393  0.666923  0.141071
  9  S     0.848744  0.326571  0.064495
 10  S     0.848744  0.837099  0.064495
 11  S     0.338217  0.326571  0.064495",JVASP-6358,,,,,mp-9272,1.6483,Tl2 Pt4 S6
,,,69.1038,"Full Formula (Cd2 P2 S6)
Reduced Formula: CdPS3
abc   :   6.258994   6.258995  27.037924
angles:  90.000000  90.000000 120.000002
pbc   :       True       True       True
Sites (10)
  #  SP           a         b         c  velocities
---  ----  --------  --------  --------  ---------------
  0  Cd    0         0         0.270912  [0.0, 0.0, 0.0]
  1  Cd    0.333333  0.666667  0.272471  [0.0, 0.0, 0.0]
  2  P     0.666667  0.333333  0.229743  [0.0, 0.0, 0.0]
  3  P     0.666667  0.333333  0.31364   [0.0, 0.0, 0.0]
  4  S     0.354418  0.019062  0.208372  [0.0, 0.0, 0.0]
  5  S     0.668689  0.021085  0.33501   [0.0, 0.0, 0.0]
  6  S     0.352395  0.331311  0.33501   [0.0, 0.0, 0.0]
  7  S     0.980938  0.335356  0.208372  [0.0, 0.0, 0.0]
  8  S     0.664644  0.645582  0.208372  [0.0, 0.0, 0.0]
  9  S     0.978915  0.647605  0.33501   [0.0, 0.0, 0.0]",-0.383,"Full Formula (Cd2 P2 S6)
Reduced Formula: CdPS3
abc   :   6.298795   6.298796  27.037924
angles:  90.000000  90.000000 120.000002
pbc   :       True       True       True
Sites (10)
  #  SP           a         b         c
---  ----  --------  --------  --------
  0  Cd    0         0         0.271107
  1  Cd    0.333333  0.666667  0.272276
  2  P     0.666667  0.333333  0.230032
  3  P     0.666667  0.333333  0.313351
  4  S     0.356442  0.02178   0.208688
  5  S     0.667995  0.023109  0.334694
  6  S     0.355113  0.332005  0.334694
  7  S     0.97822   0.334662  0.208688
  8  S     0.665338  0.643558  0.208688
  9  S     0.976891  0.644887  0.334694",JVASP-7048,,,,,mp-9330,,Cd2 P2 S6
,,,57.237,"Full Formula (Sm2 Te6)
Reduced Formula: SmTe3
abc   :   4.377391   4.377423  30.273579
angles:  90.000000  90.000000  90.000000
pbc   :       True       True       True
Sites (8)
  #  SP      a     b         c  velocities
---  ----  ---  ----  --------  ---------------
  0  Sm    0    0.25  0.155889  [0.0, 0.0, 0.0]
  1  Sm    0.5  0.75  0.294563  [0.0, 0.0, 0.0]
  2  Te    0.5  0.25  0.071981  [0.0, 0.0, 0.0]
  3  Te    0    0.75  0.071988  [0.0, 0.0, 0.0]
  4  Te    0.5  0.75  0.186862  [0.0, 0.0, 0.0]
  5  Te    0    0.25  0.26359   [0.0, 0.0, 0.0]
  6  Te    0.5  0.25  0.378464  [0.0, 0.0, 0.0]
  7  Te    0    0.75  0.378471  [0.0, 0.0, 0.0]",-0.939,"Full Formula (Sm2 Te6)
Reduced Formula: SmTe3
abc   :   4.371782   4.372602  30.273579
angles:  90.000000  90.000000  90.000000
pbc   :       True       True       True
Sites (8)
  #  SP      a     b         c
---  ----  ---  ----  --------
  0  Sm    0    0.25  0.155308
  1  Sm    0.5  0.75  0.295144
  2  Te    0.5  0.25  0.071189
  3  Te    0    0.75  0.071212
  4  Te    0.5  0.75  0.186918
  5  Te    0    0.25  0.263534
  6  Te    0.5  0.25  0.37924
  7  Te    0    0.75  0.379263",JVASP-6415,,,,,mp-9399,,Sm2 Te6
31.667,18.779,9.151,69.040375,"Full Formula (U2 Se6)
Reduced Formula: USe3
abc   :   5.664488   4.001914  30.138857
angles:  90.000000  92.507007  90.000000
pbc   :       True       True       True
Sites (8)
  #  SP           a         b         c  velocities
---  ----  --------  --------  --------  ---------------
  0  U     0.573651  0.013635  0.237854  [0.0, 0.0, 0.0]
  1  U     0.051301  0.513635  0.142083  [0.0, 0.0, 0.0]
  2  Se    0.067414  0.013635  0.211055  [0.0, 0.0, 0.0]
  3  Se    0.374516  0.513635  0.29529   [0.0, 0.0, 0.0]
  4  Se    0.79973   0.513635  0.295251  [0.0, 0.0, 0.0]
  5  Se    0.825222  0.013635  0.084687  [0.0, 0.0, 0.0]
  6  Se    0.250436  0.013635  0.084647  [0.0, 0.0, 0.0]
  7  Se    0.557538  0.513635  0.168882  [0.0, 0.0, 0.0]",-0.901,"Full Formula (U2 Se6)
Reduced Formula: USe3
abc   :   5.714253   4.034830  30.139365
angles:  90.000000  92.529004  90.000000
pbc   :       True       True       True
Sites (8)
  #  SP           a         b         c
---  ----  --------  --------  --------
  0  U     0.573341  0.013635  0.23675
  1  U     0.051611  0.513635  0.143187
  2  Se    0.067769  0.013635  0.21172
  3  Se    0.379962  0.513635  0.294607
  4  Se    0.795605  0.513635  0.294186
  5  Se    0.829347  0.013635  0.085752
  6  Se    0.24499   0.013635  0.08533
  7  Se    0.557183  0.513635  0.168217",JVASP-6130,,,,,mp-9429,0.0015,U2 Se6
3.1173,3.1173,3.2265,35.41928571,"Full Formula (Mg1 Al2 Se4)
Reduced Formula: Mg(AlSe2)2
abc   :   3.899602   3.899602  31.171244
angles:  90.000000  90.000000 120.000001
pbc   :       True       True       True
Sites (7)
  #  SP           a         b         c  velocities
---  ----  --------  --------  --------  ---------------
  0  Mg    0.666667  0.333333  0.440269  [0.0, 0.0, 0.0]
  1  Al    0         0         0.32014   [0.0, 0.0, 0.0]
  2  Al    0.333333  0.666667  0.560399  [0.0, 0.0, 0.0]
  3  Se    0         0         0.394125  [0.0, 0.0, 0.0]
  4  Se    0.666667  0.333333  0.594708  [0.0, 0.0, 0.0]
  5  Se    0.666667  0.333333  0.285831  [0.0, 0.0, 0.0]
  6  Se    0.333333  0.666667  0.486414  [0.0, 0.0, 0.0]",-1.013,"Full Formula (Mg1 Al2 Se4)
Reduced Formula: Mg(AlSe2)2
abc   :   3.922250   3.922250  31.171244
angles:  90.000000  90.000000 120.000001
pbc   :       True       True       True
Sites (7)
  #  SP           a         b         c
---  ----  --------  --------  --------
  0  Mg    0.666667  0.333333  0.440269
  1  Al    0         0         0.32002
  2  Al    0.333333  0.666667  0.560519
  3  Se    0         0         0.394142
  4  Se    0.666667  0.333333  0.594962
  5  Se    0.666667  0.333333  0.285577
  6  Se    0.333333  0.666667  0.486397",JVASP-7051,,,,,mp-9479,1.4105,Mg1 Al2 Se4
5.0469,4.833,3.1812,74.42458333,"Full Formula (Tc4 S8)
Reduced Formula: TcS2
abc   :   6.390913   6.494595  27.539926
angles:  66.703475  77.790922  61.124011
pbc   :       True       True       True
Sites (12)
  #  SP           a         b         c  velocities
---  ----  --------  --------  --------  ---------------
  0  Tc    0.511082  0.285848  0.137407  [0.0, 0.0, 0.0]
  1  Tc    0.061538  0.69105   0.134877  [0.0, 0.0, 0.0]
  2  Tc    0.938462  0.30895   0.138904  [0.0, 0.0, 0.0]
  3  Tc    0.488918  0.714152  0.136375  [0.0, 0.0, 0.0]
  4  S     0.323124  0.171213  0.089676  [0.0, 0.0, 0.0]
  5  S     0.858277  0.153755  0.08346   [0.0, 0.0, 0.0]
  6  S     0.361549  0.671581  0.068479  [0.0, 0.0, 0.0]
  7  S     0.82555   0.701291  0.075058  [0.0, 0.0, 0.0]
  8  S     0.17445   0.298709  0.198724  [0.0, 0.0, 0.0]
  9  S     0.638451  0.328419  0.205302  [0.0, 0.0, 0.0]
 10  S     0.141723  0.846245  0.190321  [0.0, 0.0, 0.0]
 11  S     0.676876  0.828787  0.184105  [0.0, 0.0, 0.0]",-0.631,"Full Formula (Tc4 S8)
Reduced Formula: TcS2
abc   :   6.408025   6.517243  27.539926
angles:  66.789184  77.824027  61.174587
pbc   :       True       True       True
Sites (12)
  #  SP           a         b         c
---  ----  --------  --------  --------
  0  Tc    0.511445  0.285454  0.137469
  1  Tc    0.061898  0.690587  0.134762
  2  Tc    0.938102  0.309413  0.139019
  3  Tc    0.488555  0.714546  0.136313
  4  S     0.322581  0.169967  0.090253
  5  S     0.859219  0.151586  0.083995
  6  S     0.362658  0.669355  0.068647
  7  S     0.824949  0.700922  0.075275
  8  S     0.175051  0.299078  0.198507
  9  S     0.637342  0.330645  0.205134
 10  S     0.140781  0.848414  0.189786
 11  S     0.677419  0.830033  0.183528",JVASP-6049,,,,,mp-9481,1.2587,Tc4 S8
11.2393,11.2393,2.8215,86.275,"Full Formula (V1 S2)
Reduced Formula: VS2
abc   :   3.195181   3.195181  26.537552
angles:  90.000000  90.000000 120.000004
pbc   :       True       True       True
Sites (3)
  #  SP           a         b         c  velocities
---  ----  --------  --------  --------  ---------------
  0  V     0.614336  0.181776  0.123175  [0.0, 0.0, 0.0]
  1  S     0.281003  0.515109  0.178423  [0.0, 0.0, 0.0]
  2  S     0.947669  0.848443  0.067928  [0.0, 0.0, 0.0]",-0.879,"Full Formula (V1 S2)
Reduced Formula: VS2
abc   :   3.193886   3.193886  26.537552
angles:  90.000000  90.000000 120.000008
pbc   :       True       True       True
Sites (3)
  #  SP           a         b         c
---  ----  --------  --------  --------
  0  V     0.614336  0.181776  0.123175
  1  S     0.281003  0.515109  0.178408
  2  S     0.947669  0.848443  0.067943",JVASP-5932,,,,,mp-9561,0.1274,V1 S2
,,,100.8523437,"Full Formula (Tl8 Sn2 S6)
Reduced Formula: Tl4SnS3
abc   :   8.011984   8.011984  26.511395
angles:  90.000000  90.000000  90.000000
pbc   :       True       True       True
Sites (16)
  #  SP           a         b         c  velocities
---  ----  --------  --------  --------  ---------------
  0  Tl    0.408609  0.89326   0.058776  [0.0, 0.0, 0.0]
  1  Tl    0.89326   0.091391  0.058776  [0.0, 0.0, 0.0]
  2  Tl    0.091391  0.60674   0.058776  [0.0, 0.0, 0.0]
  3  Tl    0.60674   0.408609  0.058776  [0.0, 0.0, 0.0]
  4  Tl    0.908609  0.10674   0.214906  [0.0, 0.0, 0.0]
  5  Tl    0.39326   0.908609  0.214906  [0.0, 0.0, 0.0]
  6  Tl    0.591391  0.39326   0.214906  [0.0, 0.0, 0.0]
  7  Tl    0.10674   0.591391  0.214906  [0.0, 0.0, 0.0]
  8  Sn    0.25      0.25      0.130319  [0.0, 0.0, 0.0]
  9  Sn    0.75      0.75      0.143364  [0.0, 0.0, 0.0]
 10  S     0.75      0.75      0.047752  [0.0, 0.0, 0.0]
 11  S     0.917148  0.417148  0.136841  [0.0, 0.0, 0.0]
 12  S     0.582852  0.082852  0.136841  [0.0, 0.0, 0.0]
 13  S     0.417148  0.582852  0.136841  [0.0, 0.0, 0.0]
 14  S     0.082852  0.917148  0.136841  [0.0, 0.0, 0.0]
 15  S     0.25      0.25      0.225931  [0.0, 0.0, 0.0]",-0.313,"Full Formula (Tl8 Sn2 S6)
Reduced Formula: Tl4SnS3
abc   :   8.144440   8.144440  26.511395
angles:  90.000000  90.000000  90.000000
pbc   :       True       True       True
Sites (16)
  #  SP           a         b         c
---  ----  --------  --------  --------
  0  Tl    0.409526  0.890335  0.059793
  1  Tl    0.890335  0.090474  0.059793
  2  Tl    0.090474  0.609665  0.059793
  3  Tl    0.609665  0.409526  0.059793
  4  Tl    0.909526  0.109665  0.213889
  5  Tl    0.390335  0.909526  0.213889
  6  Tl    0.590474  0.390335  0.213889
  7  Tl    0.109665  0.590474  0.213889
  8  Sn    0.25      0.25      0.131393
  9  Sn    0.75      0.75      0.14229
 10  S     0.75      0.75      0.046689
 11  S     0.920276  0.420276  0.136841
 12  S     0.579724  0.079724  0.136841
 13  S     0.420276  0.579724  0.136841
 14  S     0.079724  0.920276  0.136841
 15  S     0.25      0.25      0.226994",JVASP-6463,,,,,mp-9622,,Tl8 Sn2 S6
,,,58.414125,"Full Formula (Hf2 Se6)
Reduced Formula: HfSe3
abc   :   5.437528   3.733552  30.858608
angles:  90.000000  97.740018  90.000000
pbc   :       True       True       True
Sites (8)
  #  SP           a     b         c  velocities
---  ----  --------  ----  --------  ---------------
  0  Hf    0.213018  0.25  0.111414  [0.0, 0.0, 0.0]
  1  Hf    0.786982  0.75  0.208062  [0.0, 0.0, 0.0]
  2  Se    0.952534  0.75  0.058606  [0.0, 0.0, 0.0]
  3  Se    0.393115  0.75  0.058672  [0.0, 0.0, 0.0]
  4  Se    0.737497  0.25  0.143357  [0.0, 0.0, 0.0]
  5  Se    0.262503  0.75  0.176119  [0.0, 0.0, 0.0]
  6  Se    0.606885  0.25  0.260805  [0.0, 0.0, 0.0]
  7  Se    0.047466  0.25  0.260871  [0.0, 0.0, 0.0]",-0.986,"Full Formula (Hf2 Se6)
Reduced Formula: HfSe3
abc   :   5.419389   3.748027  30.858608
angles:  90.000000  97.766084  90.000000
pbc   :       True       True       True
Sites (8)
  #  SP           a     b         c
---  ----  --------  ----  --------
  0  Hf    0.213313  0.25  0.111461
  1  Hf    0.786687  0.75  0.208015
  2  Se    0.949136  0.75  0.059591
  3  Se    0.388192  0.75  0.057588
  4  Se    0.736547  0.25  0.142944
  5  Se    0.263453  0.75  0.176532
  6  Se    0.611808  0.25  0.261889
  7  Se    0.050864  0.25  0.259886",JVASP-5896,,,,,mp-976058,,Hf2 Se6
1.3978,1.3978,1.1718,71.336,"Full Formula (B1 N1)
Reduced Formula: BN
abc   :   2.510420   2.510420  30.707265
angles:  90.000000  90.000000 120.000012
pbc   :       True       True       True
Sites (2)
  #  SP           a         b         c  velocities
---  ----  --------  --------  --------  ---------------
  0  B     0.666667  0.333333  0.062748  [0.0, 0.0, 0.0]
  1  N     0.333333  0.666667  0.062748  [0.0, 0.0, 0.0]",-1.314,"Full Formula (B1 N1)
Reduced Formula: BN
abc   :   2.512428   2.512428  30.707265
angles:  90.000000  90.000000 120.000012
pbc   :       True       True       True
Sites (2)
  #  SP           a         b         c
---  ----  --------  --------  --------
  0  B     0.666667  0.333333  0.062748
  1  N     0.333333  0.666667  0.062748",JVASP-688,,,,,mp-984,4.3585,B1 N1
2.8354,2.8354,2.0627,86.83066667,"Full Formula (Hf1 S2)
Reduced Formula: HfS2
abc   :   3.637489   3.637489  30.584458
angles:  90.000000  90.000000 119.999992
pbc   :       True       True       True
Sites (3)
  #  SP           a         b         c  velocities
---  ----  --------  --------  --------  ---------------
  0  Hf    0         0         0.143525  [0.0, 0.0, 0.0]
  1  S     0.666667  0.333333  0.190728  [0.0, 0.0, 0.0]
  2  S     0.333333  0.666667  0.096322  [0.0, 0.0, 0.0]",-1.618,"Full Formula (Hf1 S2)
Reduced Formula: HfS2
abc   :   3.643366   3.643366  30.584458
angles:  90.000000  90.000000 119.999992
pbc   :       True       True       True
Sites (3)
  #  SP           a         b         c
---  ----  --------  --------  --------
  0  Hf    0         0         0.143525
  1  S     0.666667  0.333333  0.19077
  2  S     0.333333  0.666667  0.09628",JVASP-728,,,,,mp-985829,1.3456,Hf1 S2
3.6258,3.6258,2.2692,92.04866667,"Full Formula (Hf1 Se2)
Reduced Formula: HfSe2
abc   :   3.760772   3.760772  30.928519
angles:  90.000000  90.000000 119.999996
pbc   :       True       True       True
Sites (3)
  #  SP           a         b         c  velocities
---  ----  --------  --------  --------  ---------------
  0  Hf    0         0         0.149345  [0.0, 0.0, 0.0]
  1  Se    0.666667  0.333333  0.200023  [0.0, 0.0, 0.0]
  2  Se    0.333333  0.666667  0.098667  [0.0, 0.0, 0.0]",-1.291,"Full Formula (Hf1 Se2)
Reduced Formula: HfSe2
abc   :   3.773542   3.773542  30.928519
angles:  90.000000  90.000000 119.999996
pbc   :       True       True       True
Sites (3)
  #  SP           a         b         c
---  ----  --------  --------  --------
  0  Hf    0         0         0.149345
  1  Se    0.666667  0.333333  0.200274
  2  Se    0.333333  0.666667  0.098416",JVASP-729,,,,,mp-985831,0.6935,Hf1 Se2
,,,57.08485,"Full Formula (Ga2 S2)
Reduced Formula: GaS
abc   :   3.623420   3.623419  26.098877
angles:  90.000000  90.000000 119.999994
pbc   :       True       True       True
Sites (4)
  #  SP           a          b         c  velocities
---  ----  --------  ---------  --------  ---------------
  0  Ga    0.666667   0.333333  0.286344  [0.0, 0.0, 0.0]
  1  Ga    0.666667   0.333333  0.380323  [0.0, 0.0, 0.0]
  2  S     0         -0         0.244857  [0.0, 0.0, 0.0]
  3  S     0.333333   0.666667  0.421809  [0.0, 0.0, 0.0]",-0.645,"Full Formula (Ga2 S2)
Reduced Formula: GaS
abc   :   3.636995   3.636995  26.098877
angles:  90.000000  90.000000 119.999994
pbc   :       True       True       True
Sites (4)
  #  SP           a         b         c
---  ----  --------  --------  --------
  0  Ga    0.666667  0.333333  0.28609
  1  Ga    0.666667  0.333333  0.380577
  2  S     0         0         0.244764
  3  S     0.333333  0.666667  0.421902",JVASP-7054,,,,,mp-9889,,Ga2 S2
3.5302,3.3657,2.8593,55.4895,"Full Formula (Zr2 S6)
Reduced Formula: ZrS3
abc   :   5.172199   3.644769  30.704392
angles:  90.000000  92.120416  90.000000
pbc   :       True       True       True
Sites (8)
  #  SP           a     b         c  velocities
---  ----  --------  ----  --------  ---------------
  0  Zr    0.664923  0.25  0.112514  [0.0, 0.0, 0.0]
  1  Zr    0.184749  0.75  0.203076  [0.0, 0.0, 0.0]
  2  S     0.994493  0.25  0.254533  [0.0, 0.0, 0.0]
  3  S     0.855179  0.75  0.061057  [0.0, 0.0, 0.0]
  4  S     0.678319  0.75  0.173709  [0.0, 0.0, 0.0]
  5  S     0.171353  0.25  0.141881  [0.0, 0.0, 0.0]
  6  S     0.452081  0.75  0.06106   [0.0, 0.0, 0.0]
  7  S     0.397591  0.25  0.25453   [0.0, 0.0, 0.0]",-1.302,"Full Formula (Zr2 S6)
Reduced Formula: ZrS3
abc   :   5.201951   3.658647  30.704635
angles:  90.000000  92.132602  90.000000
pbc   :       True       True       True
Sites (8)
  #  SP            a     b         c
---  ----  ---------  ----  --------
  0  Zr     0.664807  0.25  0.112568
  1  Zr     0.184865  0.75  0.203022
  2  S     -0.003915  0.25  0.254438
  3  S      0.853587  0.75  0.061152
  4  S      0.678311  0.75  0.173776
  5  S      0.171361  0.25  0.141814
  6  S      0.454768  0.75  0.060835
  7  S      0.394904  0.25  0.254755",JVASP-792,,,,,mp-9921,1.2371,Zr2 S6
,,,8.2195,"Full Formula (Dy2 B2 C2)
Reduced Formula: DyBC
abc   :   3.506936   3.495702  29.674249
angles:  90.000000 102.100134  90.000000
pbc   :       True       True       True
Sites (6)
  #  SP           a    b         c  velocities
---  ----  --------  ---  --------  ---------------
  0  Dy    0.142152  0    0.101415  [0.0, 0.0, 0.0]
  1  Dy    0.987758  0    0.227985  [0.0, 0.0, 0.0]
  2  B     0.685994  0.5  0.143607  [0.0, 0.0, 0.0]
  3  B     0.443917  0.5  0.185793  [0.0, 0.0, 0.0]
  4  C     0.632131  0.5  0.093712  [0.0, 0.0, 0.0]
  5  C     0.49778   0.5  0.235688  [0.0, 0.0, 0.0]",-0.087,"Full Formula (Dy2 B2 C2)
Reduced Formula: DyBC
abc   :   3.389602   3.526504  29.673737
angles:  90.000000 102.617384  90.000000
pbc   :       True       True       True
Sites (6)
  #  SP           a    b         c
---  ----  --------  ---  --------
  0  Dy    0.196867  0    0.102948
  1  Dy    0.933043  0    0.226452
  2  B     0.781332  0.5  0.147117
  3  B     0.348579  0.5  0.182283
  4  C     0.682832  0.5  0.095608
  5  C     0.447079  0.5  0.233792",JVASP-6466,,,,,mp-9936,,Dy2 B2 C2
,,,96.629,"Full Formula (Nb1 S2)
Reduced Formula: NbS2
abc   :   3.393410   3.393410  26.171842
angles:  90.000000  90.000000 120.000007
pbc   :       True       True       True
Sites (3)
  #  SP           a         b         c  velocities
---  ----  --------  --------  --------  ---------------
  0  Nb    0.441379  0.055163  0.11791   [0.0, 0.0, 0.0]
  1  S     0.774712  0.72183   0.177051  [0.0, 0.0, 0.0]
  2  S     0.108046  0.388495  0.058769  [0.0, 0.0, 0.0]",-0.998,"Full Formula (Nb1 S2)
Reduced Formula: NbS2
abc   :   3.377029   3.377029  26.171842
angles:  90.000000  90.000000 120.000008
pbc   :       True       True       True
Sites (3)
  #  SP           a         b         c
---  ----  --------  --------  --------
  0  Nb    0.441379  0.055163  0.11791
  1  S     0.774712  0.72183   0.177525
  2  S     0.108046  0.388495  0.058295",JVASP-5947,,,,,mp-995122,,Nb1 S2
,,,82.33586667,"Full Formula (Sn1 S2)
Reduced Formula: SnS2
abc   :   3.696278   3.696278  33.328174
angles:  90.000000  90.000000 119.999997
pbc   :       True       True       True
Sites (3)
  #  SP           a          b         c  velocities
---  ----  --------  ---------  --------  ---------------
  0  Sn    0.666667   0.333333  0.299932  [0.0, 0.0, 0.0]
  1  S     0.333333   0.666667  0.255389  [0.0, 0.0, 0.0]
  2  S     0         -0         0.34447   [0.0, 0.0, 0.0]",-0.357,"Full Formula (Sn1 S2)
Reduced Formula: SnS2
abc   :   3.700842   3.700842  33.328174
angles:  90.000000  90.000000 119.999997
pbc   :       True       True       True
Sites (3)
  #  SP           a         b         c
---  ----  --------  --------  --------
  0  Sn    0.666667  0.333333  0.299922
  1  S     0.333333  0.666667  0.255597
  2  S     0         0         0.344272",JVASP-759,,,,,mp-9984,,Sn1 S2
,,,70.10079167,"Full Formula (Si4 P8)
Reduced Formula: SiP2
abc   :   3.469755  10.097571  35.964942
angles:  90.000000  90.000000  90.000000
pbc   :       True       True       True
Sites (12)
  #  SP      a         b         c  velocities
---  ----  ---  --------  --------  ---------------
  0  Si    0    0.413049  0.072359  [0.0, 0.0, 0.0]
  1  Si    0.5  0.696574  0.102543  [0.0, 0.0, 0.0]
  2  Si    0.5  0.196574  0.119408  [0.0, 0.0, 0.0]
  3  Si    0    0.913049  0.149593  [0.0, 0.0, 0.0]
  4  P     0    0.235689  0.032624  [0.0, 0.0, 0.0]
  5  P     0.5  0.118655  0.057673  [0.0, 0.0, 0.0]
  6  P     0.5  0.544112  0.055569  [0.0, 0.0, 0.0]
  7  P     0    0.835249  0.090081  [0.0, 0.0, 0.0]
  8  P     0    0.335249  0.131871  [0.0, 0.0, 0.0]
  9  P     0.5  0.044112  0.166382  [0.0, 0.0, 0.0]
 10  P     0.5  0.618655  0.164278  [0.0, 0.0, 0.0]
 11  P     0    0.735689  0.189328  [0.0, 0.0, 0.0]",-0.062,"Full Formula (Si4 P8)
Reduced Formula: SiP2
abc   :   3.448904  10.291385  35.964942
angles:  90.000000  90.000000  90.000000
pbc   :       True       True       True
Sites (12)
  #  SP      a         b         c
---  ----  ---  --------  --------
  0  Si    0    0.411132  0.074258
  1  Si    0.5  0.694752  0.103182
  2  Si    0.5  0.194752  0.118769
  3  Si    0    0.911132  0.147694
  4  P     0    0.242417  0.033015
  5  P     0.5  0.126239  0.056845
  6  P     0.5  0.540081  0.057894
  7  P     0    0.828707  0.089175
  8  P     0    0.328707  0.132777
  9  P     0.5  0.040081  0.164057
 10  P     0.5  0.626239  0.165106
 11  P     0    0.742417  0.188937",JVASP-5962,,,,,mp-9996,,Si4 P8
3.0519,4.4231,2.0532,111.62375,"Full Formula (P4)
Reduced Formula: P
abc   :   3.322464   4.578643  30.716646
angles:  90.000000  90.000000  90.000000
pbc   :       True       True       True
Sites (4)
  #  SP      a         b         c  velocities
---  ----  ---  --------  --------  ---------------
  0  P     0    0.086668  0.209136  [0.0, 0.0, 0.0]
  1  P     0.5  0.413332  0.209136  [0.0, 0.0, 0.0]
  2  P     0.5  0.586668  0.139752  [0.0, 0.0, 0.0]
  3  P     0    0.913332  0.139752  [0.0, 0.0, 0.0]",0.112,"Full Formula (P4)
Reduced Formula: P
abc   :   3.341123   4.469533  30.716646
angles:  90.000000  90.000000  90.000000
pbc   :       True       True       True
Sites (4)
  #  SP      a         b         c
---  ----  ---  --------  --------
  0  P     0    0.082184  0.209578
  1  P     0.5  0.417816  0.209578
  2  P     0.5  0.582184  0.13931
  3  P     0    0.917816  0.13931",JVASP-5983,,,,,mp-blackP,0.8485,P4
10.2299,8.0607,3.0945,86.84158333,"Full Formula (Te4 Mo2)
Reduced Formula: Te2Mo
abc   :   3.477833   6.358484  33.313518
angles:  90.000000  90.000000  90.000000
pbc   :       True       True       True
Sites (6)
  #  SP      a         b         c  velocities
---  ----  ---  --------  --------  ---------------
  0  Mo    0    0.602118  0.199941  [0.0, 0.0, 0.0]
  1  Mo    0.5  0.963521  0.205728  [0.0, 0.0, 0.0]
  2  Te    0    0.86194   0.265114  [0.0, 0.0, 0.0]
  3  Te    0.5  0.354256  0.247703  [0.0, 0.0, 0.0]
  4  Te    0.5  0.703704  0.140548  [0.0, 0.0, 0.0]
  5  Te    0    0.211381  0.157959  [0.0, 0.0, 0.0]",-0.142,"Full Formula (Te4 Mo2)
Reduced Formula: Te2Mo
abc   :   3.440340   6.294288  33.313518
angles:  90.000000  90.000000  90.000000
pbc   :       True       True       True
Sites (6)
  #  SP      a         b         c
---  ----  ---  --------  --------
  0  Mo    0    0.602475  0.199949
  1  Mo    0.5  0.964169  0.205774
  2  Te    0    0.857631  0.264087
  3  Te    0.5  0.354633  0.24477
  4  Te    0.5  0.70601   0.141679
  5  Te    0    0.212002  0.160734",JVASP-676,,,,,mp-MoTe2Td,0.0018,Mo2 Te4
2.607,2.607,2.6362,88.8098235,"Full Formula (Au2 I2)
Reduced Formula: AuI
abc   :   4.273518   4.273518  27.009214
angles:  90.000000  90.000000  93.234148
pbc   :       True       True       True
Sites (4)
  #  SP       a     b         c  velocities
---  ----  ----  ----  --------  ---------------
  0  Au    0.25  0.75  0.138927  [0.0, 0.0, 0.0]
  1  Au    0.75  0.25  0.138927  [0.0, 0.0, 0.0]
  2  I     0.5   0     0.056973  [0.0, 0.0, 0.0]
  3  I     0     0.5   0.220881  [0.0, 0.0, 0.0]",0.066,"Full Formula (Au2 I2)
Reduced Formula: AuI
abc   :   4.605302   4.605302  27.009214
angles:  90.000000  90.000000  90.000000
pbc   :       True       True       True
Sites (4)
  #  SP       a     b         c
---  ----  ----  ----  --------
  0  Au    0.25  0.75  0.138927
  1  Au    0.75  0.25  0.138927
  2  I     0.5   0     0.062611
  3  I     0     0.5   0.215243",JVASP-6187,,,,,mp-27725,1.7468,Au2 I2
5.9565,5.9565,2.1856,74.28426667,"Full Formula (Fe1 Br2)
Reduced Formula: FeBr2
abc   :   3.693484   3.693485  26.557841
angles:  90.000000  90.000000 120.000003
pbc   :       True       True       True
Sites (3)
  #  SP           a         b         c  velocities
---  ----  --------  --------  --------  ---------------
  0  Fe    0.38734   0.015604  0.123463  [0.0, 0.0, 0.0]
  1  Br    0.720673  0.68227   0.180272  [0.0, 0.0, 0.0]
  2  Br    0.054008  0.348937  0.066655  [0.0, 0.0, 0.0]",-0.362,"Full Formula (Fe1 Br2)
Reduced Formula: FeBr2
abc   :   3.728001   3.728002  26.557841
angles:  90.000000  90.000000 120.000000
pbc   :       True       True       True
Sites (3)
  #  SP           a         b         c
---  ----  --------  --------  --------
  0  Fe    0.788675  0.57735   0.123463
  1  Br    0.122008  0.244017  0.179928
  2  Br    0.455342  0.910683  0.066999",JVASP-13576,,,,,mp-22880,0.017,Fe1 Br2
,,,124.7999667,"Full Formula (Na2 Zn2 P2)
Reduced Formula: NaZnP
abc   :   4.006126   4.006126  26.928569
angles:  90.000000  90.000000  90.000000
pbc   :       True       True       True
Sites (6)
  #  SP           a         b         c  velocities
---  ----  --------  --------  --------  ---------------
  0  Na    0.351228  0.851228  0.21958   [0.0, 0.0, 0.0]
  1  Na    0.851228  0.351228  0.037714  [0.0, 0.0, 0.0]
  2  Zn    0.851228  0.851228  0.128647  [0.0, 0.0, 0.0]
  3  Zn    0.351228  0.351228  0.128647  [0.0, 0.0, 0.0]
  4  P     0.851228  0.351228  0.185104  [0.0, 0.0, 0.0]
  5  P     0.351228  0.851228  0.07219   [0.0, 0.0, 0.0]",-0.334,"Full Formula (Na2 Zn2 P2)
Reduced Formula: NaZnP
abc   :   4.069751   4.069751  26.928569
angles:  90.000000  90.000000  90.000000
pbc   :       True       True       True
Sites (6)
  #  SP           a         b         c
---  ----  --------  --------  --------
  0  Na    0.351228  0.851228  0.220262
  1  Na    0.851228  0.351228  0.037032
  2  Zn    0.851228  0.851228  0.128647
  3  Zn    0.351228  0.351228  0.128647
  4  P     0.851228  0.351228  0.183267
  5  P     0.351228  0.851228  0.074027",JVASP-8999,,,,,mp-4824,,Na2 Zn2 P2
1.5552,1.5552,2.4098,585.9625475,"Full Formula (Hg2 F2)
Reduced Formula: HgF
abc   :   3.834541   3.834541  26.918015
angles:  90.000000  90.000000  90.000000
pbc   :       True       True       True
Sites (4)
  #  SP      a    b         c  velocities
---  ----  ---  ---  --------  ---------------
  0  Hg      0    0  0.452202  [0.0, 0.0, 0.0]
  1  Hg     -0   -0  0.547798  [0.0, 0.0, 0.0]
  2  F      -0   -0  0.378571  [0.0, 0.0, 0.0]
  3  F      -0   -0  0.621429  [0.0, 0.0, 0.0]",-0.653,"Full Formula (Hg2 F2)
Reduced Formula: HgF
abc   :   3.841548   3.841548  26.918015
angles:  90.000000  90.000000  90.000000
pbc   :       True       True       True
Sites (4)
  #  SP      a    b         c
---  ----  ---  ---  --------
  0  Hg      0    0  0.452089
  1  Hg      0    0  0.547911
  2  F       0    0  0.371498
  3  F       0    0  0.628502",JVASP-28153,,,,,mp-706,2.6514,Hg2 F2
2.0592,2.2026,1.9093,65.07816667,"Full Formula (Er2 S2 Cl2)
Reduced Formula: ErSCl
abc   :   3.921443   5.305423  28.118062
angles:  90.000000  90.000000  90.000000
pbc   :       True       True       True
Sites (6)
  #  SP           a         b         c  velocities
---  ----  --------  --------  --------  ---------------
  0  Er    0.525498  0.261368  0.185104  [0.0, 0.0, 0.0]
  1  Er    0.025498  0.761368  0.10361   [0.0, 0.0, 0.0]
  2  S     0.525498  0.761368  0.170777  [0.0, 0.0, 0.0]
  3  S     0.025498  0.261368  0.117936  [0.0, 0.0, 0.0]
  4  Cl    0.025498  0.261368  0.247718  [0.0, 0.0, 0.0]
  5  Cl    0.525498  0.761368  0.040995  [0.0, 0.0, 0.0]",-2.233,"Full Formula (Er2 S2 Cl2)
Reduced Formula: ErSCl
abc   :   3.958107   5.331232  28.118062
angles:  90.000000  90.000000  90.000000
pbc   :       True       True       True
Sites (6)
  #  SP           a         b         c
---  ----  --------  --------  --------
  0  Er    0.525498  0.261368  0.185258
  1  Er    0.025498  0.761368  0.103456
  2  S     0.525498  0.761368  0.170223
  3  S     0.025498  0.261368  0.11849
  4  Cl    0.025498  0.261368  0.247874
  5  Cl    0.525498  0.761368  0.040839",JVASP-6196,,,,,mp-27616,3.0363,Er2 S2 Cl2
1.9964,1.9964,2.1998,94.14066667,"Full Formula (Rb2 Li2 S2)
Reduced Formula: RbLiS
abc   :   4.285174   4.285174  27.368597
angles:  90.000000  90.000000  90.000000
pbc   :       True       True       True
Sites (6)
  #  SP           a         b         c  velocities
---  ----  --------  --------  --------  ---------------
  0  Rb    0.830717  0.330717  0.228563  [0.0, 0.0, 0.0]
  1  Rb    0.330717  0.830717  0.040672  [0.0, 0.0, 0.0]
  2  Li    0.330717  0.330717  0.134618  [0.0, 0.0, 0.0]
  3  Li    0.830717  0.830717  0.134618  [0.0, 0.0, 0.0]
  4  S     0.330717  0.830717  0.182203  [0.0, 0.0, 0.0]
  5  S     0.830717  0.330717  0.087033  [0.0, 0.0, 0.0]",-1.274,"Full Formula (Rb2 Li2 S2)
Reduced Formula: RbLiS
abc   :   4.435080   4.435080  27.368597
angles:  90.000000  90.000000  90.000000
pbc   :       True       True       True
Sites (6)
  #  SP           a         b         c
---  ----  --------  --------  --------
  0  Rb    0.830717  0.330717  0.22542
  1  Rb    0.330717  0.830717  0.043815
  2  Li    0.330717  0.330717  0.134618
  3  Li    0.830717  0.830717  0.134618
  4  S     0.330717  0.830717  0.181683
  5  S     0.830717  0.330717  0.087553",JVASP-9059,,,,,mp-8751,0.9843,Rb2 Li2 S2
5.4413,3.375,3.5548,98.01757143,"Full Formula (Al2 Te5)
Reduced Formula: Al2Te5
abc   :   4.187616   8.293227  24.099958
angles:  95.878755  90.000000 104.623846
pbc   :       True       True       True
Sites (7)
  #  SP           a         b          c  velocities
---  ----  --------  --------  ---------  ---------------
  0  Al    0.299848  0.599695   0.042262  [0.0, 0.0, 0.0]
  1  Al    0.700152  0.400305   0.127861  [0.0, 0.0, 0.0]
  2  Te    0.439915  0.879829  -0.002166  [0.0, 0.0, 0.0]
  3  Te    0.302988  0.605977   0.154487  [0.0, 0.0, 0.0]
  4  Te    0.697012  0.394023   0.015636  [0.0, 0.0, 0.0]
  5  Te    0         0          0.085062  [0.0, 0.0, 0.0]
  6  Te    0.560085  0.120171   0.172289  [0.0, 0.0, 0.0]",-0.258,"Full Formula (Al2 Te5)
Reduced Formula: Al2Te5
abc   :   4.193467   8.492580  24.099958
angles:  95.740289  90.000000 104.293560
pbc   :       True       True       True
Sites (7)
  #  SP           a         b         c
---  ----  --------  --------  --------
  0  Al    0.299565  0.59913   0.043579
  1  Al    0.700435  0.40087   0.126544
  2  Te    0.437145  0.87429   0
  3  Te    0.300228  0.600456  0.155221
  4  Te    0.699772  0.399544  0.014902
  5  Te    0         0         0.085062
  6  Te    0.562855  0.12571   0.170123",JVASP-60607,1.6588,4.4926,3.0039,3.2191,mp-9254,1.3698,Al2 Te5
2.5417,2.542,3.057,250.753675,"Full Formula (In2 S2)
Reduced Formula: InS
abc   :   3.925689   3.926206  25.677700
angles:  90.000000  90.000000  90.000000
pbc   :       True       True       True
Sites (4)
  #  SP      a         b         c  velocities
---  ----  ---  --------  --------  ---------------
  0  In    0.5  0.544468  0.155651  [0.0, 0.0, 0.0]
  1  In    0    0.044468  0.052266  [0.0, 0.0, 0.0]
  2  S     0.5  0.544532  0.046417  [0.0, 0.0, 0.0]
  3  S     0    0.044532  0.1615    [0.0, 0.0, 0.0]",-0.333,"Full Formula (In2 S2)
Reduced Formula: InS
abc   :   3.998000   4.804000  25.677700
angles:  90.000000  90.000000  90.000000
pbc   :       True       True       True
Sites (4)
  #  SP      a       b         c
---  ----  ---  ------  --------
  0  In    0.5  0.6293  0.158225
  1  In    0    0.1293  0.049692
  2  S     0.5  0.4597  0.064163
  3  S     0    0.9597  0.143754",JVASP-60776,0.0313,2.5133,2.5388,3.1682,mp-19795,0.0674,In2 S2
1.6998,1.6998,1.6284,69.31275,"Full Formula (Sc2 Cl6)
Reduced Formula: ScCl3
abc   :   6.373004   6.373005  25.324753
angles:  90.000000  90.000000 119.999998
pbc   :       True       True       True
Sites (8)
  #  SP           a         b         c  velocities
---  ----  --------  --------  --------  ---------------
  0  Sc    0.333333  0.666667  0.254348  [0.0, 0.0, 0.0]
  1  Sc    0         0         0.254371  [0.0, 0.0, 0.0]
  2  Cl    0.024025  0.333314  0.198296  [0.0, 0.0, 0.0]
  3  Cl    0.309289  0.975975  0.198296  [0.0, 0.0, 0.0]
  4  Cl    0.666686  0.690711  0.198296  [0.0, 0.0, 0.0]
  5  Cl    0.666648  0.975956  0.310423  [0.0, 0.0, 0.0]
  6  Cl    0.024044  0.690692  0.310423  [0.0, 0.0, 0.0]
  7  Cl    0.309308  0.333352  0.310423  [0.0, 0.0, 0.0]",-2.131,"Full Formula (Sc2 Cl6)
Reduced Formula: ScCl3
abc   :   6.493234   6.493234  25.324753
angles:  90.000000  90.000000 120.000000
pbc   :       True       True       True
Sites (8)
  #  SP           a         b         c
---  ----  --------  --------  --------
  0  Sc    0.333333  0.666667  0.2539
  1  Sc    0         0         0.254819
  2  Cl    0.035713  0.332757  0.197654
  3  Cl    0.297044  0.964287  0.197654
  4  Cl    0.667243  0.702956  0.197654
  5  Cl    0.666091  0.963711  0.311065
  6  Cl    0.036289  0.70238   0.311065
  7  Cl    0.29762   0.333909  0.311065",JVASP-6142,,,,,mp-23309,3.7843,Sc2 Cl6
4.9311,3.6826,2.6033,41.27266667,"Full Formula (Ti2 Br2 N2)
Reduced Formula: TiBrN
abc   :   3.371025   3.943832  28.932372
angles:  90.000000  90.000000  90.000000
pbc   :       True       True       True
Sites (6)
  #  SP           a         b         c  velocities
---  ----  --------  --------  --------  ---------------
  0  Ti    0.322255  0.627429  0.180517  [0.0, 0.0, 0.0]
  1  Ti    0.822255  0.127429  0.128216  [0.0, 0.0, 0.0]
  2  Br    0.822255  0.627429  0.249259  [0.0, 0.0, 0.0]
  3  Br    0.322255  0.127429  0.059473  [0.0, 0.0, 0.0]
  4  N     0.322255  0.127429  0.166448  [0.0, 0.0, 0.0]
  5  N     0.822255  0.627429  0.142285  [0.0, 0.0, 0.0]",-1.457,"Full Formula (Ti2 Br2 N2)
Reduced Formula: TiBrN
abc   :   3.377704   3.961391  28.932372
angles:  90.000000  90.000000  90.000000
pbc   :       True       True       True
Sites (6)
  #  SP           a         b         c
---  ----  --------  --------  --------
  0  Ti    0.322255  0.627429  0.180184
  1  Ti    0.822255  0.127429  0.128549
  2  Br    0.822255  0.627429  0.249364
  3  Br    0.322255  0.127429  0.059368
  4  N     0.322255  0.127429  0.166439
  5  N     0.822255  0.627429  0.142294",JVASP-6184,,,,,mp-27849,0.2911,Ti2 Br2 N2
1.3191,1.3191,1.6112,47.7298,"Full Formula (U1 O2 F2)
Reduced Formula: U(OF)2
abc   :   4.217690   4.217691  26.902423
angles:  90.000000  90.000000 120.000003
pbc   :       True       True       True
Sites (5)
  #  SP            a          b         c  velocities
---  ----  ---------  ---------  --------  ---------------
  0  U      0.333333   0.666667  0.418858  [0.0, 0.0, 0.0]
  1  O      0.333333   0.666667  0.352529  [0.0, 0.0, 0.0]
  2  O      0.333333   0.666667  0.485186  [0.0, 0.0, 0.0]
  3  F     -0         -0         0.418834  [0.0, 0.0, 0.0]
  4  F      0.666667   0.333333  0.418881  [0.0, 0.0, 0.0]",-3.293,"Full Formula (U1 O2 F2)
Reduced Formula: U(OF)2
abc   :   4.245711   4.245712  26.902423
angles:  90.000000  90.000000 120.000003
pbc   :       True       True       True
Sites (5)
  #  SP           a         b         c
---  ----  --------  --------  --------
  0  U     0.333333  0.666667  0.418858
  1  O     0.333333  0.666667  0.352755
  2  O     0.333333  0.666667  0.48496
  3  F     0         0         0.415041
  4  F     0.666667  0.333333  0.422674",JVASP-6277,,,,,mp-27980,2.396,U1 O2 F2
,,,57.28571429,"Full Formula (Sn1 Sb2 Te4)
Reduced Formula: Sn(SbTe2)2
abc   :   4.366102   4.366103  32.476002
angles:  90.000000  90.000000 120.000121
pbc   :       True       True       True
Sites (7)
  #  SP            a          b         c  velocities
---  ----  ---------  ---------  --------  ---------------
  0  Sb    -6e-06      6e-06     0.750689  [0.0, 0.0, 0.0]
  1  Sb     0.66666    0.33334   0.993214  [0.0, 0.0, 0.0]
  2  Sn     0.333328   0.666672  0.871959  [0.0, 0.0, 0.0]
  3  Te     0.333324   0.666676  0.699156  [0.0, 0.0, 0.0]
  4  Te     0.33333    0.66667   0.044749  [0.0, 0.0, 0.0]
  5  Te     7e-06     -7e-06     0.931303  [0.0, 0.0, 0.0]
  6  Te     0.666657   0.333343  0.812599  [0.0, 0.0, 0.0]",-0.125,"Full Formula (Sn1 Sb2 Te4)
Reduced Formula: Sn(SbTe2)2
abc   :   4.384900   4.384900  32.476002
angles:  90.000000  90.000000 120.000000
pbc   :       True       True       True
Sites (7)
  #  SP         a       b         c
---  ----  ------  ------  --------
  0  Sb    0       0       0.751923
  1  Sb    0.6667  0.3333  0.991926
  2  Sn    0.3333  0.6667  0.87199
  3  Te    0.3333  0.6667  0.700653
  4  Te    0.3333  0.6667  1.0432
  5  Te    0       0       0.930846
  6  Te    0.6667  0.3333  0.813134",JVASP-8960,,,,,mp-27947,,Sb2 Sn1 Te4
1.9559,1.9297,1.7426,221.3538,"Full Formula (Bi4 O6)
Reduced Formula: Bi2O3
abc   :   5.604008   7.457850  23.340308
angles:  90.000000  90.000000 112.255820
pbc   :       True       True       True
Sites (10)
  #  SP           a          b         c  velocities
---  ----  --------  ---------  --------  ---------------
  0  Bi    0.090082   0.287316  0.944525  [0.0, 0.0, 0.0]
  1  Bi    0.49709    0.860495  0.993172  [0.0, 0.0, 0.0]
  2  Bi    0.909918   0.712684  0.912362  [0.0, 0.0, 0.0]
  3  Bi    0.50291    0.139505  0.863715  [0.0, 0.0, 0.0]
  4  O     0.25787    0.002249  0.93596   [0.0, 0.0, 0.0]
  5  O     0.743116   0.694049  0.993336  [0.0, 0.0, 0.0]
  6  O     0.256884   0.305951  0.86355   [0.0, 0.0, 0.0]
  7  O     0.776761   0.369621  0.910631  [0.0, 0.0, 0.0]
  8  O     0.223239   0.630379  0.946256  [0.0, 0.0, 0.0]
  9  O     0.74213   -0.002249  0.920927  [0.0, 0.0, 0.0]",-1.142,"Full Formula (Bi4 O6)
Reduced Formula: Bi2O3
abc   :   5.664039   7.462670  23.340308
angles:  90.000000  90.000000 111.596192
pbc   :       True       True       True
Sites (10)
  #  SP           a         b         c
---  ----  --------  --------  --------
  0  Bi    0.096291  0.297839  0.948484
  1  Bi    0.495573  0.860827  0.991956
  2  Bi    0.903709  0.702161  0.908403
  3  Bi    0.504427  0.139173  0.864931
  4  O     0.254115  0.99633   0.935803
  5  O     0.682514  0.655041  0.982657
  6  O     0.317486  0.344959  0.874229
  7  O     0.820409  0.376383  0.897411
  8  O     0.179591  0.623617  0.959476
  9  O     0.745885  0.00367   0.921084",JVASP-60262,3.7173,1.793,1.7823,1.6202,mp-23262,1.6031,Bi4 O6
2.1357,2.9233,2.1698,96.3197,"Full Formula (P2 I4)
Reduced Formula: PI2
abc   :   4.388162   7.335183  27.564395
angles:  87.497041  87.136732  74.812314
pbc   :       True       True       True
Sites (6)
  #  SP            a         b         c  velocities
---  ----  ---------  --------  --------  ---------------
  0  P     -0.029975  0.594983  0.057725  [0.0, 0.0, 0.0]
  1  P      0.271267  0.538891  0.123821  [0.0, 0.0, 0.0]
  2  I      0.882366  0.777821  0.173993  [0.0, 0.0, 0.0]
  3  I      0.113268  0.89471   0.032549  [0.0, 0.0, 0.0]
  4  I      0.128024  0.239163  0.148997  [0.0, 0.0, 0.0]
  5  I      0.358925  0.356052  0.007553  [0.0, 0.0, 0.0]",0.046,"Full Formula (P2 I4)
Reduced Formula: PI2
abc   :   5.204303   7.566277  27.578099
angles:  87.262979  86.639742  73.530769
pbc   :       True       True       True
Sites (6)
  #  SP           a         b         c
---  ----  --------  --------  --------
  0  P     1.01256   0.588406  0.055836
  1  P     0.228733  0.545468  0.12571
  2  I     0.876823  0.785192  0.169985
  3  I     0.135838  0.875056  0.030436
  4  I     0.105454  0.258817  0.15111
  5  I     0.364468  0.348681  0.011561",JVASP-13611,,,,,mp-29443,1.7396,P2 I4
18.9654,22.258,5.3887,39.04,"Full Formula (V2 Cl2 O2)
Reduced Formula: VClO
abc   :   3.332690   3.761208  28.215599
angles:  90.000000  90.000000  90.000000
pbc   :       True       True       True
Sites (6)
  #  SP           a         b         c  velocities
---  ----  --------  --------  --------  ---------------
  0  V     0.215819  0.567005  0.178181  [0.0, 0.0, 0.0]
  1  V     0.715818  0.067005  0.112992  [0.0, 0.0, 0.0]
  2  Cl    0.715818  0.567005  0.237773  [0.0, 0.0, 0.0]
  3  Cl    0.215819  0.067005  0.053399  [0.0, 0.0, 0.0]
  4  O     0.215819  0.067005  0.158994  [0.0, 0.0, 0.0]
  5  O     0.715818  0.567005  0.132178  [0.0, 0.0, 0.0]",-1.878,"Full Formula (V2 Cl2 O2)
Reduced Formula: VClO
abc   :   3.378629   3.849841  28.215599
angles:  90.000000  90.000000  90.000000
pbc   :       True       True       True
Sites (6)
  #  SP           a         b         c
---  ----  --------  --------  --------
  0  V     0.215819  0.567005  0.178647
  1  V     0.715818  0.067005  0.112526
  2  Cl    0.715818  0.567005  0.239594
  3  Cl    0.215819  0.067005  0.051578
  4  O     0.215819  0.067005  0.158228
  5  O     0.715818  0.567005  0.132944",JVASP-8933,,,,,mp-25118,0.0107,V2 Cl2 O2
2.402,2.4099,1.9691,81.2879375,"Full Formula (Ir4 Br12)
Reduced Formula: IrBr3
abc   :   6.403946  11.094314  26.735723
angles:  90.000000  94.408782  90.000000
pbc   :       True       True       True
Sites (16)
  #  SP           a         b         c  velocities
---  ----  --------  --------  --------  ---------------
  0  Ir    0.905608  0.977583  0.163877  [0.0, 0.0, 0.0]
  1  Ir    0.905608  0.64425   0.163877  [0.0, 0.0, 0.0]
  2  Ir    0.405609  0.477583  0.163878  [0.0, 0.0, 0.0]
  3  Ir    0.405609  0.144251  0.163878  [0.0, 0.0, 0.0]
  4  Br    0.097426  0.485854  0.21658   [0.0, 0.0, 0.0]
  5  Br    0.097426  0.13598   0.21658   [0.0, 0.0, 0.0]
  6  Br    0.072693  0.810917  0.216574  [0.0, 0.0, 0.0]
  7  Br    0.597426  0.985854  0.21658   [0.0, 0.0, 0.0]
  8  Br    0.597426  0.63598   0.21658   [0.0, 0.0, 0.0]
  9  Br    0.572692  0.310916  0.216574  [0.0, 0.0, 0.0]
 10  Br    0.238525  0.310916  0.111181  [0.0, 0.0, 0.0]
 11  Br    0.213792  0.985854  0.111175  [0.0, 0.0, 0.0]
 12  Br    0.213792  0.63598   0.111175  [0.0, 0.0, 0.0]
 13  Br    0.738525  0.810917  0.111181  [0.0, 0.0, 0.0]
 14  Br    0.713791  0.485854  0.111175  [0.0, 0.0, 0.0]
 15  Br    0.713791  0.13598   0.111175  [0.0, 0.0, 0.0]",-0.214,"Full Formula (Ir4 Br12)
Reduced Formula: IrBr3
abc   :   6.481849  11.215355  26.737657
angles:  90.000000  94.462198  90.000000
pbc   :       True       True       True
Sites (16)
  #  SP            a         b         c
---  ----  ---------  --------  --------
  0  Ir    -0.094392  0.977633  0.163877
  1  Ir    -0.094392  0.6442    0.163877
  2  Ir     0.405609  0.477633  0.163878
  3  Ir     0.405609  0.144201  0.163878
  4  Br     0.09957   0.488058  0.216052
  5  Br     0.09957   0.133776  0.216052
  6  Br     0.06822   0.810917  0.216071
  7  Br     0.59957   0.988058  0.216052
  8  Br     0.59957   0.633776  0.216052
  9  Br     0.568219  0.310916  0.216071
 10  Br     0.242998  0.310916  0.111684
 11  Br     0.211648  0.988058  0.111703
 12  Br     0.211648  0.633776  0.111703
 13  Br     0.742998  0.810917  0.111684
 14  Br     0.711647  0.488058  0.111703
 15  Br     0.711647  0.133776  0.111703",JVASP-6202,,,,,mp-27397,1.7969,Ir4 Br12
2.7371,2.737,2.1573,80.673125,"Full Formula (Rh4 Br12)
Reduced Formula: RhBr3
abc   :   6.339195  10.979533  26.507829
angles:  90.000000  94.608963  90.000000
pbc   :       True       True       True
Sites (16)
  #  SP           a         b         c  velocities
---  ----  --------  --------  --------  ---------------
  0  Rh    0.884757  0.637204  0.162515  [0.0, 0.0, 0.0]
  1  Rh    0.884757  0.970532  0.162515  [0.0, 0.0, 0.0]
  2  Rh    0.384757  0.137204  0.162515  [0.0, 0.0, 0.0]
  3  Rh    0.384757  0.470531  0.162515  [0.0, 0.0, 0.0]
  4  Br    0.077592  0.129031  0.216064  [0.0, 0.0, 0.0]
  5  Br    0.077592  0.478705  0.216064  [0.0, 0.0, 0.0]
  6  Br    0.053101  0.803867  0.216067  [0.0, 0.0, 0.0]
  7  Br    0.577592  0.629031  0.216065  [0.0, 0.0, 0.0]
  8  Br    0.577592  0.978705  0.216065  [0.0, 0.0, 0.0]
  9  Br    0.553101  0.303867  0.216067  [0.0, 0.0, 0.0]
 10  Br    0.216413  0.303867  0.108964  [0.0, 0.0, 0.0]
 11  Br    0.191922  0.629031  0.108966  [0.0, 0.0, 0.0]
 12  Br    0.191922  0.978705  0.108966  [0.0, 0.0, 0.0]
 13  Br    0.716413  0.803867  0.108964  [0.0, 0.0, 0.0]
 14  Br    0.691922  0.129031  0.108966  [0.0, 0.0, 0.0]
 15  Br    0.691922  0.478705  0.108966  [0.0, 0.0, 0.0]",-0.369,"Full Formula (Rh4 Br12)
Reduced Formula: RhBr3
abc   :   6.445895  11.152067  26.510734
angles:  90.000000  94.686197  90.000000
pbc   :       True       True       True
Sites (16)
  #  SP            a         b         c
---  ----  ---------  --------  --------
  0  Rh    -0.115243  0.637098  0.162515
  1  Rh    -0.115243  0.970638  0.162515
  2  Rh     0.384757  0.137098  0.162515
  3  Rh     0.384757  0.470637  0.162515
  4  Br     0.080325  0.12625   0.215774
  5  Br     0.080325  0.481486  0.215774
  6  Br     0.047774  0.803867  0.215868
  7  Br     0.580325  0.62625   0.215775
  8  Br     0.580325  0.981486  0.215775
  9  Br     0.547774  0.303867  0.215868
 10  Br     0.22174   0.303867  0.109163
 11  Br     0.189189  0.62625   0.109256
 12  Br     0.189189  0.981486  0.109256
 13  Br     0.72174   0.803867  0.109163
 14  Br     0.689189  0.12625   0.109256
 15  Br     0.689189  0.481486  0.109256",JVASP-6085,,,,,mp-27871,1.4866,Rh4 Br12
2.6541,3.5432,2.119,165.899325,"Full Formula (Au2 Se2)
Reduced Formula: AuSe
abc   :   6.069564   3.687540  25.312794
angles:  90.000000  94.891180  90.000000
pbc   :       True       True       True
Sites (4)
  #  SP           a    b         c  velocities
---  ----  --------  ---  --------  ---------------
  0  Au    0.387207  0    0.182799  [0.0, 0.0, 0.0]
  1  Au    0.887207  0.5  0.182799  [0.0, 0.0, 0.0]
  2  Se    0.198878  0.5  0.128596  [0.0, 0.0, 0.0]
  3  Se    0.575537  0.5  0.237002  [0.0, 0.0, 0.0]",0.093,"Full Formula (Au2 Se2)
Reduced Formula: AuSe
abc   :   6.448553   3.748244  25.324641
angles:  90.000000  95.194967  90.000000
pbc   :       True       True       True
Sites (4)
  #  SP           a    b         c
---  ----  --------  ---  --------
  0  Au    0.387207  0    0.182799
  1  Au    0.887207  0.5  0.182799
  2  Se    0.194083  0.5  0.132782
  3  Se    0.580332  0.5  0.232816",JVASP-13596,,,,,mp-2793,1.2922,Au2 Se2
1.6219,1.6219,1.5723,71.92963333,"Full Formula (Mg1 Br2)
Reduced Formula: MgBr2
abc   :   3.839362   3.839362  27.026122
angles:  90.000000  90.000000 119.999999
pbc   :       True       True       True
Sites (3)
  #  SP           a         b         c  velocities
---  ----  --------  --------  --------  ---------------
  0  Mg    0.42643   0.044219  0.129988  [0.0, 0.0, 0.0]
  1  Br    0.759763  0.710886  0.185683  [0.0, 0.0, 0.0]
  2  Br    0.093097  0.377552  0.074292  [0.0, 0.0, 0.0]",-1.524,"Full Formula (Mg1 Br2)
Reduced Formula: MgBr2
abc   :   3.884752   3.884752  27.026122
angles:  90.000000  90.000000 120.000000
pbc   :       True       True       True
Sites (3)
  #  SP           a         b         c
---  ----  --------  --------  --------
  0  Mg    0.42643   0.044219  0.129988
  1  Br    0.759763  0.710886  0.185791
  2  Br    0.093097  0.377552  0.074184",JVASP-6040,,,,,mp-30034,4.6465,Mg1 Br2
4.4356,3.5097,2.3621,39.39566667,"Full Formula (Ti2 N2 Cl2)
Reduced Formula: TiNCl
abc   :   3.271283   3.949075  28.402487
angles:  90.000000  90.000000  90.000000
pbc   :       True       True       True
Sites (6)
  #  SP           a         b         c  velocities
---  ----  --------  --------  --------  ---------------
  0  Ti    0.282681  0.059131  0.17538   [0.0, 0.0, 0.0]
  1  Ti    0.782681  0.559131  0.120456  [0.0, 0.0, 0.0]
  2  N     0.282681  0.559131  0.161309  [0.0, 0.0, 0.0]
  3  N     0.782681  0.059131  0.134527  [0.0, 0.0, 0.0]
  4  Cl    0.782681  0.059131  0.240033  [0.0, 0.0, 0.0]
  5  Cl    0.282681  0.559131  0.055804  [0.0, 0.0, 0.0]",-1.625,"Full Formula (Ti2 N2 Cl2)
Reduced Formula: TiNCl
abc   :   3.275360   3.966688  28.402487
angles:  90.000000  90.000000  90.000000
pbc   :       True       True       True
Sites (6)
  #  SP           a         b         c
---  ----  --------  --------  --------
  0  Ti    0.282681  0.059131  0.17506
  1  Ti    0.782681  0.559131  0.120776
  2  N     0.282681  0.559131  0.161346
  3  N     0.782681  0.059131  0.13449
  4  Cl    0.782681  0.059131  0.239894
  5  Cl    0.282681  0.559131  0.055943",JVASP-6181,,,,,mp-27850,0.2527,Ti2 N2 Cl2
2.1913,1.5915,1.8223,73.847,"Full Formula (Os1 Cl2 O1)
Reduced Formula: OsCl2O
abc   :   3.601381   3.725705  26.675165
angles:  90.000000  90.000000  90.000000
pbc   :       True       True       True
Sites (4)
  #  SP      a    b         c  velocities
---  ----  ---  ---  --------  ---------------
  0  Os    0.5  0.5  0.237584  [0.0, 0.0, 0.0]
  1  Cl    0    0.5  0.177357  [0.0, 0.0, 0.0]
  2  Cl    0    0.5  0.29781   [0.0, 0.0, 0.0]
  3  O     0.5  0    0.237584  [0.0, 0.0, 0.0]",-0.669,"Full Formula (Os1 Cl2 O1)
Reduced Formula: OsCl2O
abc   :   3.630732   3.722344  26.675165
angles:  90.000000  90.000000  90.000000
pbc   :       True       True       True
Sites (4)
  #  SP      a    b         c
---  ----  ---  ---  --------
  0  Os    0.5  0.5  0.237584
  1  Cl    0    0.5  0.178193
  2  Cl    0    0.5  0.296974
  3  O     0.5  0    0.237584",JVASP-6223,,,,,mp-29133,0.0153,Os1 Cl2 O1
3.3404,3.3404,2.5341,104.2082,"Full Formula (Bi1 Te1 Cl1)
Reduced Formula: BiTeCl
abc   :   4.278415   4.278414  28.141645
angles:  90.000000  90.000000 119.999996
pbc   :       True       True       True
Sites (3)
  #  SP           a         b         c  velocities
---  ----  --------  --------  --------  ---------------
  0  Bi    0.333333  0.666667  0.068109  [0.0, 0.0, 0.0]
  1  Te    0.666667  0.333333  0.131704  [0.0, 0.0, 0.0]
  2  Cl    0         0         0.010289  [0.0, 0.0, 0.0]",-0.501,"Full Formula (Bi1 Te1 Cl1)
Reduced Formula: BiTeCl
abc   :   4.302993   4.302993  28.141645
angles:  90.000000  90.000000 119.999996
pbc   :       True       True       True
Sites (3)
  #  SP           a         b         c
---  ----  --------  --------  --------
  0  Bi    0.333333  0.666667  0.068579
  1  Te    0.666667  0.333333  0.13131
  2  Cl    0         0         0.010213",JVASP-6163,,,,,mp-28944,1.8173,Bi1 Te1 Cl1
2.4156,2.4156,2.051,71.047,"Full Formula (Bi2 Cl2 O2)
Reduced Formula: BiClO
abc   :   3.884467   3.884467  29.827791
angles:  90.000000  90.000000  90.000002
pbc   :       True       True       True
Sites (6)
  #  SP           a         b         c  velocities
---  ----  --------  --------  --------  ---------------
  0  Bi    0.500006  6e-06     0.174442  [0.0, 0.0, 0.0]
  1  Bi    6e-06     0.500006  0.087991  [0.0, 0.0, 0.0]
  2  Cl    6e-06     0.500006  0.221159  [0.0, 0.0, 0.0]
  3  Cl    0.500006  6e-06     0.041274  [0.0, 0.0, 0.0]
  4  O     6e-06     6e-06     0.131216  [0.0, 0.0, 0.0]
  5  O     0.500006  0.500006  0.131216  [0.0, 0.0, 0.0]",-1.327,"Full Formula (Bi2 Cl2 O2)
Reduced Formula: BiClO
abc   :   3.913872   3.913872  29.827791
angles:  90.000000  90.000000  90.000000
pbc   :       True       True       True
Sites (6)
  #  SP           a         b         c
---  ----  --------  --------  --------
  0  Bi    0.500006  6e-06     0.173989
  1  Bi    6e-06     0.500006  0.088444
  2  Cl    6e-06     0.500006  0.220056
  3  Cl    0.500006  6e-06     0.042377
  4  O     6e-06     6e-06     0.131216
  5  O     0.500006  0.500006  0.131216",JVASP-6220,,,,,mp-22939,2.8983,Bi2 Cl2 O2
2.0506,2.0029,1.8668,90.03875,"Full Formula (Nd2 Br6)
Reduced Formula: NdBr3
abc   :   4.090918   9.195923  24.388934
angles:  90.000000  90.000000  90.000000
pbc   :       True       True       True
Sites (8)
  #  SP       a         b         c  velocities
---  ----  ----  --------  --------  ---------------
  0  Nd     0.5  0         0.084592  [0.0, 0.0, 0.0]
  1  Nd    -0    0.5       0.095364  [0.0, 0.0, 0.0]
  2  Br     0.5  0.316282  0.034762  [0.0, 0.0, 0.0]
  3  Br    -0    0         2.6e-05   [0.0, 0.0, 0.0]
  4  Br     0.5  0.683718  0.034762  [0.0, 0.0, 0.0]
  5  Br     0    0.183718  0.145194  [0.0, 0.0, 0.0]
  6  Br    -0    0.816282  0.145194  [0.0, 0.0, 0.0]
  7  Br     0.5  0.5       0.17993   [0.0, 0.0, 0.0]",-1.895,"Full Formula (Nd2 Br6)
Reduced Formula: NdBr3
abc   :   4.125685   9.280261  24.388934
angles:  90.000000  90.000000  90.000000
pbc   :       True       True       True
Sites (8)
  #  SP      a         b         c
---  ----  ---  --------  --------
  0  Nd    0.5  0         0.084635
  1  Nd    0    0.5       0.095321
  2  Br    0.5  0.317368  0.034989
  3  Br    0    0         0
  4  Br    0.5  0.682632  0.034989
  5  Br    0    0.182632  0.144967
  6  Br    0    0.817368  0.144967
  7  Br    0.5  0.5       0.179956",JVASP-60300,3.2056,1.9807,1.9606,1.7926,mp-27975,1.6259,Nd2 Br6
9.2043,9.2043,1.9696,74.12623333,"Full Formula (Mn1 Br2)
Reduced Formula: MnBr2
abc   :   3.844090   3.844090  27.083515
angles:  90.000000  90.000000 119.999994
pbc   :       True       True       True
Sites (3)
  #  SP           a         b         c  velocities
---  ----  --------  --------  --------  ---------------
  0  Mn    0.433208  0.049181  0.130772  [0.0, 0.0, 0.0]
  1  Br    0.766541  0.715848  0.186844  [0.0, 0.0, 0.0]
  2  Br    0.099875  0.382514  0.0747    [0.0, 0.0, 0.0]",-0.684,"Full Formula (Mn1 Br2)
Reduced Formula: MnBr2
abc   :   3.897963   3.897963  27.083515
angles:  90.000000  90.000000 119.999992
pbc   :       True       True       True
Sites (3)
  #  SP           a         b         c
---  ----  --------  --------  --------
  0  Mn    0.433208  0.049181  0.130772
  1  Br    0.766541  0.715848  0.18623
  2  Br    0.099875  0.382514  0.075314",JVASP-6067,,,,,mp-28306,0.5181,Mn1 Br2
1.2538,1.2538,1.3759,102.40816,"Full Formula (Pb1 F4)
Reduced Formula: PbF4
abc   :   4.374188   4.374188  28.473000
angles:  90.000000  90.000000  90.000000
pbc   :       True       True       True
Sites (5)
  #  SP       a    b         c  velocities
---  ----  ----  ---  --------  ---------------
  0  F      0.5  0.5  0.079024  [0.0, 0.0, 0.0]
  1  F     -0    0.5  0.14879   [0.0, 0.0, 0.0]
  2  F      0.5  0    0.14879   [0.0, 0.0, 0.0]
  3  F      0.5  0.5  0.218556  [0.0, 0.0, 0.0]
  4  Pb     0.5  0.5  0.14879   [0.0, 0.0, 0.0]",-1.805,"Full Formula (Pb1 F4)
Reduced Formula: PbF4
abc   :   4.371800   4.371800  28.473000
angles:  90.000000  90.000000  90.000000
pbc   :       True       True       True
Sites (5)
  #  SP      a    b        c
---  ----  ---  ---  -------
  0  F     0.5  0.5  0.07865
  1  F     0    0.5  0.14879
  2  F     0.5  0    0.14879
  3  F     0.5  0.5  0.21893
  4  Pb    0.5  0.5  0.14879",JVASP-27755,,,,,mp-341,2.5125,F4 Pb1
22.6123,22.6096,2.4239,73.5888,"Full Formula (Ni1 Br2)
Reduced Formula: NiBr2
abc   :   3.653878   3.653878  22.802993
angles:  90.000000  90.000000 120.001258
pbc   :       True       True       True
Sites (3)
  #  SP           a         b         c  velocities
---  ----  --------  --------  --------  ---------------
  0  Br    0.666667  0.333333  0.000731  [0.0, 0.0, 0.0]
  1  Br    0.33333   0.66667   0.87651   [0.0, 0.0, 0.0]
  2  Ni    3e-06     0.999997  0.938377  [0.0, 0.0, 0.0]",-0.299,"Full Formula (Ni1 Br2)
Reduced Formula: NiBr2
abc   :   3.675190   3.675191  22.802993
angles:  90.000000  90.000000 119.999991
pbc   :       True       True       True
Sites (3)
  #  SP           a         b         c
---  ----  --------  --------  --------
  0  Br    0.666666  0.333332  0
  1  Br    0.333334  0.666668  0.877078
  2  Ni    0         0         0.938539",JVASP-60290,,,,,mp-27637,0.034,Br2 Ni1
17.1969,17.1957,2.0934,66.03243333,"Full Formula (Ni1 Cl2)
Reduced Formula: NiCl2
abc   :   3.461342   3.461342  22.613511
angles:  90.000000  90.000000 120.000027
pbc   :       True       True       True
Sites (3)
  #  SP            a         b         c  velocities
---  ----  ---------  --------  --------  ---------------
  0  Cl     0.333334  0.666666  0.999424  [0.0, 0.0, 0.0]
  1  Cl     0.666666  0.333334  0.116149  [0.0, 0.0, 0.0]
  2  Ni    -0         0         0.057786  [0.0, 0.0, 0.0]",-0.558,"Full Formula (Ni1 Cl2)
Reduced Formula: NiCl2
abc   :   3.460911   3.460911  22.613511
angles:  90.000000  90.000000 120.000017
pbc   :       True       True       True
Sites (3)
  #  SP           a         b         c
---  ----  --------  --------  --------
  0  Cl    0.333334  0.666666  0
  1  Cl    0.666666  0.333334  0.115573
  2  Ni    0         0         0.057786",JVASP-60287,,,,,mp-27396,1.328,Cl2 Ni1
3.8961,3.8961,1.9622,69.38333333,"Full Formula (Zr1 Cl2)
Reduced Formula: ZrCl2
abc   :   3.403962   3.403961  25.717317
angles:  90.000000  90.000000 120.000004
pbc   :       True       True       True
Sites (3)
  #  SP           a         b         c  velocities
---  ----  --------  --------  --------  ---------------
  0  Zr    0.333333  0.666667  0.53699   [0.0, 0.0, 0.0]
  1  Cl    0         0         0.470024  [0.0, 0.0, 0.0]
  2  Cl    0         0         0.603954  [0.0, 0.0, 0.0]",-1.693,"Full Formula (Zr1 Cl2)
Reduced Formula: ZrCl2
abc   :   3.416786   3.416786  25.717317
angles:  90.000000  90.000000 120.000004
pbc   :       True       True       True
Sites (3)
  #  SP           a         b         c
---  ----  --------  --------  --------
  0  Zr    0.333333  0.666667  0.53699
  1  Cl    0         0         0.47009
  2  Cl    0         0         0.603888",JVASP-6037,,,,,mp-23162,1.1973,Zr1 Cl2
11.3838,11.3838,7.6275,71.8029,"Full Formula (Sb2 Te2 Se1)
Reduced Formula: Sb2Te2Se
abc   :   4.226051   4.226051  29.198387
angles:  90.000000  90.000000 120.000002
pbc   :       True       True       True
Sites (5)
  #  SP           a         b         c  velocities
---  ----  --------  --------  --------  ---------------
  0  Sb    0         0         0.115741  [0.0, 0.0, 0.0]
  1  Sb    0.666667  0.333333  0.240424  [0.0, 0.0, 0.0]
  2  Te    0.666667  0.333333  0.055674  [0.0, 0.0, 0.0]
  3  Te    0         0         0.300491  [0.0, 0.0, 0.0]
  4  Se    0.333333  0.666667  0.178083  [0.0, 0.0, 0.0]",-0.126,"Full Formula (Sb2 Te2 Se1)
Reduced Formula: Sb2Te2Se
abc   :   4.240884   4.240884  29.198387
angles:  90.000000  90.000000 120.000002
pbc   :       True       True       True
Sites (5)
  #  SP           a         b         c
---  ----  --------  --------  --------
  0  Sb    0         0         0.116562
  1  Sb    0.666667  0.333333  0.239603
  2  Te    0.666667  0.333333  0.05674
  3  Te    0         0         0.299425
  4  Se    0.333333  0.666667  0.178083",JVASP-8996,,,,,mp-3525,0.2112,Sb2 Te2 Se1
,,,71.8940625,"Full Formula (Rh4 Cl12)
Reduced Formula: RhCl3
abc   :   6.006156  10.403081  26.273198
angles:  90.000000  94.367978  90.000000
pbc   :       True       True       True
Sites (16)
  #  SP           a         b         c  velocities
---  ----  --------  --------  --------  ---------------
  0  Rh    0.894257  0.97576   0.157019  [0.0, 0.0, 0.0]
  1  Rh    0.894257  0.642418  0.157019  [0.0, 0.0, 0.0]
  2  Rh    0.394257  0.47576   0.157019  [0.0, 0.0, 0.0]
  3  Rh    0.394257  0.142418  0.157019  [0.0, 0.0, 0.0]
  4  Cl    0.085898  0.483935  0.207448  [0.0, 0.0, 0.0]
  5  Cl    0.085898  0.134244  0.207448  [0.0, 0.0, 0.0]
  6  Cl    0.061325  0.809089  0.207451  [0.0, 0.0, 0.0]
  7  Cl    0.585898  0.983934  0.207448  [0.0, 0.0, 0.0]
  8  Cl    0.585898  0.634244  0.207448  [0.0, 0.0, 0.0]
  9  Cl    0.561325  0.30909   0.207451  [0.0, 0.0, 0.0]
 10  Cl    0.227188  0.30909   0.106588  [0.0, 0.0, 0.0]
 11  Cl    0.202615  0.983934  0.106591  [0.0, 0.0, 0.0]
 12  Cl    0.202615  0.634244  0.106591  [0.0, 0.0, 0.0]
 13  Cl    0.727188  0.809089  0.106588  [0.0, 0.0, 0.0]
 14  Cl    0.702615  0.483935  0.106591  [0.0, 0.0, 0.0]
 15  Cl    0.702615  0.134244  0.106591  [0.0, 0.0, 0.0]",-0.59,"Full Formula (Rh4 Cl12)
Reduced Formula: RhCl3
abc   :   6.093011  10.548561  26.275418
angles:  90.000000  94.430894  90.000000
pbc   :       True       True       True
Sites (16)
  #  SP            a         b         c
---  ----  ---------  --------  --------
  0  Rh    -0.105743  0.975772  0.157019
  1  Rh    -0.105743  0.642406  0.157019
  2  Rh     0.394257  0.475772  0.157019
  3  Rh     0.394257  0.142406  0.157019
  4  Cl     0.087861  0.485978  0.207135
  5  Cl     0.087861  0.132201  0.207135
  6  Cl     0.057094  0.809089  0.20724
  7  Cl     0.587861  0.985977  0.207135
  8  Cl     0.587861  0.632201  0.207135
  9  Cl     0.557094  0.30909   0.20724
 10  Cl     0.231419  0.30909   0.106799
 11  Cl     0.200652  0.985977  0.106904
 12  Cl     0.200652  0.632201  0.106904
 13  Cl     0.731419  0.809089  0.106799
 14  Cl     0.700652  0.485978  0.106904
 15  Cl     0.700652  0.132201  0.106904",JVASP-6148,,,,,mp-27770,,Rh4 Cl12
3.4853,3.6274,2.369,93.94533333,"Full Formula (Te2 Rh2 Cl2)
Reduced Formula: TeRhCl
abc   :   6.634815   3.690315  27.757830
angles:  90.000000 102.912320  90.000000
pbc   :       True       True       True
Sites (6)
  #  SP           a    b         c  velocities
---  ----  --------  ---  --------  ---------------
  0  Te    0.399557  0    0.061071  [0.0, 0.0, 0.0]
  1  Te    0.341291  0.5  0.161725  [0.0, 0.0, 0.0]
  2  Rh    0.625205  0.5  0.110967  [0.0, 0.0, 0.0]
  3  Rh    0.115643  0    0.11183   [0.0, 0.0, 0.0]
  4  Cl    0.897478  0.5  0.06037   [0.0, 0.0, 0.0]
  5  Cl    0.84337   0    0.162427  [0.0, 0.0, 0.0]",-0.435,"Full Formula (Te2 Rh2 Cl2)
Reduced Formula: TeRhCl
abc   :   6.756840   3.719586  27.783544
angles:  90.000000 103.141627  90.000000
pbc   :       True       True       True
Sites (6)
  #  SP            a    b         c
---  ----  ---------  ---  --------
  0  Te     0.399959  0    0.062473
  1  Te     0.340889  0.5  0.160323
  2  Rh     0.623979  0.5  0.111053
  3  Rh     0.116869  0    0.111744
  4  Cl     0.896885  0.5  0.061298
  5  Cl    -0.156037  0    0.161499",JVASP-8888,,,,,mp-22945,1.2309,Te2 Rh2 Cl2
3.5535,2.9912,2.7444,45.263,"Full Formula (Zr2 I2 N2)
Reduced Formula: ZrIN
abc   :   3.761097   4.126657  26.353899
angles:  90.000000  90.000000  90.000000
pbc   :       True       True       True
Sites (6)
  #  SP      a    b         c  velocities
---  ----  ---  ---  --------  ---------------
  0  Zr    0    0    0.467385  [0.0, 0.0, 0.0]
  1  Zr    0.5  0.5  0.532615  [0.0, 0.0, 0.0]
  2  I     0.5  0    0.379876  [0.0, 0.0, 0.0]
  3  I     0    0.5  0.620124  [0.0, 0.0, 0.0]
  4  N     0    0.5  0.490929  [0.0, 0.0, 0.0]
  5  N     0.5  0    0.509071  [0.0, 0.0, 0.0]",-1.499,"Full Formula (Zr2 I2 N2)
Reduced Formula: ZrIN
abc   :   3.772296   4.162897  26.353899
angles:  90.000000  90.000000  90.000000
pbc   :       True       True       True
Sites (6)
  #  SP      a    b         c
---  ----  ---  ---  --------
  0  Zr    0    0    0.467559
  1  Zr    0.5  0.5  0.532441
  2  I     0.5  0    0.37945
  3  I     0    0.5  0.62055
  4  N     0    0.5  0.490816
  5  N     0.5  0    0.509184",JVASP-27891,1.8691,3.0318,2.6097,2.4297,mp-23052,1.425,Zr2 I2 N2
3.7949,3.7949,3.4559,110.6542,"Full Formula (K2 Mg2 Sb2)
Reduced Formula: KMgSb
abc   :   4.738288   4.738288  28.355907
angles:  90.000000  90.000000  90.000000
pbc   :       True       True       True
Sites (6)
  #  SP           a         b         c  velocities
---  ----  --------  --------  --------  ---------------
  0  K     0.862275  0.362275  0.251288  [0.0, 0.0, 0.0]
  1  K     0.362275  0.862275  0.043392  [0.0, 0.0, 0.0]
  2  Mg    0.862275  0.862275  0.14734   [0.0, 0.0, 0.0]
  3  Mg    0.362275  0.362275  0.14734   [0.0, 0.0, 0.0]
  4  Sb    0.362275  0.862275  0.207779  [0.0, 0.0, 0.0]
  5  Sb    0.862275  0.362275  0.0869    [0.0, 0.0, 0.0]",-0.565,"Full Formula (K2 Mg2 Sb2)
Reduced Formula: KMgSb
abc   :   4.845267   4.845267  28.355907
angles:  90.000000  90.000000  90.000000
pbc   :       True       True       True
Sites (6)
  #  SP           a         b         c
---  ----  --------  --------  --------
  0  K     0.862275  0.362275  0.250673
  1  K     0.362275  0.862275  0.044007
  2  Mg    0.862275  0.862275  0.14734
  3  Mg    0.362275  0.362275  0.14734
  4  Sb    0.362275  0.862275  0.206502
  5  Sb    0.862275  0.362275  0.088177",JVASP-9002,,,,,mp-7089,0.7654,K2 Mg2 Sb2
3.7837,3.7837,2.7694,40.4786,"Full Formula (Sc2 C1 Cl2)
Reduced Formula: Sc2CCl2
abc   :   3.433539   3.433538  29.100014
angles:  90.000000  90.000000 119.999994
pbc   :       True       True       True
Sites (5)
  #  SP           a         b         c  velocities
---  ----  --------  --------  --------  ---------------
  0  Sc    0.666667  0.333333  0.131208  [0.0, 0.0, 0.0]
  1  Sc    0.333333  0.666667  0.215872  [0.0, 0.0, 0.0]
  2  C     0         0         0.17354   [0.0, 0.0, 0.0]
  3  Cl    0.333333  0.666667  0.073956  [0.0, 0.0, 0.0]
  4  Cl    0.666667  0.333333  0.273123  [0.0, 0.0, 0.0]",-1.642,"Full Formula (Sc2 C1 Cl2)
Reduced Formula: Sc2CCl2
abc   :   3.448989   3.448989  29.100014
angles:  90.000000  90.000000 119.999994
pbc   :       True       True       True
Sites (5)
  #  SP           a         b         c
---  ----  --------  --------  --------
  0  Sc    0.666667  0.333333  0.131232
  1  Sc    0.333333  0.666667  0.215848
  2  C     0         0         0.17354
  3  Cl    0.333333  0.666667  0.073794
  4  Cl    0.666667  0.333333  0.273285",JVASP-6172,,,,,mp-28479,0.9156,Sc2 C1 Cl2
4.2999,5.9427,3.5324,54.49275,"Full Formula (Ti2 S6)
Reduced Formula: TiS3
abc   :   5.022497   3.411773  29.517814
angles:  90.000000  95.775325  90.000000
pbc   :       True       True       True
Sites (8)
  #  SP           a     b         c  velocities
---  ----  --------  ----  --------  ---------------
  0  Ti    0.723083  0.25  0.115632  [0.0, 0.0, 0.0]
  1  Ti    0.276917  0.75  0.206811  [0.0, 0.0, 0.0]
  2  S     0.896499  0.75  0.064165  [0.0, 0.0, 0.0]
  3  S     0.488932  0.75  0.064143  [0.0, 0.0, 0.0]
  4  S     0.241143  0.25  0.146218  [0.0, 0.0, 0.0]
  5  S     0.758857  0.75  0.176225  [0.0, 0.0, 0.0]
  6  S     0.511068  0.25  0.2583    [0.0, 0.0, 0.0]
  7  S     0.103501  0.25  0.258278  [0.0, 0.0, 0.0]",-1.042,"Full Formula (Ti2 S6)
Reduced Formula: TiS3
abc   :   5.029731   3.415617  29.517814
angles:  90.000000  95.766991  90.000000
pbc   :       True       True       True
Sites (8)
  #  SP           a     b         c
---  ----  --------  ----  --------
  0  Ti    0.722972  0.25  0.115643
  1  Ti    0.277028  0.75  0.2068
  2  S     0.895748  0.75  0.064348
  3  S     0.489814  0.75  0.064281
  4  S     0.241151  0.25  0.146172
  5  S     0.758849  0.75  0.176271
  6  S     0.510186  0.25  0.258162
  7  S     0.104252  0.25  0.258095",JVASP-6151,,,,,mp-9920,0.135,Ti2 S6
,,,223.312625,"Full Formula (K2 Sb2 S4)
Reduced Formula: KSbS2
abc   :   8.563682   6.929783  27.466900
angles:  90.000000  90.000000 123.108292
pbc   :       True       True       True
Sites (8)
  #  SP           a         b         c  velocities
---  ----  --------  --------  --------  ---------------
  0  K     0.5       0.25      0.122981  [0.0, 0.0, 0.0]
  1  K     0.5       0.75      0.221684  [0.0, 0.0, 0.0]
  2  Sb    0         0.75      0.202184  [0.0, 0.0, 0.0]
  3  Sb    0         0.25      0.142482  [0.0, 0.0, 0.0]
  4  S     0.214844  0.729101  0.146688  [0.0, 0.0, 0.0]
  5  S     0.785156  0.770899  0.146688  [0.0, 0.0, 0.0]
  6  S     0.214844  0.229101  0.197978  [0.0, 0.0, 0.0]
  7  S     0.785156  0.270899  0.197978  [0.0, 0.0, 0.0]",-0.62,"Full Formula (K2 Sb2 S4)
Reduced Formula: KSbS2
abc   :   8.868600   6.976900  27.466900
angles:  90.000000  90.000000 121.646004
pbc   :       True       True       True
Sites (8)
  #  SP          a       b         c
---  ----  -------  ------  --------
  0  K      0.5     0.25    0.123321
  1  K      0.5     0.75    0.221344
  2  Sb    -0       0.75    0.201664
  3  Sb    -0       0.25    0.143002
  4  S      0.2036  0.7201  0.145828
  5  S      0.7964  0.7799  0.145828
  6  S      0.2036  0.2201  0.198838
  7  S      0.7964  0.2799  0.198838",JVASP-9026,,,,,mp-11703,,K2 Sb2 S4
10.8395,10.8395,1.7327,86.92111111,"Full Formula (Re1 Ag2 Cl6)
Reduced Formula: Re(AgCl3)2
abc   :   6.621201   6.621200  28.059407
angles:  90.000000  90.000000 119.999999
pbc   :       True       True       True
Sites (9)
  #  SP           a         b         c  velocities
---  ----  --------  --------  --------  ---------------
  0  Re    0.333333  0.666667  0.107269  [0.0, 0.0, 0.0]
  1  Ag    0.666667  0.333333  0.085714  [0.0, 0.0, 0.0]
  2  Ag    0         0         0.128824  [0.0, 0.0, 0.0]
  3  Cl    0.641637  0.700267  0.057917  [0.0, 0.0, 0.0]
  4  Cl    0.05863   0.358363  0.057917  [0.0, 0.0, 0.0]
  5  Cl    0.299733  0.94137   0.057917  [0.0, 0.0, 0.0]
  6  Cl    0.025029  0.633066  0.156621  [0.0, 0.0, 0.0]
  7  Cl    0.366934  0.391964  0.156621  [0.0, 0.0, 0.0]
  8  Cl    0.608036  0.974971  0.156621  [0.0, 0.0, 0.0]",-0.471,"Full Formula (Re1 Ag2 Cl6)
Reduced Formula: Re(AgCl3)2
abc   :   6.736377   6.736376  28.059407
angles:  90.000000  90.000000 119.999999
pbc   :       True       True       True
Sites (9)
  #  SP           a         b         c
---  ----  --------  --------  --------
  0  Re    0.333333  0.666667  0.107269
  1  Ag    0.666667  0.333333  0.063743
  2  Ag    0         0         0.150795
  3  Cl    0.635171  0.697558  0.057938
  4  Cl    0.062387  0.364829  0.057938
  5  Cl    0.302442  0.937613  0.057938
  6  Cl    0.031495  0.635775  0.1566
  7  Cl    0.364225  0.395721  0.1566
  8  Cl    0.604279  0.968505  0.1566",JVASP-6211,,,,,mp-23472,2.5423,Re1 Ag2 Cl6
2.3743,2.3743,2.1391,72.05383333,"Full Formula (Th2 Br2 N2)
Reduced Formula: ThBrN
abc   :   4.048656   4.048656  30.692487
angles:  90.000000  90.000000  90.000000
pbc   :       True       True       True
Sites (6)
  #  SP           a         b         c  velocities
---  ----  --------  --------  --------  ---------------
  0  Th    0.570265  0.070265  0.179986  [0.0, 0.0, 0.0]
  1  Th    0.070265  0.570265  0.103226  [0.0, 0.0, 0.0]
  2  Br    0.070265  0.570265  0.236941  [0.0, 0.0, 0.0]
  3  Br    0.570265  0.070265  0.046271  [0.0, 0.0, 0.0]
  4  N     0.070265  0.070265  0.141606  [0.0, 0.0, 0.0]
  5  N     0.570265  0.570265  0.141606  [0.0, 0.0, 0.0]",-2.057,"Full Formula (Th2 Br2 N2)
Reduced Formula: ThBrN
abc   :   4.060905   4.060905  30.692487
angles:  90.000000  90.000000  90.000000
pbc   :       True       True       True
Sites (6)
  #  SP           a         b         c
---  ----  --------  --------  --------
  0  Th    0.570265  0.070265  0.179582
  1  Th    0.070265  0.570265  0.10363
  2  Br    0.070265  0.570265  0.236166
  3  Br    0.570265  0.070265  0.047046
  4  N     0.070265  0.070265  0.141606
  5  N     0.570265  0.570265  0.141606",JVASP-6280,,,,,mp-28066,1.6517,Th2 Br2 N2
2.0253,2.0274,1.7166,73.51425,"Full Formula (Ir4 Cl12)
Reduced Formula: IrCl3
abc   :   6.086084  10.542434  28.273949
angles:  90.000000  93.987160  90.000000
pbc   :       True       True       True
Sites (16)
  #  SP           a         b         c  velocities
---  ----  --------  --------  --------  ---------------
  0  Ir    0.890374  0.972886  0.145189  [0.0, 0.0, 0.0]
  1  Ir    0.890374  0.639569  0.145189  [0.0, 0.0, 0.0]
  2  Ir    0.390373  0.472886  0.145189  [0.0, 0.0, 0.0]
  3  Ir    0.390373  0.139569  0.145189  [0.0, 0.0, 0.0]
  4  Cl    0.080463  0.481357  0.191605  [0.0, 0.0, 0.0]
  5  Cl    0.080463  0.131097  0.191605  [0.0, 0.0, 0.0]
  6  Cl    0.055109  0.806227  0.191611  [0.0, 0.0, 0.0]
  7  Cl    0.580463  0.981357  0.191605  [0.0, 0.0, 0.0]
  8  Cl    0.580463  0.631097  0.191605  [0.0, 0.0, 0.0]
  9  Cl    0.55511   0.306228  0.191611  [0.0, 0.0, 0.0]
 10  Cl    0.225638  0.306228  0.098767  [0.0, 0.0, 0.0]
 11  Cl    0.200284  0.981357  0.098773  [0.0, 0.0, 0.0]
 12  Cl    0.200284  0.631097  0.098773  [0.0, 0.0, 0.0]
 13  Cl    0.725638  0.806227  0.098767  [0.0, 0.0, 0.0]
 14  Cl    0.700285  0.481357  0.098773  [0.0, 0.0, 0.0]
 15  Cl    0.700285  0.131097  0.098773  [0.0, 0.0, 0.0]",-0.439,"Full Formula (Ir4 Cl12)
Reduced Formula: IrCl3
abc   :   6.144230  10.637828  28.275261
angles:  90.000000  94.025128  90.000000
pbc   :       True       True       True
Sites (16)
  #  SP            a         b         c
---  ----  ---------  --------  --------
  0  Ir    -0.109626  0.972905  0.145189
  1  Ir    -0.109626  0.63955   0.145189
  2  Ir     0.390373  0.472905  0.145189
  3  Ir     0.390373  0.13955   0.145189
  4  Cl     0.082234  0.483223  0.191043
  5  Cl     0.082234  0.129231  0.191043
  6  Cl     0.051127  0.806227  0.191103
  7  Cl     0.582234  0.983223  0.191043
  8  Cl     0.582234  0.629231  0.191043
  9  Cl     0.551128  0.306228  0.191103
 10  Cl     0.22962   0.306228  0.099275
 11  Cl     0.198513  0.983223  0.099335
 12  Cl     0.198513  0.629231  0.099335
 13  Cl     0.72962   0.806227  0.099275
 14  Cl     0.698514  0.483223  0.099335
 15  Cl     0.698514  0.129231  0.099335",JVASP-6136,,,,,mp-27666,2.0986,Ir4 Cl12
,,,66.55695,"Full Formula (Tl4 F4)
Reduced Formula: TlF
abc   :   5.302612   5.305790  26.386389
angles:  90.000000  90.000000  90.000000
pbc   :       True       True       True
Sites (8)
  #  SP           a         b         c  velocities
---  ----  --------  --------  --------  ---------------
  0  Tl    0.859692  0.049466  0.180968  [0.0, 0.0, 0.0]
  1  Tl    0.359692  0.548352  0.180968  [0.0, 0.0, 0.0]
  2  Tl    0.359692  0.048352  0.061065  [0.0, 0.0, 0.0]
  3  Tl    0.859692  0.549466  0.061065  [0.0, 0.0, 0.0]
  4  F     0.359692  0.046491  0.154611  [0.0, 0.0, 0.0]
  5  F     0.859692  0.551327  0.154611  [0.0, 0.0, 0.0]
  6  F     0.859692  0.051327  0.087422  [0.0, 0.0, 0.0]
  7  F     0.359692  0.546491  0.087422  [0.0, 0.0, 0.0]",-1.771,"Full Formula (Tl4 F4)
Reduced Formula: TlF
abc   :   5.237391   5.817352  26.386389
angles:  90.000000  90.000000  90.000000
pbc   :       True       True       True
Sites (8)
  #  SP           a         b         c
---  ----  --------  --------  --------
  0  Tl    0.859692  0.051082  0.179645
  1  Tl    0.359692  0.546736  0.179645
  2  Tl    0.359692  0.046736  0.062388
  3  Tl    0.859692  0.551082  0.062388
  4  F     0.359692  0.9725    0.155536
  5  F     0.859692  0.625318  0.155536
  6  F     0.859692  0.125318  0.086497
  7  F     0.359692  0.4725    0.086497",JVASP-6076,,,,,mp-720,,Tl4 F4
3.0658,1.7163,1.8445,255.47815,"Full Formula (K1 Au1 Se2)
Reduced Formula: KAuSe2
abc   :   3.757423   6.732223  27.905000
angles:  90.000000  90.000000  90.000000
pbc   :       True       True       True
Sites (4)
  #  SP      a         b         c  velocities
---  ----  ---  --------  --------  ---------------
  0  Au    0    0         0.141641  [0.0, 0.0, 0.0]
  1  K     0    0.5       0.141641  [0.0, 0.0, 0.0]
  2  Se    0.5  0.140541  0.092216  [0.0, 0.0, 0.0]
  3  Se    0.5  0.859459  0.191067  [0.0, 0.0, 0.0]",-0.369,"Full Formula (K1 Au1 Se2)
Reduced Formula: KAuSe2
abc   :   3.759600   7.905000  27.905000
angles:  90.000000  90.000000  90.000000
pbc   :       True       True       True
Sites (4)
  #  SP      a       b         c
---  ----  ---  ------  --------
  0  Au    0    0       0.141641
  1  K     0    0.5     0.141641
  2  Se    0.5  0.1501  0.099121
  3  Se    0.5  0.8499  0.184162",JVASP-8972,,,,,mp-29138,1.2272,Au1 K1 Se2
2.2968,2.2968,2.0286,47.13916667,"Full Formula (Tm2 I2 O2)
Reduced Formula: TmIO
abc   :   3.868562   3.868562  29.907783
angles:  90.000000  90.000000  90.000000
pbc   :       True       True       True
Sites (6)
  #  SP           a         b         c  velocities
---  ----  --------  --------  --------  ---------------
  0  Tm    0.773804  0.273804  0.201533  [0.0, 0.0, 0.0]
  1  Tm    0.273804  0.773804  0.129745  [0.0, 0.0, 0.0]
  2  I     0.273804  0.773804  0.264952  [0.0, 0.0, 0.0]
  3  I     0.773804  0.273804  0.066326  [0.0, 0.0, 0.0]
  4  O     0.773804  0.773804  0.165639  [0.0, 0.0, 0.0]
  5  O     0.273804  0.273804  0.165639  [0.0, 0.0, 0.0]",-2.871,"Full Formula (Tm2 I2 O2)
Reduced Formula: TmIO
abc   :   3.889053   3.889053  29.907783
angles:  90.000000  90.000000  90.000000
pbc   :       True       True       True
Sites (6)
  #  SP           a         b         c
---  ----  --------  --------  --------
  0  Tm    0.773804  0.273804  0.201353
  1  Tm    0.273804  0.773804  0.129925
  2  I     0.273804  0.773804  0.265596
  3  I     0.773804  0.273804  0.065682
  4  O     0.773804  0.773804  0.165639
  5  O     0.273804  0.273804  0.165639",JVASP-6259,,,,,mp-27439,3.5461,Tm2 I2 O2
,,,95.97411111,"Full Formula (Rb4 Pd6 S8)
Reduced Formula: Rb2Pd3S4
abc   :   6.167439  10.682300  27.757200
angles:  90.000000  90.000000  90.000000
pbc   :       True       True       True
Sites (18)
  #  SP       a         b         c  velocities
---  ----  ----  --------  --------  ---------------
  0  Pd    0.25  0.75      0.247813  [0.0, 0.0, 0.0]
  1  Pd    0.5   0.5       0.247813  [0.0, 0.0, 0.0]
  2  Pd    0.25  0.25      0.247813  [0.0, 0.0, 0.0]
  3  Pd    0.75  0.25      0.247813  [0.0, 0.0, 0.0]
  4  Pd    0     0         0.247813  [0.0, 0.0, 0.0]
  5  Pd    0.75  0.75      0.247813  [0.0, 0.0, 0.0]
  6  Rb    0     0.5       0.323699  [0.0, 0.0, 0.0]
  7  Rb    0     0.5       0.171928  [0.0, 0.0, 0.0]
  8  Rb    0.5   0         0.323699  [0.0, 0.0, 0.0]
  9  Rb    0.5   0         0.171928  [0.0, 0.0, 0.0]
 10  S     0     0.166662  0.304231  [0.0, 0.0, 0.0]
 11  S     0     0.166662  0.191395  [0.0, 0.0, 0.0]
 12  S     0     0.833338  0.304231  [0.0, 0.0, 0.0]
 13  S     0     0.833338  0.191395  [0.0, 0.0, 0.0]
 14  S     0.5   0.666662  0.304231  [0.0, 0.0, 0.0]
 15  S     0.5   0.666662  0.191395  [0.0, 0.0, 0.0]
 16  S     0.5   0.333338  0.304231  [0.0, 0.0, 0.0]
 17  S     0.5   0.333338  0.191395  [0.0, 0.0, 0.0]",-0.706,"Full Formula (Rb4 Pd6 S8)
Reduced Formula: Rb2Pd3S4
abc   :   6.375400  10.719800  27.757200
angles:  90.000000  90.000000  90.000000
pbc   :       True       True       True
Sites (18)
  #  SP       a       b         c
---  ----  ----  ------  --------
  0  Pd    0.25  0.75    0.247813
  1  Pd    0.5   0.5     0.247813
  2  Pd    0.25  0.25    0.247813
  3  Pd    0.75  0.25    0.247813
  4  Pd    0     0       0.247813
  5  Pd    0.75  0.75    0.247813
  6  Rb    0     0.5     0.325825
  7  Rb    0     0.5     0.169802
  8  Rb    0.5   0       0.325825
  9  Rb    0.5   0       0.169802
 10  S     0     0.1684  0.302976
 11  S     0     0.1684  0.19265
 12  S     0     0.8316  0.302976
 13  S     0     0.8316  0.19265
 14  S     0.5   0.6684  0.302976
 15  S     0.5   0.6684  0.19265
 16  S     0.5   0.3316  0.302976
 17  S     0.5   0.3316  0.19265",JVASP-9023,,,,,mp-11695,,Pd6 Rb4 S8
,,,232.852,"Full Formula (Ba4 Sb2 O1)
Reduced Formula: Ba4Sb2O
abc   :   5.235145   5.235145  27.442801
angles:  90.000000  90.000000  90.000000
pbc   :       True       True       True
Sites (7)
  #  SP       a     b         c  velocities
---  ----  ----  ----  --------  ---------------
  0  Ba     0     0    0.225145  [0.0, 0.0, 0.0]
  1  Ba     0    -0    0.446901  [0.0, 0.0, 0.0]
  2  Ba    -0     0.5  0.336023  [0.0, 0.0, 0.0]
  3  Ba     0.5   0    0.336023  [0.0, 0.0, 0.0]
  4  O      0    -0    0.336023  [0.0, 0.0, 0.0]
  5  Sb     0.5   0.5  0.429108  [0.0, 0.0, 0.0]
  6  Sb     0.5   0.5  0.242938  [0.0, 0.0, 0.0]",-1.407,"Full Formula (Ba4 Sb2 O1)
Reduced Formula: Ba4Sb2O
abc   :   5.331100   5.331100  27.442801
angles:  90.000000  90.000000  90.000000
pbc   :       True       True       True
Sites (7)
  #  SP      a    b         c
---  ----  ---  ---  --------
  0  Ba    0    0    0.221036
  1  Ba    0    0    0.45101
  2  Ba    0    0.5  0.336023
  3  Ba    0.5  0    0.336023
  4  O     0    0    0.336023
  5  Sb    0.5  0.5  0.428362
  6  Sb    0.5  0.5  0.243684",JVASP-9068,,,,,mp-9774,,Ba4 O1 Sb2
1.7848,1.7848,1.7168,82.4221,"Full Formula (Ca1 I2)
Reduced Formula: CaI2
abc   :   4.469329   4.469329  28.056872
angles:  90.000000  90.000000 119.999997
pbc   :       True       True       True
Sites (3)
  #  SP           a         b         c  velocities
---  ----  --------  --------  --------  ---------------
  0  Ca    0.397959  0.023377  0.143581  [0.0, 0.0, 0.0]
  1  I     0.731292  0.690044  0.206831  [0.0, 0.0, 0.0]
  2  I     0.064626  0.35671   0.080331  [0.0, 0.0, 0.0]",-1.636,"Full Formula (Ca1 I2)
Reduced Formula: CaI2
abc   :   4.545381   4.545381  28.056872
angles:  90.000000  90.000000 119.999992
pbc   :       True       True       True
Sites (3)
  #  SP           a         b         c
---  ----  --------  --------  --------
  0  Ca    0.397959  0.023377  0.143581
  1  I     0.731292  0.690044  0.206486
  2  I     0.064626  0.35671   0.080676",JVASP-6052,,,,,mp-30031,3.8346,Ca1 I2
2.0778,1.6682,1.6788,82.4015,"Full Formula (B1 P1 S4)
Reduced Formula: BPS4
abc   :   5.293726   4.722475  27.586887
angles:  90.000000  90.000000  90.000000
pbc   :       True       True       True
Sites (6)
  #  SP           a         b         c  velocities
---  ----  --------  --------  --------  ---------------
  0  B     0         0.5       0.191883  [0.0, 0.0, 0.0]
  1  P     0.5       0.5       0.191883  [0.0, 0.0, 0.0]
  2  S     0.767039  0.707391  0.150749  [0.0, 0.0, 0.0]
  3  S     0.232961  0.292609  0.150749  [0.0, 0.0, 0.0]
  4  S     0.767039  0.292609  0.233016  [0.0, 0.0, 0.0]
  5  S     0.232961  0.707391  0.233016  [0.0, 0.0, 0.0]",-0.229,"Full Formula (B1 P1 S4)
Reduced Formula: BPS4
abc   :   5.286693   6.260216  27.586887
angles:  90.000000  90.000000  90.000000
pbc   :       True       True       True
Sites (6)
  #  SP           a         b         c
---  ----  --------  --------  --------
  0  B     0         0.5       0.191883
  1  P     0.5       0.5       0.191883
  2  S     0.766284  0.669088  0.153457
  3  S     0.233716  0.330912  0.153457
  4  S     0.766284  0.330912  0.230308
  5  S     0.233716  0.669088  0.230308",JVASP-6190,,,,,mp-27724,1.5645,B1 P1 S4
1.7275,1.7275,1.6538,76.00554167,"Full Formula (Cd1 Br2)
Reduced Formula: CdBr2
abc   :   4.012260   4.012259  30.255037
angles:  90.000000  90.000000 120.000001
pbc   :       True       True       True
Sites (3)
  #  SP           a         b         c  velocities
---  ----  --------  --------  --------  ---------------
  0  Cd    0.426373  0.353578  0.23434   [0.0, 0.0, 0.0]
  1  Br    0.093038  0.686912  0.181946  [0.0, 0.0, 0.0]
  2  Br    0.759706  0.020245  0.286797  [0.0, 0.0, 0.0]",-0.809,"Full Formula (Cd1 Br2)
Reduced Formula: CdBr2
abc   :   4.073838   4.073838  30.255037
angles:  90.000000  90.000000 120.000001
pbc   :       True       True       True
Sites (3)
  #  SP           a         b          c
---  ----  --------  --------  ---------
  0  Cd    1.42637   0.353578  -0.765624
  1  Br    1.09304   0.686912  -0.81748
  2  Br    0.759706  0.020245  -0.713813",JVASP-5887,,,,,mp-27934,3.2483,Cd1 Br2
2.0446,2.0446,1.8582,56.60783333,"Full Formula (Sm2 Br2 O2)
Reduced Formula: SmBrO
abc   :   3.919465   3.919465  28.704662
angles:  90.000000  90.000000  90.000000
pbc   :       True       True       True
Sites (6)
  #  SP           a         b         c  velocities
---  ----  --------  --------  --------  ---------------
  0  Sm    0.601027  0.101027  0.193229  [0.0, 0.0, 0.0]
  1  Sm    0.101027  0.601027  0.11002   [0.0, 0.0, 0.0]
  2  Br    0.101027  0.601027  0.250394  [0.0, 0.0, 0.0]
  3  Br    0.601027  0.101027  0.052855  [0.0, 0.0, 0.0]
  4  O     0.601027  0.601027  0.151625  [0.0, 0.0, 0.0]
  5  O     0.101027  0.101027  0.151625  [0.0, 0.0, 0.0]",-3.024,"Full Formula (Sm2 Br2 O2)
Reduced Formula: SmBrO
abc   :   3.952975   3.952975  28.704662
angles:  90.000000  90.000000  90.000000
pbc   :       True       True       True
Sites (6)
  #  SP           a         b         c
---  ----  --------  --------  --------
  0  Sm    0.601027  0.101027  0.192786
  1  Sm    0.101027  0.601027  0.110463
  2  Br    0.101027  0.601027  0.250512
  3  Br    0.601027  0.101027  0.052737
  4  O     0.601027  0.601027  0.151625
  5  O     0.101027  0.101027  0.151625",JVASP-20033,,,,,mp-29327,4.7704,Sm2 Br2 O2
1.7462,1.7043,1.6228,81.396,"Full Formula (Dy2 Cl6)
Reduced Formula: DyCl3
abc   :   3.771049   8.484828  25.990744
angles:  90.000000  90.000000  90.000000
pbc   :       True       True       True
Sites (8)
  #  SP       a         b         c  velocities
---  ----  ----  --------  --------  ---------------
  0  Dy     0    0.75      0.120116  [0.0, 0.0, 0.0]
  1  Dy     0.5  0.25      0.129795  [0.0, 0.0, 0.0]
  2  Cl     0.5  0.75      0.048742  [0.0, 0.0, 0.0]
  3  Cl    -0    0.432356  0.078179  [0.0, 0.0, 0.0]
  4  Cl     0    0.067644  0.078179  [0.0, 0.0, 0.0]
  5  Cl     0.5  0.567644  0.171732  [0.0, 0.0, 0.0]
  6  Cl     0.5  0.932356  0.171732  [0.0, 0.0, 0.0]
  7  Cl    -0    0.25      0.201169  [0.0, 0.0, 0.0]",-2.288,"Full Formula (Dy2 Cl6)
Reduced Formula: DyCl3
abc   :   3.797230   8.568699  25.990744
angles:  90.000000  90.000000  90.000000
pbc   :       True       True       True
Sites (8)
  #  SP      a        b         c
---  ----  ---  -------  --------
  0  Dy    0    0.75     0.120565
  1  Dy    0.5  0.25     0.129346
  2  Cl    0.5  0.75     0.049076
  3  Cl    0    0.43112  0.078269
  4  Cl    0    0.06888  0.078269
  5  Cl    0.5  0.56888  0.171642
  6  Cl    0.5  0.93112  0.171642
  7  Cl    0    0.25     0.200835",JVASP-19551,,,,,mp-28448,3.9305,Dy2 Cl6
2.081,2.1673,2.0021,110.68335,"Full Formula (K2 Tl2 O2)
Reduced Formula: KTlO
abc   :   6.121361   3.729205  24.836918
angles:  90.000000  98.514780  90.000000
pbc   :       True       True       True
Sites (6)
  #  SP           a    b         c  velocities
---  ----  --------  ---  --------  ---------------
  0  K     0.311254  0    0.067497  [0.0, 0.0, 0.0]
  1  K     0.541999  0.5  0.188235  [0.0, 0.0, 0.0]
  2  Tl    0.800903  0.5  0.070665  [0.0, 0.0, 0.0]
  3  Tl    0.05235   0    0.185067  [0.0, 0.0, 0.0]
  4  O     0.152307  0.5  0.125299  [0.0, 0.0, 0.0]
  5  O     0.700946  0    0.130432  [0.0, 0.0, 0.0]",-1.015,"Full Formula (K2 Tl2 O2)
Reduced Formula: KTlO
abc   :   6.390493   3.705591  24.861372
angles:  90.000000  98.883293  90.000000
pbc   :       True       True       True
Sites (6)
  #  SP           a    b         c
---  ----  --------  ---  --------
  0  K     0.309994  0    0.066955
  1  K     0.543259  0.5  0.188777
  2  Tl    0.808287  0.5  0.070951
  3  Tl    0.044966  0    0.184781
  4  O     0.145294  0.5  0.127415
  5  O     0.707959  0    0.128316",JVASP-8951,,,,,mp-27716,1.5242,K2 Tl2 O2
2.4056,2.4056,2.172,122.6265,"Full Formula (Th2 N2 Cl2)
Reduced Formula: ThNCl
abc   :   4.002824   4.002824  27.045674
angles:  90.000000  90.000000  90.000000
pbc   :       True       True       True
Sites (6)
  #  SP           a         b         c  velocities
---  ----  --------  --------  --------  ---------------
  0  Th    0.860147  0.360147  0.085987  [0.0, 0.0, 0.0]
  1  Th    0.360147  0.860147  0.174523  [0.0, 0.0, 0.0]
  2  N     0.360147  0.360147  0.130255  [0.0, 0.0, 0.0]
  3  N     0.860147  0.860147  0.130255  [0.0, 0.0, 0.0]
  4  Cl    0.860147  0.360147  0.232647  [0.0, 0.0, 0.0]
  5  Cl    0.360147  0.860147  0.027864  [0.0, 0.0, 0.0]",-2.184,"Full Formula (Th2 N2 Cl2)
Reduced Formula: ThNCl
abc   :   4.095624   4.095624  27.045674
angles:  90.000000  90.000000  90.000000
pbc   :       True       True       True
Sites (6)
  #  SP           a         b         c
---  ----  --------  --------  --------
  0  Th    0.860147  0.360147  0.087517
  1  Th    0.360147  0.860147  0.172993
  2  N     0.360147  0.360147  0.130255
  3  N     0.860147  0.860147  0.130255
  4  Cl    0.860147  0.360147  0.228404
  5  Cl    0.360147  0.860147  0.032107",JVASP-8966,,,,,mp-28065,2.8402,Th2 N2 Cl2
8.6261,8.6261,6.4205,70.52874,"Full Formula (Bi2 Te2 Se1)
Reduced Formula: Bi2Te2Se
abc   :   4.326096   4.326097  30.268922
angles:  90.000000  90.000000 120.000002
pbc   :       True       True       True
Sites (5)
  #  SP           a         b         c  velocities
---  ----  --------  --------  --------  ---------------
  0  Bi    0         0         0.648764  [0.0, 0.0, 0.0]
  1  Bi    0.666667  0.333333  0.772668  [0.0, 0.0, 0.0]
  2  Te    0.666667  0.333333  0.589916  [0.0, 0.0, 0.0]
  3  Te    0         0         0.831517  [0.0, 0.0, 0.0]
  4  Se    0.333333  0.666667  0.710717  [0.0, 0.0, 0.0]",-0.241,"Full Formula (Bi2 Te2 Se1)
Reduced Formula: Bi2Te2Se
abc   :   4.346455   4.346456  30.268922
angles:  90.000000  90.000000 120.000002
pbc   :       True       True       True
Sites (5)
  #  SP           a         b         c
---  ----  --------  --------  --------
  0  Bi    0         0         0.649289
  1  Bi    0.666667  0.333333  0.772143
  2  Te    0.666667  0.333333  0.590801
  3  Te    0         0         0.830632
  4  Se    0.333333  0.666667  0.710717",JVASP-6298,,,,,mp-29666,0.9087,Bi2 Te2 Se1
15.0613,15.0613,2.1032,67.44563333,"Full Formula (Co1 Cl2)
Reduced Formula: CoCl2
abc   :   3.470087   3.470087  22.244725
angles:  90.000000  90.000000 120.000001
pbc   :       True       True       True
Sites (3)
  #  SP           a         b         c  velocities
---  ----  --------  --------  --------  ---------------
  0  Co    0.666667  0.333333  0.273394  [0.0, 0.0, 0.0]
  1  Cl    0         0         0.212213  [0.0, 0.0, 0.0]
  2  Cl    0.333333  0.666667  0.334575  [0.0, 0.0, 0.0]",-0.5,"Full Formula (Co1 Cl2)
Reduced Formula: CoCl2
abc   :   3.524824   3.524824  22.244725
angles:  90.000000  90.000000 120.000001
pbc   :       True       True       True
Sites (3)
  #  SP           a         b         c
---  ----  --------  --------  --------
  0  Co    0.666667  0.333333  0.273394
  1  Cl    0         0         0.213403
  2  Cl    0.333333  0.666667  0.333385",JVASP-8915,,,,,mp-23240,0.3612,Co1 Cl2
2.1494,2.1494,1.8088,92.2155,"Full Formula (Pb2 Cl2 F2)
Reduced Formula: PbClF
abc   :   4.002347   4.002347  27.337137
angles:  90.000000  90.000000  90.000000
pbc   :       True       True       True
Sites (6)
  #  SP           a         b         c  velocities
---  ----  --------  --------  --------  ---------------
  0  Pb    0.382711  0.882712  0.190855  [0.0, 0.0, 0.0]
  1  Pb    0.882712  0.382711  0.077539  [0.0, 0.0, 0.0]
  2  Cl    0.882712  0.382711  0.233501  [0.0, 0.0, 0.0]
  3  Cl    0.382711  0.882712  0.034894  [0.0, 0.0, 0.0]
  4  F     0.382711  0.382711  0.134197  [0.0, 0.0, 0.0]
  5  F     0.882712  0.882712  0.134197  [0.0, 0.0, 0.0]",-1.834,"Full Formula (Pb2 Cl2 F2)
Reduced Formula: PbClF
abc   :   4.156022   4.156022  27.337137
angles:  90.000000  90.000000  90.000000
pbc   :       True       True       True
Sites (6)
  #  SP           a         b         c
---  ----  --------  --------  --------
  0  Pb    0.382711  0.882712  0.1895
  1  Pb    0.882712  0.382711  0.078894
  2  Cl    0.882712  0.382711  0.228345
  3  Cl    0.382711  0.882712  0.04005
  4  F     0.382711  0.382711  0.134197
  5  F     0.882712  0.882712  0.134197",JVASP-8894,,,,,mp-22964,3.5921,Pb2 Cl2 F2
2.7344,2.7344,2.5008,96.2142625,"Full Formula (Bi2 I6)
Reduced Formula: BiI3
abc   :   7.588420   7.588421  27.085836
angles:  90.000000  90.000000 120.000000
pbc   :       True       True       True
Sites (8)
  #  SP           a         b         c  velocities
---  ----  --------  --------  --------  ---------------
  0  Bi    0         0         0.284133  [0.0, 0.0, 0.0]
  1  Bi    0.333333  0.666667  0.284081  [0.0, 0.0, 0.0]
  2  I     0.66668   0.997052  0.216651  [0.0, 0.0, 0.0]
  3  I     0.002948  0.669629  0.216651  [0.0, 0.0, 0.0]
  4  I     0.330371  0.33332   0.216651  [0.0, 0.0, 0.0]
  5  I     0.666653  0.669615  0.351564  [0.0, 0.0, 0.0]
  6  I     0.002962  0.333347  0.351564  [0.0, 0.0, 0.0]
  7  I     0.330385  0.997038  0.351564  [0.0, 0.0, 0.0]",-0.365,"Full Formula (Bi2 I6)
Reduced Formula: BiI3
abc   :   7.834961   7.834962  27.085836
angles:  90.000000  90.000000 120.000000
pbc   :       True       True       True
Sites (8)
  #  SP           a         b         c
---  ----  --------  --------  --------
  0  Bi    0         0         0.284028
  1  Bi    0.333333  0.666667  0.284186
  2  I     0.669315  0.979393  0.216795
  3  I     0.020607  0.689923  0.216795
  4  I     0.310077  0.330685  0.216795
  5  I     0.664018  0.687274  0.35142
  6  I     0.023256  0.335982  0.35142
  7  I     0.312726  0.976744  0.35142",JVASP-6094,,,,,mp-22849,2.5477,Bi2 I6
1.9072,1.8732,1.7476,87.721,"Full Formula (Sm2 Br6)
Reduced Formula: SmBr3
abc   :   4.015942   9.134716  28.313969
angles:  90.000000  90.000000  90.000000
pbc   :       True       True       True
Sites (8)
  #  SP       a         b         c  velocities
---  ----  ----  --------  --------  ---------------
  0  Sm     0.5  0.25      0.121839  [0.0, 0.0, 0.0]
  1  Sm    -0    0.75      0.130933  [0.0, 0.0, 0.0]
  2  Br     0    0.25      0.049667  [0.0, 0.0, 0.0]
  3  Br     0.5  0.566844  0.079255  [0.0, 0.0, 0.0]
  4  Br     0.5  0.933156  0.079255  [0.0, 0.0, 0.0]
  5  Br    -0    0.433156  0.173517  [0.0, 0.0, 0.0]
  6  Br     0    0.066844  0.173517  [0.0, 0.0, 0.0]
  7  Br     0.5  0.75      0.203105  [0.0, 0.0, 0.0]",-1.882,"Full Formula (Sm2 Br6)
Reduced Formula: SmBr3
abc   :   4.052082   9.242356  28.313969
angles:  90.000000  90.000000  90.000000
pbc   :       True       True       True
Sites (8)
  #  SP      a         b         c
---  ----  ---  --------  --------
  0  Sm    0.5  0.25      0.12202
  1  Sm    0    0.75      0.130752
  2  Br    0    0.25      0.049597
  3  Br    0.5  0.568074  0.079315
  4  Br    0.5  0.931926  0.079315
  5  Br    0    0.431926  0.173457
  6  Br    0    0.068074  0.173457
  7  Br    0.5  0.75      0.203175",JVASP-13598,,,,,mp-27976,3.0413,Sm2 Br6
2.5339,2.5201,2.3039,62.06466667,"Full Formula (Er2 Se2 I2)
Reduced Formula: ErSeI
abc   :   4.167656   5.568191  29.819798
angles:  90.000000  90.000000  90.000000
pbc   :       True       True       True
Sites (6)
  #  SP           a         b         c  velocities
---  ----  --------  --------  --------  ---------------
  0  Er    0.668241  0.874693  0.202646  [0.0, 0.0, 0.0]
  1  Er    0.168241  0.374693  0.126659  [0.0, 0.0, 0.0]
  2  Se    0.668241  0.374693  0.191324  [0.0, 0.0, 0.0]
  3  Se    0.168241  0.874693  0.13798   [0.0, 0.0, 0.0]
  4  I     0.168241  0.874693  0.275462  [0.0, 0.0, 0.0]
  5  I     0.668241  0.374693  0.053842  [0.0, 0.0, 0.0]",-1.66,"Full Formula (Er2 Se2 I2)
Reduced Formula: ErSeI
abc   :   4.202814   5.613280  29.819798
angles:  90.000000  90.000000  90.000000
pbc   :       True       True       True
Sites (6)
  #  SP           a         b         c
---  ----  --------  --------  --------
  0  Er    0.668241  0.874693  0.202968
  1  Er    0.168241  0.374693  0.126337
  2  Se    0.668241  0.374693  0.190751
  3  Se    0.168241  0.874693  0.138553
  4  I     0.168241  0.874693  0.276141
  5  I     0.668241  0.374693  0.053163",JVASP-6175,,,,,mp-28458,2.0591,Er2 Se2 I2
3.1234,3.898,2.5825,139.0524444,"Full Formula (Na2 Pd3 O4)
Reduced Formula: Na2Pd3O4
abc   :   3.083152   5.481996  27.409200
angles:  90.000000  90.000000  90.000000
pbc   :       True       True       True
Sites (9)
  #  SP      a         b         c  velocities
---  ----  ---  --------  --------  ---------------
  0  Na    0.5  0         0.152562  [0.0, 0.0, 0.0]
  1  Na    0.5  0         0.33666   [0.0, 0.0, 0.0]
  2  O     0    0.252697  0.300893  [0.0, 0.0, 0.0]
  3  O     0    0.747303  0.18833   [0.0, 0.0, 0.0]
  4  O     0    0.252697  0.18833   [0.0, 0.0, 0.0]
  5  O     0    0.747303  0.300893  [0.0, 0.0, 0.0]
  6  Pd    0.5  0.5       0.297804  [0.0, 0.0, 0.0]
  7  Pd    0.5  0.5       0.191419  [0.0, 0.0, 0.0]
  8  Pd    0    0         0.244611  [0.0, 0.0, 0.0]",-0.866,"Full Formula (Na2 Pd3 O4)
Reduced Formula: Na2Pd3O4
abc   :   3.103600   5.534900  27.409200
angles:  90.000000  90.000000  90.000000
pbc   :       True       True       True
Sites (9)
  #  SP      a       b         c
---  ----  ---  ------  --------
  0  Na    0.5  0       0.145837
  1  Na    0.5  0       0.343385
  2  O     0    0.2538  0.301068
  3  O     0    0.7462  0.188155
  4  O     0    0.2538  0.188155
  5  O     0    0.7462  0.301068
  6  Pd    0.5  0.5     0.296371
  7  Pd    0.5  0.5     0.192852
  8  Pd    0    0       0.244611",JVASP-8942,,,,,mp-27562,0.0049,Na2 O4 Pd3
,,,66.30825,"Full Formula (Ta2 I4 O2)
Reduced Formula: TaI2O
abc   :   7.471619   3.896019  26.172938
angles:  90.000000 124.532551  90.000000
pbc   :       True       True       True
Sites (8)
  #  SP            a         b         c  velocities
---  ----  ---------  --------  --------  ---------------
  0  Ta     0.779694  0.571711  0.1737    [0.0, 0.0, 0.0]
  1  Ta     0.367098  0.571711  0.173707  [0.0, 0.0, 0.0]
  2  I      0.358951  0.571711  0.065718  [0.0, 0.0, 0.0]
  3  I     -0.100991  0.571711  0.085887  [0.0, 0.0, 0.0]
  4  I      0.787841  0.571711  0.281689  [0.0, 0.0, 0.0]
  5  I      0.247783  0.571711  0.26152   [0.0, 0.0, 0.0]
  6  O      0.786065  0.071711  0.173707  [0.0, 0.0, 0.0]
  7  O      0.360727  0.071711  0.173701  [0.0, 0.0, 0.0]",-1.332,"Full Formula (Ta2 I4 O2)
Reduced Formula: TaI2O
abc   :   8.642535   3.903281  26.172938
angles:  90.000000 119.345350  90.000000
pbc   :       True       True       True
Sites (8)
  #  SP           a         b         c
---  ----  --------  --------  --------
  0  Ta    0.77979   0.571711  0.173653
  1  Ta    0.367002  0.571711  0.173754
  2  I     0.492563  0.571711  0.085165
  3  I     0.008009  0.571711  0.101664
  4  I     0.654229  0.571711  0.262242
  5  I     0.138783  0.571711  0.245743
  6  O     0.786401  0.071711  0.17367
  7  O     0.360391  0.071711  0.173738",JVASP-6160,,,,,mp-29027,,Ta2 I4 O2
2.078,2.078,2.2395,100.0848333,"Full Formula (Rb2 Li2 Se2)
Reduced Formula: RbLiSe
abc   :   4.483502   4.483502  27.606283
angles:  90.000000  90.000000  90.000000
pbc   :       True       True       True
Sites (6)
  #  SP           a         b         c  velocities
---  ----  --------  --------  --------  ---------------
  0  Rb    0.820447  0.320447  0.233116  [0.0, 0.0, 0.0]
  1  Rb    0.320447  0.820447  0.042412  [0.0, 0.0, 0.0]
  2  Li    0.820447  0.820447  0.137764  [0.0, 0.0, 0.0]
  3  Li    0.320447  0.320447  0.137764  [0.0, 0.0, 0.0]
  4  Se    0.320447  0.820447  0.187927  [0.0, 0.0, 0.0]
  5  Se    0.820447  0.320447  0.0876    [0.0, 0.0, 0.0]",-1.212,"Full Formula (Rb2 Li2 Se2)
Reduced Formula: RbLiSe
abc   :   4.635452   4.635452  27.606283
angles:  90.000000  90.000000  90.000000
pbc   :       True       True       True
Sites (6)
  #  SP           a         b         c
---  ----  --------  --------  --------
  0  Rb    0.820447  0.320447  0.230689
  1  Rb    0.320447  0.820447  0.044839
  2  Li    0.820447  0.820447  0.137764
  3  Li    0.320447  0.320447  0.137764
  4  Se    0.320447  0.820447  0.187487
  5  Se    0.820447  0.320447  0.08804",JVASP-9065,,,,,mp-9250,1.1428,Rb2 Li2 Se2
2.7125,2.7125,2.4164,54.00283333,"Full Formula (Th2 I2 N2)
Reduced Formula: ThIN
abc   :   4.122332   4.122332  29.971282
angles:  90.000000  90.000000  90.000000
pbc   :       True       True       True
Sites (6)
  #  SP           a         b         c  velocities
---  ----  --------  --------  --------  ---------------
  0  Th    0.710062  0.210062  0.204581  [0.0, 0.0, 0.0]
  1  Th    0.210062  0.710062  0.128114  [0.0, 0.0, 0.0]
  2  I     0.210062  0.710062  0.271175  [0.0, 0.0, 0.0]
  3  I     0.710062  0.210062  0.06152   [0.0, 0.0, 0.0]
  4  N     0.210062  0.210062  0.166347  [0.0, 0.0, 0.0]
  5  N     0.710062  0.710062  0.166347  [0.0, 0.0, 0.0]",-1.875,"Full Formula (Th2 I2 N2)
Reduced Formula: ThIN
abc   :   4.120153   4.120153  29.971282
angles:  90.000000  90.000000  90.000000
pbc   :       True       True       True
Sites (6)
  #  SP           a         b         c
---  ----  --------  --------  --------
  0  Th    0.710062  0.210062  0.204391
  1  Th    0.210062  0.710062  0.128304
  2  I     0.210062  0.710062  0.27139
  3  I     0.710062  0.210062  0.061305
  4  N     0.210062  0.210062  0.166347
  5  N     0.710062  0.710062  0.166347",JVASP-6178,,,,,mp-28067,2.8828,Th2 I2 N2
2.4767,2.4767,4.2158,107.3608571,"Full Formula (K4 Hg1 As2)
Reduced Formula: K4HgAs2
abc   :   5.624525   5.624525  28.280399
angles:  90.000000  90.000000 119.999244
pbc   :       True       True       True
Sites (7)
  #  SP            a         b         c  velocities
---  ----  ---------  --------  --------  ---------------
  0  As     0.333322  0.666678  0.576858  [0.0, 0.0, 0.0]
  1  As     0.333321  0.666679  0.756459  [0.0, 0.0, 0.0]
  2  Hg     0.333323  0.666677  0.666657  [0.0, 0.0, 0.0]
  3  K      0.666668  0.333332  0.542019  [0.0, 0.0, 0.0]
  4  K     -5e-06     5e-06     0.791293  [0.0, 0.0, 0.0]
  5  K      0.666671  0.333329  0.718247  [0.0, 0.0, 0.0]
  6  K     -0         0         0.615066  [0.0, 0.0, 0.0]",-0.389,"Full Formula (K4 Hg1 As2)
Reduced Formula: K4HgAs2
abc   :   5.811800   5.811800  28.280399
angles:  90.000000  90.000000 120.000000
pbc   :       True       True       True
Sites (7)
  #  SP         a       b       c
---  ----  ------  ------  ------
  0  As    0.3333  0.6667  0.5773
  1  As    0.3333  0.6667  0.756
  2  Hg    0.3333  0.6667  0.6667
  3  K     0.6667  0.3333  0.5412
  4  K     0       0       0.7921
  5  K     0.6667  0.3333  0.7222
  6  K     0       0       0.6111",JVASP-8981,,,,,mp-29484,0.2888,As2 Hg1 K4
,,,71.147,"Full Formula (Ru1 Cl2 O1)
Reduced Formula: RuCl2O
abc   :   3.535916   3.674029  26.693073
angles:  90.000000  90.000000  90.000000
pbc   :       True       True       True
Sites (4)
  #  SP      a    b         c  velocities
---  ----  ---  ---  --------  ---------------
  0  Ru    0.5  0.5  0.23776   [0.0, 0.0, 0.0]
  1  Cl    0    0.5  0.176637  [0.0, 0.0, 0.0]
  2  Cl    0    0.5  0.298883  [0.0, 0.0, 0.0]
  3  O     0.5  0    0.23776   [0.0, 0.0, 0.0]",-0.765,"Full Formula (Ru1 Cl2 O1)
Reduced Formula: RuCl2O
abc   :   3.583924   3.693889  26.693073
angles:  90.000000  90.000000  90.000000
pbc   :       True       True       True
Sites (4)
  #  SP      a    b         c
---  ----  ---  ---  --------
  0  Ru    0.5  0.5  0.23776
  1  Cl    0    0.5  0.177217
  2  Cl    0    0.5  0.298303
  3  O     0.5  0    0.23776",JVASP-6226,,,,,mp-29132,,Ru1 Cl2 O1
,,,64.70566667,"Full Formula (Nd2 Br2 O2)
Reduced Formula: NdBrO
abc   :   3.983740   3.983740  30.499456
angles:  90.000000  90.000000  90.000000
pbc   :       True       True       True
Sites (6)
  #  SP           a         b         c  velocities
---  ----  --------  --------  --------  ---------------
  0  Nd    0.557425  0.057425  0.179317  [0.0, 0.0, 0.0]
  1  Nd    0.057425  0.557425  0.099359  [0.0, 0.0, 0.0]
  2  Br    0.057425  0.557425  0.233006  [0.0, 0.0, 0.0]
  3  Br    0.557425  0.057425  0.04567   [0.0, 0.0, 0.0]
  4  O     0.057425  0.057425  0.139338  [0.0, 0.0, 0.0]
  5  O     0.557425  0.557425  0.139338  [0.0, 0.0, 0.0]",-2.994,"Full Formula (Nd2 Br2 O2)
Reduced Formula: NdBrO
abc   :   4.018941   4.018941  30.499456
angles:  90.000000  90.000000  90.000000
pbc   :       True       True       True
Sites (6)
  #  SP           a         b         c
---  ----  --------  --------  --------
  0  Nd    0.557425  0.057425  0.178839
  1  Nd    0.057425  0.557425  0.099837
  2  Br    0.057425  0.557425  0.232688
  3  Br    0.557425  0.057425  0.045988
  4  O     0.057425  0.057425  0.139338
  5  O     0.557425  0.557425  0.139338",JVASP-6250,,,,,mp-23068,,Nd2 Br2 O2
2.179,2.2351,2.0186,61.176,"Full Formula (Dy2 S2 Br2)
Reduced Formula: DySBr
abc   :   4.040849   5.340034  29.112520
angles:  90.000000  90.000000  90.000000
pbc   :       True       True       True
Sites (6)
  #  SP           a         b         c  velocities
---  ----  --------  --------  --------  ---------------
  0  Dy    0.617117  0.349614  0.196287  [0.0, 0.0, 0.0]
  1  Dy    0.117117  0.849614  0.116723  [0.0, 0.0, 0.0]
  2  S     0.617117  0.849614  0.180503  [0.0, 0.0, 0.0]
  3  S     0.117117  0.349614  0.132507  [0.0, 0.0, 0.0]
  4  Br    0.117117  0.349614  0.263551  [0.0, 0.0, 0.0]
  5  Br    0.617117  0.849614  0.04946   [0.0, 0.0, 0.0]",-2.055,"Full Formula (Dy2 S2 Br2)
Reduced Formula: DySBr
abc   :   4.078588   5.362741  29.112520
angles:  90.000000  90.000000  90.000000
pbc   :       True       True       True
Sites (6)
  #  SP           a         b         c
---  ----  --------  --------  --------
  0  Dy    0.617117  0.349614  0.196425
  1  Dy    0.117117  0.849614  0.116585
  2  S     0.617117  0.849614  0.179697
  3  S     0.117117  0.349614  0.133313
  4  Br    0.117117  0.349614  0.263965
  5  Br    0.617117  0.849614  0.049046",JVASP-6169,,,,,mp-28928,2.9183,Dy2 S2 Br2
1.3026,1.3026,1.3386,216.902,"Full Formula (Sr1 O2)
Reduced Formula: SrO2
abc   :   3.465660   3.465660  25.820580
angles:  90.000000  90.000000  90.000000
pbc   :       True       True       True
Sites (3)
  #  SP      a    b         c  velocities
---  ----  ---  ---  --------  ---------------
  0  Sr    0.5  0.5  0.132076  [0.0, 0.0, 0.0]
  1  O     0    0    0.102239  [0.0, 0.0, 0.0]
  2  O     0    0    0.161914  [0.0, 0.0, 0.0]",-1.922,"Full Formula (Sr1 O2)
Reduced Formula: SrO2
abc   :   3.573303   3.573303  25.820580
angles:  90.000000  90.000000  90.000000
pbc   :       True       True       True
Sites (3)
  #  SP      a    b         c
---  ----  ---  ---  --------
  0  Sr    0.5  0.5  0.132076
  1  O     0    0    0.102847
  2  O     0    0    0.161306",JVASP-8936,,,,,mp-2697,2.9641,Sr1 O2
2.1303,2.1759,1.983,58.9625,"Full Formula (Lu2 S2 Br2)
Reduced Formula: LuSBr
abc   :   3.923319   5.241153  29.741302
angles:  90.000000  90.000000  90.000000
pbc   :       True       True       True
Sites (6)
  #  SP           a         b         c  velocities
---  ----  --------  --------  --------  ---------------
  0  Lu    0.730805  0.423889  0.201142  [0.0, 0.0, 0.0]
  1  Lu    0.230805  0.923889  0.126392  [0.0, 0.0, 0.0]
  2  S     0.730805  0.923889  0.187873  [0.0, 0.0, 0.0]
  3  S     0.230805  0.423889  0.139661  [0.0, 0.0, 0.0]
  4  Br    0.230805  0.423889  0.265983  [0.0, 0.0, 0.0]
  5  Br    0.730805  0.923889  0.061552  [0.0, 0.0, 0.0]",-2.048,"Full Formula (Lu2 S2 Br2)
Reduced Formula: LuSBr
abc   :   3.957289   5.271898  29.741302
angles:  90.000000  90.000000  90.000000
pbc   :       True       True       True
Sites (6)
  #  SP           a         b         c
---  ----  --------  --------  --------
  0  Lu    0.730805  0.423889  0.20116
  1  Lu    0.230805  0.923889  0.126374
  2  S     0.730805  0.923889  0.187438
  3  S     0.230805  0.423889  0.140096
  4  Br    0.230805  0.423889  0.266359
  5  Br    0.730805  0.923889  0.061176",JVASP-6205,,,,,mp-27246,3.0196,Lu2 S2 Br2
10.0634,10.0634,2.3645,82.28673333,"Full Formula (Mn1 I2)
Reduced Formula: MnI2
abc   :   4.117016   4.117016  27.235270
angles:  90.000000  90.000000 120.000001
pbc   :       True       True       True
Sites (3)
  #  SP           a         b         c  velocities
---  ----  --------  --------  --------  ---------------
  0  Mn    0.372333  0.004617  0.132829  [0.0, 0.0, 0.0]
  1  I     0.039     0.33795   0.193914  [0.0, 0.0, 0.0]
  2  I     0.705666  0.671284  0.071744  [0.0, 0.0, 0.0]",-0.302,"Full Formula (Mn1 I2)
Reduced Formula: MnI2
abc   :   4.158086   4.158086  27.235270
angles:  90.000000  90.000000 120.000000
pbc   :       True       True       True
Sites (3)
  #  SP           a         b         c
---  ----  --------  --------  --------
  0  Mn    0.372333  0.004617  0.132829
  1  I     0.039     0.33795   0.193785
  2  I     0.705666  0.671284  0.071873",JVASP-6031,,,,,mp-28013,0.5088,Mn1 I2
3.3463,3.3463,2.7398,52.16733333,"Full Formula (Bi2 I2 O2)
Reduced Formula: BiIO
abc   :   4.020378   4.020378  29.759282
angles:  90.000000  90.000000  90.000000
pbc   :       True       True       True
Sites (6)
  #  SP           a         b         c  velocities
---  ----  --------  --------  --------  ---------------
  0  Bi    0.711339  0.211339  0.20572   [0.0, 0.0, 0.0]
  1  Bi    0.211339  0.711339  0.12222   [0.0, 0.0, 0.0]
  2  I     0.211339  0.711339  0.268236  [0.0, 0.0, 0.0]
  3  I     0.711339  0.211339  0.059705  [0.0, 0.0, 0.0]
  4  O     0.211339  0.211339  0.16397   [0.0, 0.0, 0.0]
  5  O     0.711339  0.711339  0.16397   [0.0, 0.0, 0.0]",-1.025,"Full Formula (Bi2 I2 O2)
Reduced Formula: BiIO
abc   :   4.028305   4.028305  29.759282
angles:  90.000000  90.000000  90.000000
pbc   :       True       True       True
Sites (6)
  #  SP           a         b         c
---  ----  --------  --------  --------
  0  Bi    0.711339  0.211339  0.205546
  1  Bi    0.211339  0.711339  0.122394
  2  I     0.211339  0.711339  0.268509
  3  I     0.711339  0.211339  0.059432
  4  O     0.211339  0.211339  0.16397
  5  O     0.711339  0.711339  0.16397",JVASP-6214,,,,,mp-22987,1.3306,Bi2 I2 O2
1.8978,1.8978,1.7495,83.85783333,"Full Formula (Ba2 I2 F2)
Reduced Formula: BaIF
abc   :   4.511247   4.511247  28.098809
angles:  90.000000  90.000000  90.000000
pbc   :       True       True       True
Sites (6)
  #  SP           a         b         c  velocities
---  ----  --------  --------  --------  ---------------
  0  Ba    0.35752   0.857519  0.196037  [0.0, 0.0, 0.0]
  1  Ba    0.857519  0.35752   0.09219   [0.0, 0.0, 0.0]
  2  I     0.857519  0.35752   0.253461  [0.0, 0.0, 0.0]
  3  I     0.35752   0.857519  0.034765  [0.0, 0.0, 0.0]
  4  F     0.35752   0.35752   0.144113  [0.0, 0.0, 0.0]
  5  F     0.857519  0.857519  0.144113  [0.0, 0.0, 0.0]",-2.97,"Full Formula (Ba2 I2 F2)
Reduced Formula: BaIF
abc   :   4.722230   4.722230  28.098809
angles:  90.000000  90.000000  90.000000
pbc   :       True       True       True
Sites (6)
  #  SP           a         b         c
---  ----  --------  --------  --------
  0  Ba    0.35752   0.857519  0.19335
  1  Ba    0.857519  0.35752   0.094877
  2  I     0.857519  0.35752   0.244516
  3  I     0.35752   0.857519  0.04371
  4  F     0.35752   0.35752   0.144113
  5  F     0.857519  0.857519  0.144113",JVASP-8891,,,,,mp-22951,4.3797,Ba2 I2 F2
1.372,1.372,1.3424,274.294,"Full Formula (Ba1 O2)
Reduced Formula: BaO2
abc   :   3.741819   3.741819  25.978295
angles:  90.000000  90.000000  90.000000
pbc   :       True       True       True
Sites (3)
  #  SP      a    b         c  velocities
---  ----  ---  ---  --------  ---------------
  0  Ba    0.5  0.5  0.13431   [0.0, 0.0, 0.0]
  1  O     0    0    0.104856  [0.0, 0.0, 0.0]
  2  O     0    0    0.163765  [0.0, 0.0, 0.0]",-1.812,"Full Formula (Ba1 O2)
Reduced Formula: BaO2
abc   :   3.865935   3.865935  25.978295
angles:  90.000000  90.000000  90.000000
pbc   :       True       True       True
Sites (3)
  #  SP      a    b         c
---  ----  ---  ---  --------
  0  Ba    0.5  0.5  0.13431
  1  O     0    0    0.10539
  2  O     0    0    0.163231",JVASP-8861,,,,,mp-1105,2.4189,Ba1 O2
1.5284,1.5578,1.4095,165.433125,"Full Formula (Rb2 Bi2 O4)
Reduced Formula: RbBiO2
abc   :   7.971928   5.918723  28.776600
angles:  90.000000  90.000000 125.757799
pbc   :       True       True       True
Sites (8)
  #  SP           a         b         c  velocities
---  ----  --------  --------  --------  ---------------
  0  Bi    0.5       0.25      0.182906  [0.0, 0.0, 0.0]
  1  Bi    0.5       0.75      0.122085  [0.0, 0.0, 0.0]
  2  O     0.701055  0.220255  0.13877   [0.0, 0.0, 0.0]
  3  O     0.298945  0.279745  0.13877   [0.0, 0.0, 0.0]
  4  O     0.701055  0.720255  0.16622   [0.0, 0.0, 0.0]
  5  O     0.298945  0.779745  0.16622   [0.0, 0.0, 0.0]
  6  Rb    0         0.25      0.197635  [0.0, 0.0, 0.0]
  7  Rb    0         0.75      0.107356  [0.0, 0.0, 0.0]",-1.341,"Full Formula (Rb2 Bi2 O4)
Reduced Formula: RbBiO2
abc   :   8.209200   6.099500  28.776600
angles:  90.000000  90.000000 124.110100
pbc   :       True       True       True
Sites (8)
  #  SP         a       b         c
---  ----  ------  ------  --------
  0  Bi     0.5    0.25    0.180341
  1  Bi     0.5    0.75    0.12465
  2  O      0.684  0.2151  0.133555
  3  O      0.316  0.2849  0.133555
  4  O      0.684  0.7151  0.171435
  5  O      0.316  0.7849  0.171435
  6  Rb    -0      0.25    0.193578
  7  Rb     0      0.75    0.111413",JVASP-8984,,,,,mp-29521,2.4041,Bi2 O4 Rb2
1.6906,1.581,1.2924,354.1672667,"Full Formula (Rb2 Au2 S2)
Reduced Formula: RbAuS
abc   :   6.403665   7.888934  26.742989
angles:  90.000000  90.000000  90.000000
pbc   :       True       True       True
Sites (6)
  #  SP        a         b        c  velocities
---  ----  -----  --------  -------  ---------------
  0  Rb     0.25  0.866223  0.12607  [0.0, 0.0, 0.0]
  1  Rb     0.75  0.133777  0.12607  [0.0, 0.0, 0.0]
  2  Au    -0     0.5       0.12607  [0.0, 0.0, 0.0]
  3  Au     0.5   0.5       0.12607  [0.0, 0.0, 0.0]
  4  S      0.25  0.283447  0.12607  [0.0, 0.0, 0.0]
  5  S      0.75  0.716553  0.12607  [0.0, 0.0, 0.0]",-0.492,"Full Formula (Rb2 Au2 S2)
Reduced Formula: RbAuS
abc   :   7.097935   8.162699  26.742989
angles:  90.000000  90.000000  90.000000
pbc   :       True       True       True
Sites (6)
  #  SP       a         b        c
---  ----  ----  --------  -------
  0  Rb    0.25  0.875549  0.12607
  1  Rb    0.75  0.124451  0.12607
  2  Au    0     0.5       0.12607
  3  Au    0.5   0.5       0.12607
  4  S     0.25  0.313716  0.12607
  5  S     0.75  0.686284  0.12607",JVASP-6340,,,,,mp-9010,2.0451,Rb2 Au2 S2
1.552,1.5521,1.5101,68.890625,"Full Formula (Y4 Cl12)
Reduced Formula: YCl3
abc   :   6.855970  11.874342  26.502545
angles:  90.000000 109.385680  90.000000
pbc   :       True       True       True
Sites (16)
  #  SP           a         b         c  velocities
---  ----  --------  --------  --------  ---------------
  0  Y     0.035732  0.958576  0.180817  [0.0, 0.0, 0.0]
  1  Y     0.035732  0.62525   0.180817  [0.0, 0.0, 0.0]
  2  Y     0.535732  0.458576  0.180817  [0.0, 0.0, 0.0]
  3  Y     0.535732  0.12525   0.180817  [0.0, 0.0, 0.0]
  4  Cl    0.292287  0.472441  0.240073  [0.0, 0.0, 0.0]
  5  Cl    0.292287  0.111385  0.240073  [0.0, 0.0, 0.0]
  6  Cl    0.25069   0.791913  0.24008   [0.0, 0.0, 0.0]
  7  Cl    0.792287  0.972441  0.240073  [0.0, 0.0, 0.0]
  8  Cl    0.792287  0.611385  0.240073  [0.0, 0.0, 0.0]
  9  Cl    0.75069   0.291913  0.24008   [0.0, 0.0, 0.0]
 10  Cl    0.320774  0.291913  0.121554  [0.0, 0.0, 0.0]
 11  Cl    0.279178  0.972441  0.121561  [0.0, 0.0, 0.0]
 12  Cl    0.279178  0.611385  0.121561  [0.0, 0.0, 0.0]
 13  Cl    0.820775  0.791913  0.121554  [0.0, 0.0, 0.0]
 14  Cl    0.779177  0.472441  0.121561  [0.0, 0.0, 0.0]
 15  Cl    0.779177  0.111385  0.121561  [0.0, 0.0, 0.0]",-2.295,"Full Formula (Y4 Cl12)
Reduced Formula: YCl3
abc   :   7.008575  12.103270  26.568180
angles:  90.000000 109.784012  90.000000
pbc   :       True       True       True
Sites (16)
  #  SP           a         b         c
---  ----  --------  --------  --------
  0  Y     0.035732  0.958426  0.180817
  1  Y     0.035732  0.6254    0.180817
  2  Y     0.535732  0.458426  0.180817
  3  Y     0.535732  0.1254    0.180817
  4  Cl    0.298864  0.478518  0.240424
  5  Cl    0.298864  0.105308  0.240424
  6  Cl    0.234314  0.791913  0.24175
  7  Cl    0.798864  0.978518  0.240424
  8  Cl    0.798864  0.605308  0.240424
  9  Cl    0.734314  0.291913  0.24175
 10  Cl    0.33715   0.291913  0.119884
 11  Cl    0.272601  0.978518  0.12121
 12  Cl    0.272601  0.605308  0.12121
 13  Cl    0.837151  0.791913  0.119884
 14  Cl    0.7726    0.478518  0.12121
 15  Cl    0.7726    0.105308  0.12121",JVASP-20014,,,,,mp-27455,4.9693,Y4 Cl12
3.4267,3.4267,2.8894,96.3920125,"Full Formula (As2 I6)
Reduced Formula: AsI3
abc   :   7.156883   7.156883  26.407401
angles:  90.000000  90.000000 120.000001
pbc   :       True       True       True
Sites (8)
  #  SP           a         b         c  velocities
---  ----  --------  --------  --------  ---------------
  0  As    0.666667  0.333333  0.140603  [0.0, 0.0, 0.0]
  1  As    0         0         0.142239  [0.0, 0.0, 0.0]
  2  I     0.677935  0.011629  0.077282  [0.0, 0.0, 0.0]
  3  I     0.988371  0.666307  0.077282  [0.0, 0.0, 0.0]
  4  I     0.333693  0.322065  0.077282  [0.0, 0.0, 0.0]
  5  I     0.332973  0.011269  0.205561  [0.0, 0.0, 0.0]
  6  I     0.678295  0.667027  0.205561  [0.0, 0.0, 0.0]
  7  I     0.988731  0.321705  0.205561  [0.0, 0.0, 0.0]",-0.099,"Full Formula (As2 I6)
Reduced Formula: AsI3
abc   :   7.424800   7.424800  26.407401
angles:  90.000000  90.000000 120.000002
pbc   :       True       True       True
Sites (8)
  #  SP           a         b         c
---  ----  --------  --------  --------
  0  As    0.666667  0.333333  0.129894
  1  As    0         0         0.152948
  2  I     0.688208  0.031953  0.076235
  3  I     0.968047  0.656256  0.076235
  4  I     0.343744  0.311792  0.076235
  5  I     0.322922  0.021542  0.206608
  6  I     0.698619  0.677078  0.206608
  7  I     0.978458  0.301381  0.206608",JVASP-8912,,,,,mp-23218,2.1813,As2 I6
,,,118.6816833,"Full Formula (Na2 Zn2 As2)
Reduced Formula: NaZnAs
abc   :   4.120602   4.120602  27.154267
angles:  90.000000  90.000000  90.000000
pbc   :       True       True       True
Sites (6)
  #  SP           a         b         c  velocities
---  ----  --------  --------  --------  ---------------
  0  Na    0.353175  0.853175  0.223146  [0.0, 0.0, 0.0]
  1  Na    0.853175  0.353175  0.040321  [0.0, 0.0, 0.0]
  2  Zn    0.353175  0.353175  0.131734  [0.0, 0.0, 0.0]
  3  Zn    0.853175  0.853175  0.131734  [0.0, 0.0, 0.0]
  4  As    0.853175  0.353175  0.190905  [0.0, 0.0, 0.0]
  5  As    0.353175  0.853175  0.072562  [0.0, 0.0, 0.0]",-0.33,"Full Formula (Na2 Zn2 As2)
Reduced Formula: NaZnAs
abc   :   4.192733   4.192733  27.154267
angles:  90.000000  90.000000  90.000000
pbc   :       True       True       True
Sites (6)
  #  SP           a         b         c
---  ----  --------  --------  --------
  0  Na    0.353175  0.853175  0.224315
  1  Na    0.853175  0.353175  0.039152
  2  Zn    0.353175  0.353175  0.131734
  3  Zn    0.853175  0.853175  0.131734
  4  As    0.853175  0.353175  0.189034
  5  As    0.353175  0.853175  0.074433",JVASP-8864,,,,,mp-13097,,Na2 Zn2 As2
1.8968,1.8968,1.8207,50.29416667,"Full Formula (Ca2 H2 Br2)
Reduced Formula: CaHBr
abc   :   3.798515   3.798515  28.338185
angles:  90.000000  90.000000  90.000000
pbc   :       True       True       True
Sites (6)
  #  SP           a         b         c  velocities
---  ----  --------  --------  --------  ---------------
  0  Ca    0.583037  0.083037  0.193197  [0.0, 0.0, 0.0]
  1  Ca    0.083037  0.583037  0.101042  [0.0, 0.0, 0.0]
  2  H     0.083037  0.083037  0.147119  [0.0, 0.0, 0.0]
  3  H     0.583037  0.583037  0.147119  [0.0, 0.0, 0.0]
  4  Br    0.083037  0.583037  0.241492  [0.0, 0.0, 0.0]
  5  Br    0.583037  0.083037  0.052747  [0.0, 0.0, 0.0]",-1.421,"Full Formula (Ca2 H2 Br2)
Reduced Formula: CaHBr
abc   :   3.849445   3.849445  28.338185
angles:  90.000000  90.000000  90.000000
pbc   :       True       True       True
Sites (6)
  #  SP           a         b         c
---  ----  --------  --------  --------
  0  Ca    0.583037  0.083037  0.192997
  1  Ca    0.083037  0.583037  0.101242
  2  H     0.083037  0.083037  0.147119
  3  H     0.583037  0.583037  0.147119
  4  Br    0.083037  0.583037  0.241087
  5  Br    0.583037  0.083037  0.053152",JVASP-13590,,,,,mp-24422,4.2094,Ca2 H2 Br2
1.7145,1.6526,1.3019,345.21335,"Full Formula (Rb2 Au2 Se2)
Reduced Formula: RbAuSe
abc   :   6.687307   8.087670  26.952903
angles:  90.000000  90.000000  90.000000
pbc   :       True       True       True
Sites (6)
  #  SP       a         b         c  velocities
---  ----  ----  --------  --------  ---------------
  0  Rb    0.75  0.144044  0.128982  [0.0, 0.0, 0.0]
  1  Rb    0.25  0.855956  0.128982  [0.0, 0.0, 0.0]
  2  Au    0     0.5       0.128982  [0.0, 0.0, 0.0]
  3  Au    0.5   0.5       0.128982  [0.0, 0.0, 0.0]
  4  Se    0.75  0.722834  0.128982  [0.0, 0.0, 0.0]
  5  Se    0.25  0.277166  0.128982  [0.0, 0.0, 0.0]",-0.439,"Full Formula (Rb2 Au2 Se2)
Reduced Formula: RbAuSe
abc   :   7.268126   8.455028  26.952903
angles:  90.000000  90.000000  90.000000
pbc   :       True       True       True
Sites (6)
  #  SP       a         b         c
---  ----  ----  --------  --------
  0  Rb    0.75  0.136052  0.128982
  1  Rb    0.25  0.863948  0.128982
  2  Au    0     0.5       0.128982
  3  Au    0.5   0.5       0.128982
  4  Se    0.75  0.696052  0.128982
  5  Se    0.25  0.303948  0.128982",JVASP-6367,,,,,mp-9731,1.8239,Rb2 Au2 Se2
2.7728,2.7728,2.332,56.42416667,"Full Formula (Bi2 Br2 O2)
Reduced Formula: BiBrO
abc   :   3.933831   3.933831  28.883747
angles:  90.000000  90.000000  90.000000
pbc   :       True       True       True
Sites (6)
  #  SP           a         b         c  velocities
---  ----  --------  --------  --------  ---------------
  0  Bi    0.623697  0.123697  0.197897  [0.0, 0.0, 0.0]
  1  Bi    0.123697  0.623697  0.109672  [0.0, 0.0, 0.0]
  2  Br    0.123697  0.623697  0.25317   [0.0, 0.0, 0.0]
  3  Br    0.623697  0.123697  0.054399  [0.0, 0.0, 0.0]
  4  O     0.123697  0.123697  0.153785  [0.0, 0.0, 0.0]
  5  O     0.623697  0.623697  0.153785  [0.0, 0.0, 0.0]",-1.201,"Full Formula (Bi2 Br2 O2)
Reduced Formula: BiBrO
abc   :   3.952910   3.952910  28.883747
angles:  90.000000  90.000000  90.000000
pbc   :       True       True       True
Sites (6)
  #  SP           a         b         c
---  ----  --------  --------  --------
  0  Bi    0.623697  0.123697  0.197575
  1  Bi    0.123697  0.623697  0.109994
  2  Br    0.123697  0.623697  0.253
  3  Br    0.623697  0.123697  0.054569
  4  O     0.123697  0.123697  0.153785
  5  O     0.623697  0.623697  0.153785",JVASP-6217,,,,,mp-23072,2.5403,Bi2 Br2 O2
2.125,2.125,2.0212,48.82766667,"Full Formula (Ca2 H2 I2)
Reduced Formula: CaHI
abc   :   3.989208   3.989208  29.420633
angles:  90.000000  90.000000  90.000000
pbc   :       True       True       True
Sites (6)
  #  SP           a         b         c  velocities
---  ----  --------  --------  --------  ---------------
  0  Ca    0.669225  0.169225  0.201798  [0.0, 0.0, 0.0]
  1  Ca    0.169225  0.669225  0.118407  [0.0, 0.0, 0.0]
  2  H     0.169225  0.169225  0.160102  [0.0, 0.0, 0.0]
  3  H     0.669225  0.669225  0.160102  [0.0, 0.0, 0.0]
  4  I     0.169225  0.669225  0.256035  [0.0, 0.0, 0.0]
  5  I     0.669225  0.169225  0.06417   [0.0, 0.0, 0.0]",-1.183,"Full Formula (Ca2 H2 I2)
Reduced Formula: CaHI
abc   :   4.028581   4.028581  29.420633
angles:  90.000000  90.000000  90.000000
pbc   :       True       True       True
Sites (6)
  #  SP           a         b         c
---  ----  --------  --------  --------
  0  Ca    0.669225  0.169225  0.201213
  1  Ca    0.169225  0.669225  0.118992
  2  H     0.169225  0.169225  0.160102
  3  H     0.669225  0.669225  0.160102
  4  I     0.169225  0.669225  0.255773
  5  I     0.669225  0.169225  0.064432",JVASP-13589,,,,,mp-24204,2.2289,Ca2 H2 I2
,,,422.9122,"Full Formula (Ti1 Pb1 O3)
Reduced Formula: TiPbO3
abc   :   3.892502   3.892502  26.584759
angles:  90.000000  90.000000  90.000000
pbc   :       True       True       True
Sites (5)
  #  SP       a     b         c  velocities
---  ----  ----  ----  --------  ---------------
  0  Ti     0.5   0.5  0.107046  [0.0, 0.0, 0.0]
  1  Pb    -0    -0    0.031287  [0.0, 0.0, 0.0]
  2  O     -0     0.5  0.078756  [0.0, 0.0, 0.0]
  3  O      0.5   0    0.078756  [0.0, 0.0, 0.0]
  4  O      0.5   0.5  0.168104  [0.0, 0.0, 0.0]",-2.094,"Full Formula (Ti1 Pb1 O3)
Reduced Formula: TiPbO3
abc   :   3.872351   3.872351  26.584759
angles:  90.000000  90.000000  90.000000
pbc   :       True       True       True
Sites (5)
  #  SP      a    b         c
---  ----  ---  ---  --------
  0  Ti    0.5  0.5  0.102251
  1  Pb    0    0    0.024647
  2  O     0    0.5  0.084376
  3  O     0.5  0    0.084376
  4  O     0.5  0.5  0.168299",JVASP-6244,,,,,mp-20459,,Ti1 Pb1 O3
1.2992,1.2992,1.3412,58.6558,"Full Formula (Mg1 H2 O2)
Reduced Formula: Mg(HO)2
abc   :   3.154033   3.154032  24.028991
angles:  90.000000  90.000000 120.000002
pbc   :       True       True       True
Sites (5)
  #  SP            a          b         c  velocities
---  ----  ---------  ---------  --------  ---------------
  0  Mg    -0         -0         0.5       [0.0, 0.0, 0.0]
  1  H      0.666667   0.333333  0.416398  [0.0, 0.0, 0.0]
  2  H      0.333333   0.666667  0.583602  [0.0, 0.0, 0.0]
  3  O      0.666667   0.333333  0.45671   [0.0, 0.0, 0.0]
  4  O      0.333333   0.666667  0.54329   [0.0, 0.0, 0.0]",-1.789,"Full Formula (Mg1 H2 O2)
Reduced Formula: Mg(HO)2
abc   :   3.185891   3.185890  24.028991
angles:  90.000000  90.000000 119.999997
pbc   :       True       True       True
Sites (5)
  #  SP           a         b         c
---  ----  --------  --------  --------
  0  Mg    0         0         0.5
  1  H     0.666667  0.333333  0.416164
  2  H     0.333333  0.666667  0.583836
  3  O     0.666667  0.333333  0.456575
  4  O     0.333333  0.666667  0.543425",JVASP-27958,4.7308,1.2923,1.2922,1.306,mp-30247,3.1522,Mg1 H2 O2
1.6201,1.6201,1.3013,154.5423,"Full Formula (B1 I3)
Reduced Formula: BI3
abc   :   7.033699   7.033699  21.834711
angles:  90.000000  90.000000 120.000001
pbc   :       True       True       True
Sites (4)
  #  SP           a         b         c  velocities
---  ----  --------  --------  --------  ---------------
  0  B     0.666667  0.333333  0.101154  [0.0, 0.0, 0.0]
  1  I     0.666707  0.635783  0.101154  [0.0, 0.0, 0.0]
  2  I     0.364217  0.030924  0.101154  [0.0, 0.0, 0.0]
  3  I     0.969076  0.333293  0.101154  [0.0, 0.0, 0.0]",0.13,"Full Formula (B1 I3)
Reduced Formula: BI3
abc   :   7.402430   7.402430  21.834711
angles:  90.000000  90.000000 120.000002
pbc   :       True       True       True
Sites (4)
  #  SP           a         b         c
---  ----  --------  --------  --------
  0  B     0.666667  0.333333  0.101154
  1  I     0.668622  0.621995  0.101154
  2  I     0.378005  0.046627  0.101154
  3  I     0.953373  0.331378  0.101154",JVASP-6106,,,,,mp-23189,2.6805,B1 I3
1.856,1.856,1.7112,55.35333333,"Full Formula (Sr2 I2 F2)
Reduced Formula: SrIF
abc   :   4.223008   4.223008  29.378448
angles:  90.000000  90.000000  90.000000
pbc   :       True       True       True
Sites (6)
  #  SP           a         b         c  velocities
---  ----  --------  --------  --------  ---------------
  0  Sr    0.595023  0.095023  0.206117  [0.0, 0.0, 0.0]
  1  Sr    0.095023  0.595023  0.113112  [0.0, 0.0, 0.0]
  2  I     0.095023  0.595023  0.262144  [0.0, 0.0, 0.0]
  3  I     0.595023  0.095023  0.057085  [0.0, 0.0, 0.0]
  4  F     0.595023  0.595023  0.159614  [0.0, 0.0, 0.0]
  5  F     0.095023  0.095023  0.159614  [0.0, 0.0, 0.0]",-2.973,"Full Formula (Sr2 I2 F2)
Reduced Formula: SrIF
abc   :   4.282306   4.282306  29.378448
angles:  90.000000  90.000000  90.000000
pbc   :       True       True       True
Sites (6)
  #  SP           a         b         c
---  ----  --------  --------  --------
  0  Sr    0.595023  0.095023  0.205975
  1  Sr    0.095023  0.595023  0.113254
  2  I     0.095023  0.595023  0.261836
  3  I     0.595023  0.095023  0.057393
  4  F     0.595023  0.595023  0.159614
  5  F     0.095023  0.095023  0.159614",JVASP-13579,,,,,mp-23046,4.4114,Sr2 I2 F2
,,,57.817175,"Full Formula (Cl2 F2)
Reduced Formula: ClF
abc   :   3.652888   3.629879  27.338659
angles:  90.000000 120.047553  90.000000
pbc   :       True       True       True
Sites (4)
  #  SP           a         b          c  velocities
---  ----  --------  --------  ---------  ---------------
  0  Cl    0.735353  0.011154   0.030258  [0.0, 0.0, 0.0]
  1  Cl    0.264647  0.511154   0.103959  [0.0, 0.0, 0.0]
  2  F     0.358053  0.279408  -0.020832  [0.0, 0.0, 0.0]
  3  F     0.641947  0.779408   0.15505   [0.0, 0.0, 0.0]",-0.322,"Full Formula (Cl2 F2)
Reduced Formula: ClF
abc   :   6.563056   3.739401  27.338659
angles:  90.000000 106.182134  90.000000
pbc   :       True       True       True
Sites (4)
  #  SP           a         b         c
---  ----  --------  --------  --------
  0  Cl    0.847087  0.010118  0.05633
  1  Cl    0.152913  0.510118  0.077887
  2  F     0.632386  0.280444  0.04112
  3  F     0.367614  0.780444  0.093098",JVASP-6154,,,,,mp-29504,,Cl2 F2
18.0675,18.0675,1.6737,71.72643333,"Full Formula (V1 Cl2)
Reduced Formula: VCl2
abc   :   3.626625   3.626625  26.085968
angles:  90.000000  90.000000 119.999999
pbc   :       True       True       True
Sites (3)
  #  SP           a         b         c  velocities
---  ----  --------  --------  --------  ---------------
  0  V     0.313111  0.961264  0.116652  [0.0, 0.0, 0.0]
  1  Cl    0.646444  0.627931  0.1683    [0.0, 0.0, 0.0]
  2  Cl    0.979778  0.294597  0.065004  [0.0, 0.0, 0.0]",-1.132,"Full Formula (V1 Cl2)
Reduced Formula: VCl2
abc   :   3.655328   3.655328  26.085968
angles:  90.000000  90.000000 120.000000
pbc   :       True       True       True
Sites (3)
  #  SP           a         b         c
---  ----  --------  --------  --------
  0  V     0.313111  0.961264  0.116652
  1  Cl    0.646444  0.627931  0.167743
  2  Cl    0.979778  0.294597  0.065561",JVASP-8879,,,,,mp-22877,0.7098,V1 Cl2
1.8477,1.8477,1.7736,82.797,"Full Formula (Sr2 H2 Br2)
Reduced Formula: SrHBr
abc   :   4.066209   4.066209  27.533466
angles:  90.000000  90.000000  90.000000
pbc   :       True       True       True
Sites (6)
  #  SP           a         b         c  velocities
---  ----  --------  --------  --------  ---------------
  0  Sr    0.391345  0.891345  0.188172  [0.0, 0.0, 0.0]
  1  Sr    0.891345  0.391345  0.085439  [0.0, 0.0, 0.0]
  2  H     0.891345  0.891345  0.136806  [0.0, 0.0, 0.0]
  3  H     0.391345  0.391345  0.136806  [0.0, 0.0, 0.0]
  4  Br    0.891345  0.391345  0.236842  [0.0, 0.0, 0.0]
  5  Br    0.391345  0.891345  0.03677   [0.0, 0.0, 0.0]",-1.451,"Full Formula (Sr2 H2 Br2)
Reduced Formula: SrHBr
abc   :   4.225896   4.225896  27.533466
angles:  90.000000  90.000000  90.000000
pbc   :       True       True       True
Sites (6)
  #  SP           a         b         c
---  ----  --------  --------  --------
  0  Sr    0.391345  0.891345  0.186543
  1  Sr    0.891345  0.391345  0.087068
  2  H     0.891345  0.891345  0.136806
  3  H     0.391345  0.391345  0.136806
  4  Br    0.891345  0.391345  0.230251
  5  Br    0.391345  0.891345  0.043361",JVASP-8927,,,,,mp-24423,4.2913,Sr2 H2 Br2
1.7847,1.6869,1.3087,338.35115,"Full Formula (K2 Au2 Se2)
Reduced Formula: KAuSe
abc   :   6.435419   7.897340  26.602451
angles:  90.000000  90.000000  90.000000
pbc   :       True       True       True
Sites (6)
  #  SP       a         b         c  velocities
---  ----  ----  --------  --------  ---------------
  0  K     0.25  0.854428  0.124095  [0.0, 0.0, 0.0]
  1  K     0.75  0.145572  0.124095  [0.0, 0.0, 0.0]
  2  Au    0     0.5       0.124095  [0.0, 0.0, 0.0]
  3  Au    0.5   0.5       0.124095  [0.0, 0.0, 0.0]
  4  Se    0.25  0.264188  0.124095  [0.0, 0.0, 0.0]
  5  Se    0.75  0.735812  0.124095  [0.0, 0.0, 0.0]",-0.438,"Full Formula (K2 Au2 Se2)
Reduced Formula: KAuSe
abc   :   7.250350   8.149827  26.602451
angles:  90.000000  90.000000  90.000000
pbc   :       True       True       True
Sites (6)
  #  SP       a         b         c
---  ----  ----  --------  --------
  0  K     0.25  0.863348  0.124095
  1  K     0.75  0.136652  0.124095
  2  Au    0     0.5       0.124095
  3  Au    0.5   0.5       0.124095
  4  Se    0.25  0.296173  0.124095
  5  Se    0.75  0.703827  0.124095",JVASP-6343,,,,,mp-9881,1.8952,K2 Au2 Se2
1.772,1.5999,1.2912,343.8386167,"Full Formula (K2 Au2 S2)
Reduced Formula: KAuS
abc   :   6.183911   7.677448  26.398506
angles:  90.000000  90.000000  90.000000
pbc   :       True       True       True
Sites (6)
  #  SP       a         b         c  velocities
---  ----  ----  --------  --------  ---------------
  0  K     0.25  0.134978  0.121191  [0.0, 0.0, 0.0]
  1  K     0.75  0.865023  0.121191  [0.0, 0.0, 0.0]
  2  Au    0     0.5       0.121191  [0.0, 0.0, 0.0]
  3  Au    0.5   0.5       0.121191  [0.0, 0.0, 0.0]
  4  S     0.25  0.729595  0.121191  [0.0, 0.0, 0.0]
  5  S     0.75  0.270405  0.121191  [0.0, 0.0, 0.0]",-0.496,"Full Formula (K2 Au2 S2)
Reduced Formula: KAuS
abc   :   7.152153   7.813180  26.398506
angles:  90.000000  90.000000  90.000000
pbc   :       True       True       True
Sites (6)
  #  SP       a         b         c
---  ----  ----  --------  --------
  0  K     0.25  0.122638  0.121191
  1  K     0.75  0.877363  0.121191
  2  Au    0     0.5       0.121191
  3  Au    0.5   0.5       0.121191
  4  S     0.25  0.692077  0.121191
  5  S     0.75  0.307923  0.121191",JVASP-6328,,,,,mp-7077,2.0211,K2 Au2 S2
1.8909,1.745,1.8211,40.03583333,"Full Formula (In2 Cl2 O2)
Reduced Formula: InClO
abc   :   3.565385   4.111560  28.662753
angles:  90.000000  90.000000  90.000000
pbc   :       True       True       True
Sites (6)
  #  SP           a         b         c  velocities
---  ----  --------  --------  --------  ---------------
  0  In    0.710564  0.541701  0.186672  [0.0, 0.0, 0.0]
  1  In    0.210564  0.041701  0.115558  [0.0, 0.0, 0.0]
  2  Cl    0.210564  0.541701  0.250145  [0.0, 0.0, 0.0]
  3  Cl    0.710564  0.041701  0.052086  [0.0, 0.0, 0.0]
  4  O     0.710564  0.041701  0.164077  [0.0, 0.0, 0.0]
  5  O     0.210564  0.541701  0.138154  [0.0, 0.0, 0.0]",-1.416,"Full Formula (In2 Cl2 O2)
Reduced Formula: InClO
abc   :   3.577984   4.157983  28.662753
angles:  90.000000  90.000000  90.000000
pbc   :       True       True       True
Sites (6)
  #  SP           a         b         c
---  ----  --------  --------  --------
  0  In    0.710564  0.541701  0.186318
  1  In    0.210564  0.041701  0.115912
  2  Cl    0.210564  0.541701  0.249911
  3  Cl    0.710564  0.041701  0.05232
  4  O     0.710564  0.041701  0.164024
  5  O     0.210564  0.541701  0.138207",JVASP-6193,,,,,mp-27702,2.7053,In2 Cl2 O2
2.1703,1.8735,2.0594,41.80866667,"Full Formula (In2 Br2 O2)
Reduced Formula: InBrO
abc   :   3.669238   4.091085  28.009691
angles:  90.000000  90.000000  90.000000
pbc   :       True       True       True
Sites (6)
  #  SP          a         b         c  velocities
---  ----  -------  --------  --------  ---------------
  0  In    0.72142  0.591951  0.197058  [0.0, 0.0, 0.0]
  1  In    0.22142  0.09195   0.124605  [0.0, 0.0, 0.0]
  2  Br    0.22142  0.591951  0.267324  [0.0, 0.0, 0.0]
  3  Br    0.72142  0.09195   0.054339  [0.0, 0.0, 0.0]
  4  O     0.72142  0.09195   0.172566  [0.0, 0.0, 0.0]
  5  O     0.22142  0.591951  0.149097  [0.0, 0.0, 0.0]",-1.285,"Full Formula (In2 Br2 O2)
Reduced Formula: InBrO
abc   :   3.688204   4.125503  28.009691
angles:  90.000000  90.000000  90.000000
pbc   :       True       True       True
Sites (6)
  #  SP          a         b         c
---  ----  -------  --------  --------
  0  In    0.72142  0.591951  0.196761
  1  In    0.22142  0.09195   0.124902
  2  Br    0.22142  0.591951  0.267556
  3  Br    0.72142  0.09195   0.054107
  4  O     0.72142  0.09195   0.172526
  5  O     0.22142  0.591951  0.149137",JVASP-8948,,,,,mp-27703,2.3862,In2 Br2 O2
25.1829,33.197,6.9753,38.9345,"Full Formula (Cr2 Cl2 O2)
Reduced Formula: CrClO
abc   :   3.197951   3.860262  25.153501
angles:  90.000000  90.000000  90.000000
pbc   :       True       True       True
Sites (6)
  #  SP      a    b         c  velocities
---  ----  ---  ---  --------  ---------------
  0  Cr    0    0    0.534006  [0.0, 0.0, 0.0]
  1  Cr    0.5  0.5  0.465994  [0.0, 0.0, 0.0]
  2  Cl    0.5  0    0.601391  [0.0, 0.0, 0.0]
  3  Cl    0    0.5  0.398609  [0.0, 0.0, 0.0]
  4  O     0.5  0    0.483693  [0.0, 0.0, 0.0]
  5  O     0    0.5  0.516307  [0.0, 0.0, 0.0]",-1.632,"Full Formula (Cr2 Cl2 O2)
Reduced Formula: CrClO
abc   :   3.249798   3.939353  25.153501
angles:  90.000000  90.000000  90.000000
pbc   :       True       True       True
Sites (6)
  #  SP      a    b         c
---  ----  ---  ---  --------
  0  Cr    0    0    0.534224
  1  Cr    0.5  0.5  0.465776
  2  Cl    0.5  0    0.602441
  3  Cl    0    0.5  0.397559
  4  O     0.5  0    0.483498
  5  O     0    0.5  0.516502",JVASP-27906,,,,,mp-24905,0.0023,Cr2 Cl2 O2
7.5433,7.5433,5.5548,67.6829,"Full Formula (Bi2 Te2 S1)
Reduced Formula: Bi2Te2S
abc   :   4.277876   4.277876  31.939840
angles:  90.000000  90.000000 120.000001
pbc   :       True       True       True
Sites (5)
  #  SP           a         b         c  velocities
---  ----  --------  --------  --------  ---------------
  0  Bi    0         0         0.611608  [0.0, 0.0, 0.0]
  1  Bi    0.666667  0.333333  0.721725  [0.0, 0.0, 0.0]
  2  Te    0.666667  0.333333  0.555213  [0.0, 0.0, 0.0]
  3  Te    0         0         0.77812   [0.0, 0.0, 0.0]
  4  S     0.333333  0.666667  0.666667  [0.0, 0.0, 0.0]",-0.254,"Full Formula (Bi2 Te2 S1)
Reduced Formula: Bi2Te2S
abc   :   4.292432   4.292432  31.939840
angles:  90.000000  90.000000 120.000001
pbc   :       True       True       True
Sites (5)
  #  SP           a         b         c
---  ----  --------  --------  --------
  0  Bi    0         0         0.612114
  1  Bi    0.666667  0.333333  0.721219
  2  Te    0.666667  0.333333  0.555998
  3  Te    0         0         0.777335
  4  S     0.333333  0.666667  0.666667",JVASP-6274,,,,,mp-27910,0.9661,Bi2 Te2 S1
2.4336,2.2882,2.2135,55.68366667,"Full Formula (Dy2 S2 I2)
Reduced Formula: DySI
abc   :   4.162948   5.325919  30.666825
angles:  90.000000  90.000000  90.000000
pbc   :       True       True       True
Sites (6)
  #  SP          a         b         c  velocities
---  ----  -------  --------  --------  ---------------
  0  Dy    0.77125  0.497189  0.211009  [0.0, 0.0, 0.0]
  1  Dy    0.27125  0.997189  0.136821  [0.0, 0.0, 0.0]
  2  S     0.77125  0.997189  0.19497   [0.0, 0.0, 0.0]
  3  S     0.27125  0.497189  0.15286   [0.0, 0.0, 0.0]
  4  I     0.27125  0.497189  0.283101  [0.0, 0.0, 0.0]
  5  I     0.77125  0.997189  0.064729  [0.0, 0.0, 0.0]",-1.84,"Full Formula (Dy2 S2 I2)
Reduced Formula: DySI
abc   :   4.195409   5.348445  30.666825
angles:  90.000000  90.000000  90.000000
pbc   :       True       True       True
Sites (6)
  #  SP          a         b         c
---  ----  -------  --------  --------
  0  Dy    0.77125  0.497189  0.211235
  1  Dy    0.27125  0.997189  0.136595
  2  S     0.77125  0.997189  0.194139
  3  S     0.27125  0.497189  0.153691
  4  I     0.27125  0.497189  0.283784
  5  I     0.77125  0.997189  0.064046",JVASP-6166,,,,,mp-28929,2.7731,Dy2 S2 I2
2.0081,2.0081,1.9186,57.39216667,"Full Formula (Sr2 H2 I2)
Reduced Formula: SrHI
abc   :   4.238168   4.238168  29.393789
angles:  90.000000  90.000000  90.000000
pbc   :       True       True       True
Sites (6)
  #  SP           a         b         c  velocities
---  ----  --------  --------  --------  ---------------
  0  Sr    0.597063  0.097063  0.205335  [0.0, 0.0, 0.0]
  1  Sr    0.097063  0.597063  0.114249  [0.0, 0.0, 0.0]
  2  H     0.097063  0.097063  0.159792  [0.0, 0.0, 0.0]
  3  H     0.597063  0.597063  0.159792  [0.0, 0.0, 0.0]
  4  I     0.097063  0.597063  0.259167  [0.0, 0.0, 0.0]
  5  I     0.597063  0.097063  0.060418  [0.0, 0.0, 0.0]",-1.235,"Full Formula (Sr2 H2 I2)
Reduced Formula: SrHI
abc   :   4.281337   4.281337  29.393789
angles:  90.000000  90.000000  90.000000
pbc   :       True       True       True
Sites (6)
  #  SP           a         b         c
---  ----  --------  --------  --------
  0  Sr    0.597063  0.097063  0.205254
  1  Sr    0.097063  0.597063  0.11433
  2  H     0.097063  0.097063  0.159792
  3  H     0.597063  0.597063  0.159792
  4  I     0.097063  0.597063  0.259204
  5  I     0.597063  0.097063  0.060381",JVASP-6208,,,,,mp-24205,2.3324,Sr2 H2 I2
20.8426,30.1978,6.7057,41.33616667,"Full Formula (V2 Br2 O2)
Reduced Formula: VBrO
abc   :   3.425278   3.784225  25.593809
angles:  90.000000  90.000000  90.000000
pbc   :       True       True       True
Sites (6)
  #  SP      a    b         c  velocities
---  ----  ---  ---  --------  ---------------
  0  Br    0    0.5  0.002706  [0.0, 0.0, 0.0]
  1  Br    0.5  0    0.215855  [0.0, 0.0, 0.0]
  2  O     0.5  0    0.09529   [0.0, 0.0, 0.0]
  3  O     0    0.5  0.123271  [0.0, 0.0, 0.0]
  4  V     0.5  0.5  0.07472   [0.0, 0.0, 0.0]
  5  V     0    0    0.143841  [0.0, 0.0, 0.0]",-1.692,"Full Formula (V2 Br2 O2)
Reduced Formula: VBrO
abc   :   3.472919   3.853826  25.593809
angles:  90.000000  90.000000  90.000000
pbc   :       True       True       True
Sites (6)
  #  SP      a    b         c
---  ----  ---  ---  --------
  0  Br    0    0.5  0
  1  Br    0.5  0    0.218561
  2  O     0.5  0    0.096245
  3  O     0    0.5  0.122316
  4  V     0.5  0.5  0.073602
  5  V     0    0    0.144959",JVASP-60357,,,,,mp-32497,0.011,Br2 O2 V2
9.2095,9.2095,1.7796,67.52083333,"Full Formula (Mn1 Cl2)
Reduced Formula: MnCl2
abc   :   3.674105   3.674105  25.603092
angles:  90.000000  90.000000 120.000000
pbc   :       True       True       True
Sites (3)
  #  SP           a         b         c  velocities
---  ----  --------  --------  --------  ---------------
  0  Mn    0.159751  0.045149  0.382827  [0.0, 0.0, 0.0]
  1  Cl    0.826418  0.378482  0.437389  [0.0, 0.0, 0.0]
  2  Cl    0.493084  0.711816  0.328264  [0.0, 0.0, 0.0]",-0.994,"Full Formula (Mn1 Cl2)
Reduced Formula: MnCl2
abc   :   3.716682   3.716682  25.603092
angles:  90.000000  90.000000 120.000000
pbc   :       True       True       True
Sites (3)
  #  SP           a         b         c
---  ----  --------  --------  --------
  0  Mn    0.159751  0.045149  0.382827
  1  Cl    0.826418  0.378482  0.436846
  2  Cl    0.493084  0.711816  0.328807",JVASP-6064,,,,,mp-28233,0.5854,Mn1 Cl2
4.0629,4.0629,3.1972,103.5803333,"Full Formula (Bi1 Te1 I1)
Reduced Formula: BiTeI
abc   :   4.384303   4.384304  27.378065
angles:  90.000000  90.000000 119.999996
pbc   :       True       True       True
Sites (3)
  #  SP           a         b         c  velocities
---  ----  --------  --------  --------  ---------------
  0  Bi    0.314947  0.962608  0.162879  [0.0, 0.0, 0.0]
  1  Te    0.981614  0.295941  0.099503  [0.0, 0.0, 0.0]
  2  I     0.64828   0.629275  0.239243  [0.0, 0.0, 0.0]",-0.265,"Full Formula (Bi1 Te1 I1)
Reduced Formula: BiTeI
abc   :   4.425194   4.425194  27.378065
angles:  90.000000  90.000000 120.000000
pbc   :       True       True       True
Sites (3)
  #  SP           a         b         c
---  ----  --------  --------  --------
  0  Bi    0.314947  0.962608  0.162619
  1  Te    0.981614  0.295941  0.100313
  2  I     0.64828   0.629275  0.238693",JVASP-6229,,,,,mp-22965,1.6173,Bi1 Te1 I1
,,,173.2206,"Full Formula (Li2 Ce1 As2)
Reduced Formula: Li2CeAs2
abc   :   4.217746   4.217746  26.847995
angles:  90.000000  90.000000 119.999997
pbc   :       True       True       True
Sites (5)
  #  SP           a         b         c  velocities
---  ----  --------  --------  --------  ---------------
  0  Li    0.595764  0.590831  0.220417  [0.0, 0.0, 0.0]
  1  Li    0.929098  0.257497  0.034648  [0.0, 0.0, 0.0]
  2  Ce    0.262431  0.924164  0.127533  [0.0, 0.0, 0.0]
  3  As    0.929098  0.257497  0.187942  [0.0, 0.0, 0.0]
  4  As    0.595764  0.590831  0.067123  [0.0, 0.0, 0.0]",-0.866,"Full Formula (Li2 Ce1 As2)
Reduced Formula: Li2CeAs2
abc   :   4.278129   4.278129  26.847995
angles:  90.000000  90.000000 119.999992
pbc   :       True       True       True
Sites (5)
  #  SP           a         b         c
---  ----  --------  --------  --------
  0  Li    0.595764  0.590831  0.223482
  1  Li    0.929098  0.257497  0.031583
  2  Ce    0.262431  0.924164  0.127533
  3  As    0.929098  0.257497  0.186675
  4  As    0.595764  0.590831  0.06839",JVASP-9011,,,,,mp-8152,,Li2 Ce1 As2
1.7606,1.7606,1.3524,184.5992,"Full Formula (P1 I3)
Reduced Formula: PI3
abc   :   7.065647   7.065646  25.432797
angles:  90.000000  90.000000 120.000002
pbc   :       True       True       True
Sites (4)
  #  SP           a         b         c  velocities
---  ----  --------  --------  --------  ---------------
  0  P     0.666667  0.333333  0.209139  [0.0, 0.0, 0.0]
  1  I     0.347453  0.333134  0.167472  [0.0, 0.0, 0.0]
  2  I     0.985681  0.652547  0.167472  [0.0, 0.0, 0.0]
  3  I     0.666866  0.014319  0.167472  [0.0, 0.0, 0.0]",0.147,"Full Formula (P1 I3)
Reduced Formula: PI3
abc   :   7.464844   7.464844  25.432797
angles:  90.000000  90.000000 120.000002
pbc   :       True       True       True
Sites (4)
  #  SP           a         b         c
---  ----  --------  --------  --------
  0  P     0.666667  0.333333  0.208769
  1  I     0.353392  0.309121  0.167595
  2  I     0.955729  0.646608  0.167595
  3  I     0.690879  0.044271  0.167595",JVASP-6199,,,,,mp-27529,1.8789,P1 I3
3.2833,3.2833,3.3827,68.03015,"Full Formula (In2 Se2)
Reduced Formula: InSe
abc   :   4.056161   4.056161  27.889728
angles:  90.000000  90.000000 119.999997
pbc   :       True       True       True
Sites (4)
  #  SP           a         b         c  velocities
---  ----  --------  --------  --------  ---------------
  0  In    0.666667  0.333333  0.325026  [0.0, 0.0, 0.0]
  1  In    0.666667  0.333333  0.425877  [0.0, 0.0, 0.0]
  2  Se    0.333333  0.666667  0.278804  [0.0, 0.0, 0.0]
  3  Se    0.333333  0.666667  0.472142  [0.0, 0.0, 0.0]",-0.438,"Full Formula (In2 Se2)
Reduced Formula: InSe
abc   :   4.094915   4.094914  27.889728
angles:  90.000000  90.000000 119.999997
pbc   :       True       True       True
Sites (4)
  #  SP           a         b         c
---  ----  --------  --------  --------
  0  In    0.666667  0.333333  0.324694
  1  In    0.666667  0.333333  0.426206
  2  Se    0.333333  0.666667  0.279256
  3  Se    0.333333  0.666667  0.471692",JVASP-6079,,,,,mp-22691,1.4688,In2 Se2
2.2827,2.2827,2.0538,51.8325,"Full Formula (Pr2 I2 O2)
Reduced Formula: PrIO
abc   :   4.109421   4.109421  29.890152
angles:  90.000000  90.000000  90.000000
pbc   :       True       True       True
Sites (6)
  #  SP           a         b         c  velocities
---  ----  --------  --------  --------  ---------------
  0  Pr    0.698947  0.198947  0.20529   [0.0, 0.0, 0.0]
  1  Pr    0.198947  0.698947  0.125593  [0.0, 0.0, 0.0]
  2  I     0.198947  0.698947  0.268746  [0.0, 0.0, 0.0]
  3  I     0.698947  0.198947  0.062137  [0.0, 0.0, 0.0]
  4  O     0.198947  0.198947  0.165442  [0.0, 0.0, 0.0]
  5  O     0.698947  0.698947  0.165442  [0.0, 0.0, 0.0]",-2.777,"Full Formula (Pr2 I2 O2)
Reduced Formula: PrIO
abc   :   4.124515   4.124515  29.890152
angles:  90.000000  90.000000  90.000000
pbc   :       True       True       True
Sites (6)
  #  SP           a         b         c
---  ----  --------  --------  --------
  0  Pr    0.698947  0.198947  0.204961
  1  Pr    0.198947  0.698947  0.125922
  2  I     0.198947  0.698947  0.269303
  3  I     0.698947  0.198947  0.06158
  4  O     0.198947  0.198947  0.165442
  5  O     0.698947  0.698947  0.165442",JVASP-6157,,,,,mp-29254,3.8624,Pr2 I2 O2
3.9369,3.9369,2.8629,101.4872,"Full Formula (K2 Ag2 Se2)
Reduced Formula: KAgSe
abc   :   4.417792   4.417792  27.778030
angles:  90.000000  90.000000  90.000000
pbc   :       True       True       True
Sites (6)
  #  SP           a         b         c  velocities
---  ----  --------  --------  --------  ---------------
  0  K     0.851674  0.351674  0.23622   [0.0, 0.0, 0.0]
  1  K     0.351674  0.851674  0.043786  [0.0, 0.0, 0.0]
  2  Ag    0.851674  0.851674  0.140003  [0.0, 0.0, 0.0]
  3  Ag    0.351674  0.351674  0.140003  [0.0, 0.0, 0.0]
  4  Se    0.351674  0.851674  0.203071  [0.0, 0.0, 0.0]
  5  Se    0.851674  0.351674  0.076936  [0.0, 0.0, 0.0]",-0.623,"Full Formula (K2 Ag2 Se2)
Reduced Formula: KAgSe
abc   :   4.566318   4.566318  27.778030
angles:  90.000000  90.000000  90.000000
pbc   :       True       True       True
Sites (6)
  #  SP           a         b         c
---  ----  --------  --------  --------
  0  K     0.851674  0.351674  0.234286
  1  K     0.351674  0.851674  0.04572
  2  Ag    0.851674  0.851674  0.140003
  3  Ag    0.351674  0.351674  0.140003
  4  Se    0.351674  0.851674  0.200314
  5  Se    0.851674  0.351674  0.079693",JVASP-8867,,,,,mp-16236,0.3252,K2 Ag2 Se2
3.4146,3.507,2.4545,132.334925,"Full Formula (Ge2 S2)
Reduced Formula: GeS
abc   :   3.671707   4.416198  22.677199
angles:  90.000000  90.000000  90.000000
pbc   :       True       True       True
Sites (4)
  #  SP      a         b         c  velocities
---  ----  ---  --------  --------  ---------------
  0  Ge    0    0.36923   0.557532  [0.0, 0.0, 0.0]
  1  Ge    0.5  0.86923   0.442468  [0.0, 0.0, 0.0]
  2  S     0    0.497591  0.453397  [0.0, 0.0, 0.0]
  3  S     0.5  0.997591  0.546603  [0.0, 0.0, 0.0]",-0.227,"Full Formula (Ge2 S2)
Reduced Formula: GeS
abc   :   3.665881   4.454533  22.677199
angles:  90.000000  90.000000  90.000000
pbc   :       True       True       True
Sites (4)
  #  SP       a         b         c
---  ----  ----  --------  --------
  0  Ge     0    0.364672  0.559028
  1  Ge     0.5  0.864672  0.440972
  2  S     -0    0.502149  0.453817
  3  S      0.5  0.002149  0.546183",JVASP-27885,,,,,mp-2242,1.7433,Ge2 S2
1.6136,1.6136,1.5511,70.63441667,"Full Formula (Cd1 Cl2)
Reduced Formula: CdCl2
abc   :   3.856952   3.856952  26.946829
angles:  90.000000  90.000000 120.000001
pbc   :       True       True       True
Sites (3)
  #  SP           a         b         c  velocities
---  ----  --------  --------  --------  ---------------
  0  Cd    0.666667  0.333333  0.234373  [0.0, 0.0, 0.0]
  1  Cl    0         0         0.180139  [0.0, 0.0, 0.0]
  2  Cl    0.333333  0.666667  0.288608  [0.0, 0.0, 0.0]",-1.045,"Full Formula (Cd1 Cl2)
Reduced Formula: CdCl2
abc   :   3.925870   3.925870  26.946829
angles:  90.000000  90.000000 120.000001
pbc   :       True       True       True
Sites (3)
  #  SP           a         b         c
---  ----  --------  --------  --------
  0  Cd    0.666667  0.333333  0.234373
  1  Cl    0         0         0.181209
  2  Cl    0.333333  0.666667  0.287538",JVASP-6232,,,,,mp-22881,3.8931,Cd1 Cl2
,,,199.21525,"Full Formula (Na1 N1 O2)
Reduced Formula: NaNO2
abc   :   3.472548   5.233576  22.610682
angles:  90.000000  90.000000  89.999967
pbc   :       True       True       True
Sites (4)
  #  SP      a         b         c  velocities
---  ----  ---  --------  --------  ---------------
  0  Na    0    2e-06     0.116105  [0.0, 0.0, 0.0]
  1  N     0.5  0.499994  0.088989  [0.0, 0.0, 0.0]
  2  O     0.5  0.704378  0.119401  [0.0, 0.0, 0.0]
  3  O     0.5  0.295626  0.119407  [0.0, 0.0, 0.0]",-0.758,"Full Formula (Na1 N1 O2)
Reduced Formula: NaNO2
abc   :   3.632407   5.484496  22.610682
angles:  90.000000  90.000000  90.000000
pbc   :       True       True       True
Sites (4)
  #  SP      a         b         c
---  ----  ---  --------  --------
  0  Na    0    0         0.102806
  1  N     0.5  0.5       0.09336
  2  O     0.5  0.695083  0.123868
  3  O     0.5  0.304917  0.123868",JVASP-8987,,,,,mp-2964,,Na1 N1 O2
6.6886,6.6885,5.4361,66.8139,"Full Formula (Bi2 Se3)
Reduced Formula: Bi2Se3
abc   :   4.170278   4.170278  30.928699
angles:  90.000000  90.000000 119.999359
pbc   :       True       True       True
Sites (5)
  #  SP           a          b         c  velocities
---  ----  --------  ---------  --------  ---------------
  0  Bi    5e-06     -5e-06     0.581819  [0.0, 0.0, 0.0]
  1  Bi    0.666666   0.333334  0.708426  [0.0, 0.0, 0.0]
  2  Se    0.666668   0.333332  0.530843  [0.0, 0.0, 0.0]
  3  Se    0.333352   0.666648  0.645128  [0.0, 0.0, 0.0]
  4  Se    9e-06     -9e-06     0.759408  [0.0, 0.0, 0.0]",-0.337,"Full Formula (Bi2 Se3)
Reduced Formula: Bi2Se3
abc   :   4.191400   4.191400  30.928699
angles:  90.000000  90.000000 120.000000
pbc   :       True       True       True
Sites (5)
  #  SP         a       b         c
---  ----  ------  ------  --------
  0  Bi    0       0       0.582149
  1  Bi    0.6667  0.3333  0.708139
  2  Se    0.6667  0.3333  0.53125
  3  Se    0.3333  0.6667  0.645144
  4  Se    0       0       0.758942",JVASP-31373,,,,,mp-541837,0.9604,Bi2 Se3
13.2539,13.2539,8.5321,78.1331,"Full Formula (Sb2 Te3)
Reduced Formula: Sb2Te3
abc   :   4.308230   4.308230  31.348900
angles:  90.000000  90.000000 119.998716
pbc   :       True       True       True
Sites (5)
  #  SP            a         b         c  velocities
---  ----  ---------  --------  --------  ---------------
  0  Sb     0.333333  0.666667  0.268927  [0.0, 0.0, 0.0]
  1  Sb    -4e-06     4e-06     0.397712  [0.0, 0.0, 0.0]
  2  Te    -7e-06     7e-06     0.214172  [0.0, 0.0, 0.0]
  3  Te     0.333326  0.666674  0.452469  [0.0, 0.0, 0.0]
  4  Te     0.666652  0.333348  0.33332   [0.0, 0.0, 0.0]",-0.053,"Full Formula (Sb2 Te3)
Reduced Formula: Sb2Te3
abc   :   4.332800   4.332800  31.348900
angles:  90.000000  90.000000 120.000000
pbc   :       True       True       True
Sites (5)
  #  SP         a       b       c
---  ----  ------  ------  ------
  0  Sb    0.3333  0.6667  0.2699
  1  Sb    0       0       0.3967
  2  Te    0       0       0.2154
  3  Te    0.3333  0.6667  0.4513
  4  Te    0.6667  0.3333  0.3333",JVASP-27724,,,,,mp-1201,0.1167,Sb2 Te3
,,,543.4708,"Full Formula (Ge1 Te1)
Reduced Formula: GeTe
abc   :   3.925353   3.925508  21.478663
angles:  90.000000  90.000000 120.005826
pbc   :       True       True       True
Sites (2)
  #  SP           a         b         c  velocities
---  ----  --------  --------  --------  ---------------
  0  Ge    1         1         0.459167  [0.0, 0.0, 0.0]
  1  Te    0.333333  0.666666  0.540833  [0.0, 0.0, 0.0]",0.433,"Full Formula (Ge1 Te1)
Reduced Formula: GeTe
abc   :   4.230666   4.230667  21.478663
angles:  90.000000  90.000000 119.999995
pbc   :       True       True       True
Sites (2)
  #  SP           a         b         c
---  ----  --------  --------  --------
  0  Ge    0         0         0.465578
  1  Te    0.333333  0.666667  0.534422",JVASP-28268,,,,,mp-938,,Ge1 Te1
3.9859,3.9859,2.2577,150.54815,"Full Formula (As2)
Reduced Formula: As
abc   :   3.607495   3.607495  21.287886
angles:  90.000000  90.000000 120.000003
pbc   :       True       True       True
Sites (2)
  #  SP            a         b        c  velocities
---  ----  ---------  --------  -------  ---------------
  0  As     0.666667  0.333333  0.46705  [0.0, 0.0, 0.0]
  1  As    -0         0         0.53295  [0.0, 0.0, 0.0]",0.151,"Full Formula (As2)
Reduced Formula: As
abc   :   3.827886   3.827886  21.287886
angles:  90.000000  90.000000 120.000004
pbc   :       True       True       True
Sites (2)
  #  SP           a         b         c
---  ----  --------  --------  --------
  0  As    0.666667  0.333333  0.469751
  1  As    0         0         0.530249",JVASP-27862,2.179,3.1131,3.1127,1.9703,mp-11,1.6152,As2
7.0672,7.0679,2.7214,265.608,"Full Formula (Bi2)
Reduced Formula: Bi
abc   :   4.314368   4.314368  22.990700
angles:  90.000000  90.000000 120.001870
pbc   :       True       True       True
Sites (2)
  #  SP           a          b         c  velocities
---  ----  --------  ---------  --------  ---------------
  0  Bi    0.666684   0.333316  0.048804  [0.0, 0.0, 0.0]
  1  Bi    1.6e-05   -1.6e-05   0.125027  [0.0, 0.0, 0.0]",0.266,"Full Formula (Bi2)
Reduced Formula: Bi
abc   :   4.598400   4.598400  22.990700
angles:  90.000000  90.000000 120.000000
pbc   :       True       True       True
Sites (2)
  #  SP         a       b         c
---  ----  ------  ------  --------
  0  Bi    0.6667  0.3333  0.051581
  1  Bi    0       0       0.12225",JVASP-20002,,,,,mp-23152,0.3004,Bi2
22.4861,6.9219,4.1274,250.49415,"Full Formula (Ga2)
Reduced Formula: Ga
abc   :   2.638110   2.719931  22.343900
angles:  90.000000  90.000000  90.000000
pbc   :       True       True       True
Sites (2)
  #  SP      a     b         c  velocities
---  ----  ---  ----  --------  ---------------
  0  Ga    0.5  0.75  0.441962  [0.0, 0.0, 0.0]
  1  Ga    0.5  0.25  0.558038  [0.0, 0.0, 0.0]",0.275,"Full Formula (Ga2)
Reduced Formula: Ga
abc   :   2.753588   3.102618  22.343900
angles:  90.000000  90.000000  90.000000
pbc   :       True       True       True
Sites (2)
  #  SP      a     b         c
---  ----  ---  ----  --------
  0  Ga    0.5  0.75  0.447549
  1  Ga    0.5  0.25  0.552451",JVASP-27834,,,,,mp-10021,0.0106,Ga2
10.7261,5.4081,3.2038,147.15785,"Full Formula (Se2)
Reduced Formula: Se
abc   :   2.982405   3.372327  22.321113
angles:  90.000000  90.000000  90.000000
pbc   :       True       True       True
Sites (2)
  #  SP      a        b         c  velocities
---  ----  ---  -------  --------  ---------------
  0  Se    0.5  0.50002  0.550393  [0.0, 0.0, 0.0]
  1  Se    0.5  0.49998  0.449607  [0.0, 0.0, 0.0]",0.313,"Full Formula (Se2)
Reduced Formula: Se
abc   :   2.823415   8.789983  22.321113
angles:  90.000000  90.000000  90.000000
pbc   :       True       True       True
Sites (2)
  #  SP      a         b         c
---  ----  ---  --------  --------
  0  Se    0.5  0.558669  0.551994
  1  Se    0.5  0.441331  0.448006",JVASP-27836,,,,,mp-1009757,0.001,Se2
25.3063,23.6401,2.9069,88.2475,"Full Formula (Hf2 Te10)
Reduced Formula: HfTe5
abc   :   4.009628  13.896318  25.854291
angles:  90.000000  90.000000  90.000000
pbc   :       True       True       True
Sites (12)
  #  SP       a         b         c  velocities
---  ----  ----  --------  --------  ---------------
  0  Hf     0.5  0.25      0.116928  [0.0, 0.0, 0.0]
  1  Hf     0    0.75      0.189681  [0.0, 0.0, 0.0]
  2  Te    -0    0.35042   0.052455  [0.0, 0.0, 0.0]
  3  Te     0    0.14958   0.052455  [0.0, 0.0, 0.0]
  4  Te     0.5  0.75      0.103813  [0.0, 0.0, 0.0]
  5  Te    -0    0.565822  0.130036  [0.0, 0.0, 0.0]
  6  Te     0    0.934178  0.130036  [0.0, 0.0, 0.0]
  7  Te     0.5  0.434178  0.176573  [0.0, 0.0, 0.0]
  8  Te     0.5  0.065822  0.176573  [0.0, 0.0, 0.0]
  9  Te     0    0.25      0.202796  [0.0, 0.0, 0.0]
 10  Te     0.5  0.64958   0.254153  [0.0, 0.0, 0.0]
 11  Te     0.5  0.85042   0.254153  [0.0, 0.0, 0.0]",-0.334,"Full Formula (Hf2 Te10)
Reduced Formula: HfTe5
abc   :   4.030626  13.839638  25.854291
angles:  90.000000  90.000000  90.000000
pbc   :       True       True       True
Sites (12)
  #  SP      a         b         c
---  ----  ---  --------  --------
  0  Hf    0.5  0.25      0.11515
  1  Hf    0    0.75      0.191459
  2  Te    0    0.350452  0.050853
  3  Te    0    0.149548  0.050853
  4  Te    0.5  0.75      0.105728
  5  Te    0    0.566368  0.131086
  6  Te    0    0.933632  0.131086
  7  Te    0.5  0.433632  0.175523
  8  Te    0.5  0.066368  0.175523
  9  Te    0    0.25      0.200881
 10  Te    0.5  0.649548  0.255755
 11  Te    0.5  0.850452  0.255755",JVASP-19987,,,,,mp-1168,0.0197,Hf2 Te10
2.3807,2.4593,2.2999,388.51445,"Full Formula (Rb4 Te2)
Reduced Formula: Rb2Te
abc   :   5.210410   9.820586  25.097500
angles:  90.000000  90.000000  90.000000
pbc   :       True       True       True
Sites (6)
  #  SP       a         b         c  velocities
---  ----  ----  --------  --------  ---------------
  0  Rb    0.75  0.040178  0.070698  [0.0, 0.0, 0.0]
  1  Rb    0.75  0.540178  0.15039   [0.0, 0.0, 0.0]
  2  Rb    0.25  0.039736  0.203052  [0.0, 0.0, 0.0]
  3  Rb    0.25  0.539736  0.018036  [0.0, 0.0, 0.0]
  4  Te    0.25  0.290087  0.110691  [0.0, 0.0, 0.0]
  5  Te    0.25  0.790087  0.110397  [0.0, 0.0, 0.0]",-0.707,"Full Formula (Rb4 Te2)
Reduced Formula: Rb2Te
abc   :   5.623200   9.227500  25.097500
angles:  90.000000  90.000000  90.000000
pbc   :       True       True       True
Sites (6)
  #  SP       a       b         c
---  ----  ----  ------  --------
  0  Rb    0.75  0.9743  0.075568
  1  Rb    0.75  0.4743  0.14552
  2  Rb    0.25  0.1463  0.189251
  3  Rb    0.25  0.6463  0.031837
  4  Te    0.25  0.2494  0.050718
  5  Te    0.25  0.7494  0.17037",JVASP-19991,,,,,mp-1397,0.1181,Rb4 Te2
2.6472,2.6472,2.907,83.761,"Full Formula (P2 Pd3 S8)
Reduced Formula: P2Pd3S8
abc   :   6.876244   6.876244  28.569872
angles:  90.000000  90.000000 120.000000
pbc   :       True       True       True
Sites (13)
  #  SP           a         b         c  velocities
---  ----  --------  --------  --------  ---------------
  0  P     0.666667  0.333333  0.413352  [0.0, 0.0, 0.0]
  1  P     0.333333  0.666667  0.586648  [0.0, 0.0, 0.0]
  2  Pd    0         0.5       0.5       [0.0, 0.0, 0.0]
  3  Pd    0.5       0         0.5       [0.0, 0.0, 0.0]
  4  Pd    0.5       0.5       0.5       [0.0, 0.0, 0.0]
  5  S     0.666667  0.333333  0.346803  [0.0, 0.0, 0.0]
  6  S     0.82117   0.17883   0.45176   [0.0, 0.0, 0.0]
  7  S     0.82117   0.64234   0.45176   [0.0, 0.0, 0.0]
  8  S     0.35766   0.17883   0.45176   [0.0, 0.0, 0.0]
  9  S     0.64234   0.82117   0.54824   [0.0, 0.0, 0.0]
 10  S     0.17883   0.35766   0.54824   [0.0, 0.0, 0.0]
 11  S     0.17883   0.82117   0.54824   [0.0, 0.0, 0.0]
 12  S     0.333333  0.666667  0.653197  [0.0, 0.0, 0.0]",-0.241,"Full Formula (P2 Pd3 S8)
Reduced Formula: P2Pd3S8
abc   :   7.247052   7.247052  28.569872
angles:  90.000000  90.000000 120.000001
pbc   :       True       True       True
Sites (13)
  #  SP           a         b         c
---  ----  --------  --------  --------
  0  P     0.666667  0.333333  0.416984
  1  P     0.333333  0.666667  0.583016
  2  Pd    0         0.5       0.5
  3  Pd    0.5       0         0.5
  4  Pd    0.5       0.5       0.5
  5  S     0.666667  0.333333  0.350019
  6  S     0.813219  0.186781  0.454642
  7  S     0.813219  0.626438  0.454642
  8  S     0.373562  0.186781  0.454642
  9  S     0.626438  0.813219  0.545358
 10  S     0.186781  0.373562  0.545358
 11  S     0.186781  0.813219  0.545358
 12  S     0.333333  0.666667  0.649981",JVASP-27950,1.7595,2.5861,2.5847,2.8322,mp-3006,1.8107,P2 Pd3 S8
1.2984,1.3381,1.158,247.8876,"Full Formula (Ca1 C1 O3)
Reduced Formula: CaCO3
abc   :   4.320201   4.769924  21.140700
angles:  90.000000  90.000000  90.000000
pbc   :       True       True       True
Sites (5)
  #  SP           a          b         c  velocities
---  ----  --------  ---------  --------  ---------------
  0  Ca    0.402246  -0         0.121583  [0.0, 0.0, 0.0]
  1  C     0.004047   0.5       0.121583  [0.0, 0.0, 0.0]
  2  O     0.306891   0.5       0.121583  [0.0, 0.0, 0.0]
  3  O     0.870607   0.259357  0.121583  [0.0, 0.0, 0.0]
  4  O     0.870607   0.740643  0.121583  [0.0, 0.0, 0.0]",-2.025,"Full Formula (Ca1 C1 O3)
Reduced Formula: CaCO3
abc   :   4.343300   4.961200  21.140700
angles:  90.000000  90.000000  90.000000
pbc   :       True       True       True
Sites (5)
  #  SP         a      b         c
---  ----  ------  -----  --------
  0  Ca    0.3925  0      0.121583
  1  C     0.0102  0.5    0.121583
  2  O     0.3123  0.5    0.121583
  3  O     0.8697  0.271  0.121583
  4  O     0.8697  0.729  0.121583",JVASP-19576,,,,,mp-3205,2.5544,Ca1 C1 O3
1.6323,1.5567,1.519,105.4634167,"Full Formula (Sb2 P2 O8)
Reduced Formula: SbPO4
abc   :   4.779892   6.793937  23.210087
angles:  90.000000  95.530620  90.000000
pbc   :       True       True       True
Sites (12)
  #  SP           a         b         c  velocities
---  ----  --------  --------  --------  ---------------
  0  Sb    0.665094  0.25      0.862025  [0.0, 0.0, 0.0]
  1  Sb    0.194715  0.75      0.997784  [0.0, 0.0, 0.0]
  2  P     0.627844  0.75      0.903431  [0.0, 0.0, 0.0]
  3  P     0.231964  0.25      0.956377  [0.0, 0.0, 0.0]
  4  O     0.694166  0.566722  0.869553  [0.0, 0.0, 0.0]
  5  O     0.694166  0.933278  0.869553  [0.0, 0.0, 0.0]
  6  O     0.07559   0.25      0.893038  [0.0, 0.0, 0.0]
  7  O     0.549369  0.25      0.943622  [0.0, 0.0, 0.0]
  8  O     0.784219  0.75      0.966771  [0.0, 0.0, 0.0]
  9  O     0.31044   0.75      0.916187  [0.0, 0.0, 0.0]
 10  O     0.165642  0.066722  0.990255  [0.0, 0.0, 0.0]
 11  O     0.165642  0.433278  0.990255  [0.0, 0.0, 0.0]",-1.878,"Full Formula (Sb2 P2 O8)
Reduced Formula: SbPO4
abc   :   4.796039   6.795581  23.210087
angles:  90.000000  95.511942  90.000000
pbc   :       True       True       True
Sites (12)
  #  SP           a         b         c
---  ----  --------  --------  --------
  0  Sb    0.663344  0.25      0.862124
  1  Sb    0.196465  0.75      0.997685
  2  P     0.630429  0.75      0.903511
  3  P     0.229379  0.25      0.956297
  4  O     0.695287  0.566841  0.869466
  5  O     0.695287  0.933159  0.869466
  6  O     0.072272  0.25      0.893134
  7  O     0.545174  0.25      0.943331
  8  O     0.787537  0.75      0.966675
  9  O     0.314635  0.75      0.916478
 10  O     0.164521  0.066841  0.990342
 11  O     0.164521  0.433159  0.990342",JVASP-60363,5.1075,1.5108,1.4372,1.394,mp-3439,4.4647,Sb2 P2 O8
3.2399,3.2399,2.5206,93.97281818,"Full Formula (Tl2 Sn1 As2 S6)
Reduced Formula: Tl2Sn(AsS3)2
abc   :   6.706554   6.706554  27.491107
angles:  90.000000  90.000000 120.000000
pbc   :       True       True       True
Sites (11)
  #  SP           a         b         c  velocities
---  ----  --------  --------  --------  ---------------
  0  Tl    0.206533  0.305894  0.2367    [0.0, 0.0, 0.0]
  1  Tl    0.539867  0.97256   0.035792  [0.0, 0.0, 0.0]
  2  Sn    0.8732    0.639227  0.136246  [0.0, 0.0, 0.0]
  3  As    0.206533  0.305894  0.117118  [0.0, 0.0, 0.0]
  4  As    0.539867  0.97256   0.155374  [0.0, 0.0, 0.0]
  5  S     0.104633  0.535639  0.075637  [0.0, 0.0, 0.0]
  6  S     0.976788  0.974248  0.075637  [0.0, 0.0, 0.0]
  7  S     0.208221  0.87066   0.196855  [0.0, 0.0, 0.0]
  8  S     0.538179  0.407794  0.075637  [0.0, 0.0, 0.0]
  9  S     0.769612  0.304206  0.196855  [0.0, 0.0, 0.0]
 10  S     0.641767  0.742815  0.196855  [0.0, 0.0, 0.0]",-0.271,"Full Formula (Tl2 Sn1 As2 S6)
Reduced Formula: Tl2Sn(AsS3)2
abc   :   6.765976   6.765976  27.491107
angles:  90.000000  90.000000 120.000000
pbc   :       True       True       True
Sites (11)
  #  SP           a         b         c
---  ----  --------  --------  --------
  0  Tl    0.206533  0.305894  0.239965
  1  Tl    0.539867  0.97256   0.032527
  2  Sn    0.8732    0.639227  0.136246
  3  As    0.206533  0.305894  0.117328
  4  As    0.539867  0.97256   0.155164
  5  S     0.099686  0.529191  0.075803
  6  S     0.983236  0.975749  0.075803
  7  S     0.209722  0.865713  0.196689
  8  S     0.536678  0.412741  0.075803
  9  S     0.763164  0.302705  0.196689
 10  S     0.646714  0.749263  0.196689",JVASP-19584,,,,,mp-6023,1.2586,Tl2 Sn1 As2 S6
37.7739,37.7739,25.079,33.69625,"Full Formula (Sb6 Te6)
Reduced Formula: SbTe
abc   :   4.338723   4.338724  44.492228
angles:  90.000000  90.000000 119.999996
pbc   :       True       True       True
Sites (12)
  #  SP           a          b         c  velocities
---  ----  --------  ---------  --------  ---------------
  0  Sb    0          0         0.070785  [0.0, 0.0, 0.0]
  1  Sb    0.666667   0.333333  0.160682  [0.0, 0.0, 0.0]
  2  Sb    0.333333   0.666667  0.257671  [0.0, 0.0, 0.0]
  3  Sb    0.666667   0.333333  0.292812  [0.0, 0.0, 0.0]
  4  Sb    0.333333   0.666667  0.389801  [0.0, 0.0, 0.0]
  5  Sb    0         -0         0.479698  [0.0, 0.0, 0.0]
  6  Te    0.666667   0.333333  0.032661  [0.0, 0.0, 0.0]
  7  Te    0.333333   0.666667  0.115924  [0.0, 0.0, 0.0]
  8  Te    0         -0         0.199496  [0.0, 0.0, 0.0]
  9  Te    0          0         0.350988  [0.0, 0.0, 0.0]
 10  Te    0.666667   0.333333  0.43456   [0.0, 0.0, 0.0]
 11  Te    0.333333   0.666667  0.517822  [0.0, 0.0, 0.0]",-0.073,"Full Formula (Sb6 Te6)
Reduced Formula: SbTe
abc   :   4.351546   4.351547  44.492228
angles:  90.000000  90.000000 119.999996
pbc   :       True       True       True
Sites (12)
  #  SP           a         b         c
---  ----  --------  --------  --------
  0  Sb    0         0         0.072287
  1  Sb    0.666667  0.333333  0.161163
  2  Sb    0.333333  0.666667  0.257761
  3  Sb    0.666667  0.333333  0.292722
  4  Sb    0.333333  0.666667  0.38932
  5  Sb    0         0         0.478196
  6  Te    0.666667  0.333333  0.034214
  7  Te    0.333333  0.666667  0.116886
  8  Te    0         0         0.199665
  9  Te    0         0         0.350819
 10  Te    0.666667  0.333333  0.433598
 11  Te    0.333333  0.666667  0.516269",JVASP-13536,,,,,mp-7716,0.012,Sb6 Te6
1.6215,1.8847,1.592,93.93691667,"Full Formula (Sb2 As2 O8)
Reduced Formula: SbAsO4
abc   :   4.763541   7.091316  25.637920
angles:  90.000000  91.349327  90.000000
pbc   :       True       True       True
Sites (12)
  #  SP           a         b         c  velocities
---  ----  --------  --------  --------  ---------------
  0  Sb    0.302027  0.648461  0.186298  [0.0, 0.0, 0.0]
  1  Sb    0.740969  0.14846   0.057841  [0.0, 0.0, 0.0]
  2  As    0.226151  0.14846   0.149104  [0.0, 0.0, 0.0]
  3  As    0.816847  0.648461  0.095035  [0.0, 0.0, 0.0]
  4  O     0.865428  0.14846   0.134006  [0.0, 0.0, 0.0]
  5  O     0.702073  0.648461  0.159938  [0.0, 0.0, 0.0]
  6  O     0.310999  0.953486  0.184178  [0.0, 0.0, 0.0]
  7  O     0.310999  0.343434  0.184178  [0.0, 0.0, 0.0]
  8  O     0.731997  0.453486  0.059961  [0.0, 0.0, 0.0]
  9  O     0.731997  0.843434  0.059961  [0.0, 0.0, 0.0]
 10  O     0.340923  0.14846   0.084201  [0.0, 0.0, 0.0]
 11  O     0.177569  0.648461  0.110132  [0.0, 0.0, 0.0]",-1.235,"Full Formula (Sb2 As2 O8)
Reduced Formula: SbAsO4
abc   :   4.944541   7.109329  25.638471
angles:  90.000000  91.400578  90.000000
pbc   :       True       True       True
Sites (12)
  #  SP           a         b         c
---  ----  --------  --------  --------
  0  Sb    0.307185  0.648461  0.188206
  1  Sb    0.735811  0.14846   0.055933
  2  As    0.226566  0.14846   0.14661
  3  As    0.816432  0.648461  0.097529
  4  O     0.880162  0.14846   0.131902
  5  O     0.688837  0.648461  0.160645
  6  O     0.310761  0.957995  0.183921
  7  O     0.310761  0.338925  0.183921
  8  O     0.732235  0.457995  0.060218
  9  O     0.732235  0.838925  0.060218
 10  O     0.354159  0.14846   0.083494
 11  O     0.162835  0.648461  0.112236",JVASP-31418,,,,,mp-7784,3.6306,Sb2 As2 O8
5.5257,4.5614,4.6036,67.01307143,"Full Formula (Pr4 I10)
Reduced Formula: Pr2I5
abc   :   8.544604   4.273011  32.934997
angles:  90.000000  95.151748  90.000000
pbc   :       True       True       True
Sites (14)
  #  SP           a     b         c  velocities
---  ----  --------  ----  --------  ---------------
  0  Pr    0.392338  0.75  0.429214  [0.0, 0.0, 0.0]
  1  Pr    0.607662  0.25  0.570786  [0.0, 0.0, 0.0]
  2  Pr    0.997132  0.25  0.353647  [0.0, 0.0, 0.0]
  3  Pr    0.002868  0.75  0.646353  [0.0, 0.0, 0.0]
  4  I     0.623697  0.25  0.394022  [0.0, 0.0, 0.0]
  5  I     0.69362   0.75  0.502221  [0.0, 0.0, 0.0]
  6  I     0.30638   0.25  0.497779  [0.0, 0.0, 0.0]
  7  I     0.013825  0.75  0.426587  [0.0, 0.0, 0.0]
  8  I     0.265558  0.75  0.331947  [0.0, 0.0, 0.0]
  9  I     0.200512  0.25  0.700133  [0.0, 0.0, 0.0]
 10  I     0.799488  0.75  0.299867  [0.0, 0.0, 0.0]
 11  I     0.376303  0.75  0.605978  [0.0, 0.0, 0.0]
 12  I     0.986175  0.25  0.573413  [0.0, 0.0, 0.0]
 13  I     0.734442  0.25  0.668053  [0.0, 0.0, 0.0]",-1.381,"Full Formula (Pr4 I10)
Reduced Formula: Pr2I5
abc   :   9.416973   4.364793  32.934997
angles:  90.000000  94.673385  90.000000
pbc   :       True       True       True
Sites (14)
  #  SP           a     b         c
---  ----  --------  ----  --------
  0  Pr    0.414     0.75  0.428245
  1  Pr    0.586     0.25  0.571755
  2  Pr    0.102365  0.25  0.341133
  3  Pr    0.897635  0.75  0.658867
  4  I     0.634367  0.25  0.40205
  5  I     0.680849  0.75  0.506684
  6  I     0.319151  0.25  0.493316
  7  I     0.065286  0.75  0.41275
  8  I     0.347856  0.75  0.329165
  9  I     0.133659  0.25  0.695359
 10  I     0.866341  0.75  0.304641
 11  I     0.365633  0.75  0.59795
 12  I     0.934714  0.25  0.58725
 13  I     0.652144  0.25  0.670835",JVASP-27887,,,,,mp-22854,0.0432,Pr4 I10
3.2233,3.4722,2.2119,93.65428571,"Full Formula (Pr4 Br10)
Reduced Formula: Pr2Br5
abc   :   4.119158  15.707736  23.526172
angles: 100.406950  90.000000  90.000000
pbc   :       True       True       True
Sites (14)
  #  SP       a         b         c  velocities
---  ----  ----  --------  --------  ---------------
  0  Pr    0.25  0.971944  0.098741  [0.0, 0.0, 0.0]
  1  Pr    0.75  0.255748  0.128951  [0.0, 0.0, 0.0]
  2  Pr    0.75  0.756355  0.139753  [0.0, 0.0, 0.0]
  3  Pr    0.25  0.471336  0.087938  [0.0, 0.0, 0.0]
  4  Br    0.25  0.149577  0.181384  [0.0, 0.0, 0.0]
  5  Br    0.75  0.078114  0.046307  [0.0, 0.0, 0.0]
  6  Br    0.75  0.848679  0.035294  [0.0, 0.0, 0.0]
  7  Br    0.75  0.950763  0.187786  [0.0, 0.0, 0.0]
  8  Br    0.25  0.379012  0.192397  [0.0, 0.0, 0.0]
  9  Br    0.25  0.276928  0.039905  [0.0, 0.0, 0.0]
 10  Br    0.25  0.766351  0.229059  [0.0, 0.0, 0.0]
 11  Br    0.75  0.569265  0.168026  [0.0, 0.0, 0.0]
 12  Br    0.25  0.658426  0.059665  [0.0, 0.0, 0.0]
 13  Br    0.75  0.46134   0.998632  [0.0, 0.0, 0.0]",-1.821,"Full Formula (Pr4 Br10)
Reduced Formula: Pr2Br5
abc   :   4.133858  15.732971  23.526172
angles: 100.390072  90.000000  90.000000
pbc   :       True       True       True
Sites (14)
  #  SP       a         b         c
---  ----  ----  --------  --------
  0  Pr    0.25  0.971053  0.095887
  1  Pr    0.75  0.256639  0.131805
  2  Pr    0.75  0.756803  0.138148
  3  Pr    0.25  0.470888  0.089543
  4  Br    0.25  0.147576  0.181031
  5  Br    0.75  0.080115  0.04666
  6  Br    0.75  0.847998  0.031993
  7  Br    0.75  0.950894  0.184338
  8  Br    0.25  0.379693  0.195698
  9  Br    0.25  0.276797  0.043353
 10  Br    0.25  0.768539  0.227024
 11  Br    0.75  0.570374  0.168374
 12  Br    0.25  0.657317  0.059317
 13  Br    0.75  0.459152  0.000667",JVASP-60259,0.4042,3.4332,5.7882,2.2794,mp-23169,0.4879,Pr4 Br10
1.4532,1.4532,1.3922,48.15290909,"Full Formula (Zr1 P2 H2 O6)
Reduced Formula: ZrP2(HO3)2
abc   :   5.483003   5.483003  26.106037
angles:  90.000000  90.000000 119.999999
pbc   :       True       True       True
Sites (11)
  #  SP           a         b         c  velocities
---  ----  --------  --------  --------  ---------------
  0  Zr    0         0         0.5       [0.0, 0.0, 0.0]
  1  P     0.666667  0.333333  0.436969  [0.0, 0.0, 0.0]
  2  P     0.333333  0.666667  0.563031  [0.0, 0.0, 0.0]
  3  H     0.666667  0.333333  0.383165  [0.0, 0.0, 0.0]
  4  H     0.333333  0.666667  0.616835  [0.0, 0.0, 0.0]
  5  O     0.35832   0.17916   0.453951  [0.0, 0.0, 0.0]
  6  O     0.82084   0.17916   0.453951  [0.0, 0.0, 0.0]
  7  O     0.82084   0.64168   0.453951  [0.0, 0.0, 0.0]
  8  O     0.17916   0.82084   0.546049  [0.0, 0.0, 0.0]
  9  O     0.17916   0.35832   0.546049  [0.0, 0.0, 0.0]
 10  O     0.64168   0.82084   0.546049  [0.0, 0.0, 0.0]",-2.18,"Full Formula (Zr1 P2 H2 O6)
Reduced Formula: ZrP2(HO3)2
abc   :   5.517734   5.517734  26.106037
angles:  90.000000  90.000000 119.999999
pbc   :       True       True       True
Sites (11)
  #  SP           a         b         c
---  ----  --------  --------  --------
  0  Zr    0         0         0.5
  1  P     0.666667  0.333333  0.436834
  2  P     0.333333  0.666667  0.563166
  3  H     0.666667  0.333333  0.383053
  4  H     0.333333  0.666667  0.616947
  5  O     0.359302  0.179651  0.453841
  6  O     0.820349  0.179651  0.453841
  7  O     0.820349  0.640698  0.453841
  8  O     0.179651  0.820349  0.546159
  9  O     0.179651  0.359302  0.546159
 10  O     0.640698  0.820349  0.546159",JVASP-27899,4.6884,1.386,1.3863,1.3367,mp-24030,4.3968,Zr1 P2 H2 O6
33.0657,33.0657,12.248,40.11516667,"Full Formula (Sr3 Fe2 Cl2 O5)
Reduced Formula: Sr3Fe2Cl2O5
abc   :   3.886228   3.886228  29.870186
angles:  90.000000  90.000000  90.000000
pbc   :       True       True       True
Sites (12)
  #  SP       a     b         c  velocities
---  ----  ----  ----  --------  ---------------
  0  Sr     0.5   0.5  0.290565  [0.0, 0.0, 0.0]
  1  Sr     0.5   0.5  0.165218  [0.0, 0.0, 0.0]
  2  Sr     0.5   0.5  0.039871  [0.0, 0.0, 0.0]
  3  Fe     0     0    0.229045  [0.0, 0.0, 0.0]
  4  Fe     0    -0    0.101391  [0.0, 0.0, 0.0]
  5  Cl     0     0    0.332436  [0.0, 0.0, 0.0]
  6  Cl    -0    -0    0.998     [0.0, 0.0, 0.0]
  7  O      0.5  -0    0.235874  [0.0, 0.0, 0.0]
  8  O      0     0.5  0.235874  [0.0, 0.0, 0.0]
  9  O     -0     0    0.165218  [0.0, 0.0, 0.0]
 10  O      0.5   0    0.094562  [0.0, 0.0, 0.0]
 11  O      0     0.5  0.094562  [0.0, 0.0, 0.0]",-2.317,"Full Formula (Sr3 Fe2 Cl2 O5)
Reduced Formula: Sr3Fe2Cl2O5
abc   :   3.999823   3.999823  29.870186
angles:  90.000000  90.000000  90.000000
pbc   :       True       True       True
Sites (12)
  #  SP      a    b         c
---  ----  ---  ---  --------
  0  Sr    0.5  0.5  0.291761
  1  Sr    0.5  0.5  0.165218
  2  Sr    0.5  0.5  0.038675
  3  Fe    0    0    0.22957
  4  Fe    0    0    0.100866
  5  Cl    0    0    0.330436
  6  Cl    0    0    0
  7  O     0.5  0    0.238581
  8  O     0    0.5  0.238581
  9  O     0    0    0.165218
 10  O     0.5  0    0.091855
 11  O     0    0.5  0.091855",JVASP-60272,,,,,mp-24935,0.0845,Sr3 Fe2 Cl2 O5
3.9383,3.9384,3.2894,1.918,"Full Formula (Nb1 S2)
Reduced Formula: NbS2
abc   :   3.362256   3.362313  23.136236
angles:  90.000000  90.000000 119.999447
pbc   :       True       True       True
Sites (3)
  #  SP          a         b          c  velocities
---  ----  -------  --------  ---------  ---------------
  0  Nb    0.92243  0.844859   0.067778  [0.0, 0.0, 0.0]
  1  S     0.25576  0.51152    0.135661  [0.0, 0.0, 0.0]
  2  S     0.25576  0.51152   -0.000106  [0.0, 0.0, 0.0]",-1.03,"Full Formula (Nb1 S2)
Reduced Formula: NbS2
abc   :   3.355551   3.356788  23.136236
angles:  90.000000  90.000000 119.987824
pbc   :       True       True       True
Sites (3)
  #  SP           a         b         c
---  ----  --------  --------  --------
  0  Nb    0.922438  0.844876  0.067778
  1  S     0.255756  0.511512  0.135555
  2  S     0.255756  0.511512  0",JVASP-60279,0.0614,3.6389,3.6359,3.0329,mp-2648,0.0796,Nb1 S2
20.2096,20.2096,7.6286,75.83866667,"Full Formula (U2 Te2 N2)
Reduced Formula: UTeN
abc   :   3.847059   3.847059  25.741513
angles:  90.000000  90.000000  90.000000
pbc   :       True       True       True
Sites (6)
  #  SP       a     b          c  velocities
---  ----  ----  ----  ---------  ---------------
  0  N      0    -0     0.111522  [0.0, 0.0, 0.0]
  1  N      0.5   0.5   0.111522  [0.0, 0.0, 0.0]
  2  Te    -0     0.5   0.224736  [0.0, 0.0, 0.0]
  3  Te     0.5   0    -0.001691  [0.0, 0.0, 0.0]
  4  U      0     0.5   0.065773  [0.0, 0.0, 0.0]
  5  U      0.5  -0     0.157271  [0.0, 0.0, 0.0]",-1.275,"Full Formula (U2 Te2 N2)
Reduced Formula: UTeN
abc   :   3.864140   3.864140  25.741513
angles:  90.000000  90.000000  90.000000
pbc   :       True       True       True
Sites (6)
  #  SP      a    b         c
---  ----  ---  ---  --------
  0  N     0    0    0.111522
  1  N     0.5  0.5  0.111522
  2  Te    0    0.5  0.223045
  3  Te    0.5  0    0
  4  U     0    0.5  0.066417
  5  U     0.5  0    0.156627",JVASP-60361,0.0092,20.4233,20.454,8.1187,mp-3402,0.0109,N2 Te2 U2
16.2384,16.2384,3.6577,309.6122,"Full Formula (Mg3 Au1)
Reduced Formula: Mg3Au
abc   :   4.548030   4.548030  25.468551
angles:  90.000000  90.000000 120.000005
pbc   :       True       True       True
Sites (4)
  #  SP            a          b         c  velocities
---  ----  ---------  ---------  --------  ---------------
  0  Mg     0.333333   0.666667  0.035168  [0.0, 0.0, 0.0]
  1  Mg     0.666667   0.333333  0.092944  [0.0, 0.0, 0.0]
  2  Mg     0.333333   0.666667  0.150719  [0.0, 0.0, 0.0]
  3  Au    -0         -0         0.092944  [0.0, 0.0, 0.0]",0.075,"Full Formula (Mg3 Au1)
Reduced Formula: Mg3Au
abc   :   4.645187   4.645187  25.468551
angles:  90.000000  90.000000 120.000005
pbc   :       True       True       True
Sites (4)
  #  SP           a         b         c
---  ----  --------  --------  --------
  0  Mg    0.333333  0.666667  0.03364
  1  Mg    0.666667  0.333333  0.092944
  2  Mg    0.333333  0.666667  0.152247
  3  Au    0         0         0.092944",JVASP-13556,,,,,mp-11251,0.0033,Mg3 Au1
16.7099,16.7099,7.7589,58.8474,"Full Formula (Ti2 Te2 P1)
Reduced Formula: Ti2Te2P
abc   :   3.646760   3.646760  26.277492
angles:  90.000000  90.000000 120.000000
pbc   :       True       True       True
Sites (5)
  #  SP            a          b         c  velocities
---  ----  ---------  ---------  --------  ---------------
  0  Ti    -0         -0         0.449469  [0.0, 0.0, 0.0]
  1  Ti     0.666667   0.333333  0.550531  [0.0, 0.0, 0.0]
  2  Te     0.666667   0.333333  0.37977   [0.0, 0.0, 0.0]
  3  Te     0          0         0.62023   [0.0, 0.0, 0.0]
  4  P      0.333333   0.666667  0.500001  [0.0, 0.0, 0.0]",-0.878,"Full Formula (Ti2 Te2 P1)
Reduced Formula: Ti2Te2P
abc   :   3.656298   3.656298  26.277492
angles:  90.000000  90.000000 120.000000
pbc   :       True       True       True
Sites (5)
  #  SP           a         b         c
---  ----  --------  --------  --------
  0  Ti    0         0         0.449631
  1  Ti    0.666667  0.333333  0.550369
  2  Te    0.666667  0.333333  0.380554
  3  Te    0         0         0.619446
  4  P     0.333333  0.666667  0.500001",JVASP-27864,0.0268,16.799,16.8065,7.9284,mp-12527,0.0521,Ti2 Te2 P1
13.2355,13.2355,2.9772,124.4923333,"Full Formula (Co1 S2)
Reduced Formula: CoS2
abc   :   3.213754   3.213754  22.538728
angles:  90.000000  90.000000 119.999993
pbc   :       True       True       True
Sites (3)
  #  SP           a         b         c  velocities
---  ----  --------  --------  --------  ---------------
  0  Co    0.666667  0.333333  0.5       [0.0, 0.0, 0.0]
  1  S     0         0         0.556452  [0.0, 0.0, 0.0]
  2  S     0.333333  0.666667  0.443548  [0.0, 0.0, 0.0]",-0.25,"Full Formula (Co1 S2)
Reduced Formula: CoS2
abc   :   3.209727   3.209727  22.538728
angles:  90.000000  90.000000 119.999993
pbc   :       True       True       True
Sites (3)
  #  SP           a         b         c
---  ----  --------  --------  --------
  0  Co    0.666667  0.333333  0.5
  1  S     0         0         0.556319
  2  S     0.333333  0.666667  0.443681",JVASP-28291,0.0008,32.0103,30.4805,3.6785,mvc-11233,0.0872,Co1 S2
15.0908,15.0908,2.9741,50.56466667,"Full Formula (Fe1 S2)
Reduced Formula: FeS2
abc   :   3.192209   3.192209  22.670328
angles:  90.000000  90.000000 120.000002
pbc   :       True       True       True
Sites (3)
  #  SP           a          b         c  velocities
---  ----  --------  ---------  --------  ---------------
  0  Fe    0.666667   0.333333  0.5       [0.0, 0.0, 0.0]
  1  S     0         -0         0.559014  [0.0, 0.0, 0.0]
  2  S     0.333333   0.666667  0.440986  [0.0, 0.0, 0.0]",-0.334,"Full Formula (Fe1 S2)
Reduced Formula: FeS2
abc   :   3.200896   3.200896  22.670328
angles:  90.000000  90.000000 120.000002
pbc   :       True       True       True
Sites (3)
  #  SP           a         b         c
---  ----  --------  --------  --------
  0  Fe    0.666667  0.333333  0.5
  1  S     0         0         0.558895
  2  S     0.333333  0.666667  0.441105",JVASP-28292,,,,,mvc-11234,0.1063,Fe1 S2
2.763,2.7631,1.6945,1131.485,"Full Formula (Zr1 N1)
Reduced Formula: ZrN
abc   :   3.501179   3.501183  25.584097
angles:  90.000000  90.000000 120.000891
pbc   :       True       True       True
Sites (2)
  #  SP          a         b         c  velocities
---  ----  -------  --------  --------  ---------------
  0  Zr    0.33333  0.666669  0.102715  [0.0, 0.0, 0.0]
  1  N     0.66667  0.333331  0.088528  [0.0, 0.0, 0.0]",-0.63,"Full Formula (Zr1 N1)
Reduced Formula: ZrN
abc   :   3.579644   3.579644  25.584097
angles:  90.000000  90.000000 119.999997
pbc   :       True       True       True
Sites (2)
  #  SP           a         b         c
---  ----  --------  --------  --------
  0  Zr    0.333333  0.666667  0.108247
  1  N     0.666667  0.333333  0.082996",JVASP-13560,,,,,mp-13126,0.064,Zr1 N1
14.5644,14.5644,4.9353,86.28416667,"Full Formula (Na2 Mn2 P2)
Reduced Formula: NaMnP
abc   :   3.681534   3.681534  26.989740
angles:  90.000000  90.000000  90.000000
pbc   :       True       True       True
Sites (6)
  #  SP           a         b         c  velocities
---  ----  --------  --------  --------  ---------------
  0  Na    0.429192  0.929192  0.227381  [0.0, 0.0, 0.0]
  1  Na    0.929192  0.429192  0.031597  [0.0, 0.0, 0.0]
  2  Mn    0.929192  0.929192  0.129489  [0.0, 0.0, 0.0]
  3  Mn    0.429192  0.429192  0.129489  [0.0, 0.0, 0.0]
  4  P     0.929192  0.429192  0.180327  [0.0, 0.0, 0.0]
  5  P     0.429192  0.929192  0.078651  [0.0, 0.0, 0.0]",-0.375,"Full Formula (Na2 Mn2 P2)
Reduced Formula: NaMnP
abc   :   3.761191   3.761191  26.989740
angles:  90.000000  90.000000  90.000000
pbc   :       True       True       True
Sites (6)
  #  SP           a         b         c
---  ----  --------  --------  --------
  0  Na    0.429192  0.929192  0.222347
  1  Na    0.929192  0.429192  0.036631
  2  Mn    0.929192  0.929192  0.129489
  3  Mn    0.429192  0.429192  0.129489
  4  P     0.929192  0.429192  0.178739
  5  P     0.429192  0.929192  0.080239",JVASP-19517,,,,,mp-20227,0.0775,Na2 Mn2 P2
16.9888,16.9888,6.6734,430.0445,"Full Formula (Ce2 S2)
Reduced Formula: CeS
abc   :   3.948171   3.948171  26.602979
angles:  90.000000  90.000000  90.000000
pbc   :       True       True       True
Sites (4)
  #  SP       a     b         c  velocities
---  ----  ----  ----  --------  ---------------
  0  Ce    -0     0.5  0.152826  [0.0, 0.0, 0.0]
  1  Ce     0.5   0    0.245738  [0.0, 0.0, 0.0]
  2  S      0.5  -0    0.138406  [0.0, 0.0, 0.0]
  3  S      0     0.5  0.260158  [0.0, 0.0, 0.0]",-1.717,"Full Formula (Ce2 S2)
Reduced Formula: CeS
abc   :   3.961578   3.961578  26.602979
angles:  90.000000  90.000000  90.000000
pbc   :       True       True       True
Sites (4)
  #  SP      a    b         c
---  ----  ---  ---  --------
  0  Ce    0    0.5  0.152264
  1  Ce    0.5  0    0.2463
  2  S     0.5  0    0.138947
  3  S     0    0.5  0.259617",JVASP-13567,,,,,mp-20560,0.0098,Ce2 S2
9.8757,9.8757,1.902,73.2935,"Full Formula (Ti2 Cl6)
Reduced Formula: TiCl3
abc   :   6.007757   6.007757  22.812795
angles:  90.000000  90.000000 120.000003
pbc   :       True       True       True
Sites (8)
  #  SP            a          b         c  velocities
---  ----  ---------  ---------  --------  ---------------
  0  Cl     0.656647   0.656643  5.1e-05   [0.0, 0.0, 0.0]
  1  Cl    -2e-06      0.343353  5.1e-05   [0.0, 0.0, 0.0]
  2  Cl     0.656643  -2e-06     0.123248  [0.0, 0.0, 0.0]
  3  Cl     2e-06      0.656647  0.123248  [0.0, 0.0, 0.0]
  4  Cl     0.343353   0.343357  0.123248  [0.0, 0.0, 0.0]
  5  Cl     0.343357   2e-06     5.1e-05   [0.0, 0.0, 0.0]
  6  Ti     0.666666   0.333334  0.061643  [0.0, 0.0, 0.0]
  7  Ti     0.333334   0.666666  0.061656  [0.0, 0.0, 0.0]",-1.59,"Full Formula (Ti2 Cl6)
Reduced Formula: TiCl3
abc   :   6.113818   6.113818  22.812795
angles:  90.000000  90.000000 120.000003
pbc   :       True       True       True
Sites (8)
  #  SP           a         b         c
---  ----  --------  --------  --------
  0  Cl    0.647024  0.647208  0
  1  Cl    0.000186  0.352976  0
  2  Cl    0.647208  0.000186  0.123299
  3  Cl    0.999814  0.647024  0.123299
  4  Cl    0.352976  0.352792  0.123299
  5  Cl    0.352792  0.999814  0
  6  Ti    0.666666  0.333334  0.061572
  7  Ti    0.333334  0.666666  0.061727",JVASP-60263,,,,,mp-23275,0.0812,Cl6 Ti2
28.0743,28.0743,2.1054,55.294,"Full Formula (Fe1 O2)
Reduced Formula: FeO2
abc   :   2.811256   2.811256  21.932232
angles:  90.000000  90.000000 120.000002
pbc   :       True       True       True
Sites (3)
  #  SP           a          b         c  velocities
---  ----  --------  ---------  --------  ---------------
  0  Fe    0.666667   0.333333  0.5       [0.0, 0.0, 0.0]
  1  O     0.333333   0.666667  0.544097  [0.0, 0.0, 0.0]
  2  O     0         -0         0.455903  [0.0, 0.0, 0.0]",-1.22,"Full Formula (Fe1 O2)
Reduced Formula: FeO2
abc   :   2.998044   2.998044  21.932232
angles:  90.000000  90.000000 120.000003
pbc   :       True       True       True
Sites (3)
  #  SP           a         b        c
---  ----  --------  --------  -------
  0  Fe    0.666667  0.333333  0.5
  1  O     0.333333  0.666667  0.54405
  2  O     0         0         0.45595",JVASP-27912,,,,,mp-25519,0.0596,Fe1 O2
10.8853,13.1372,2.6944,188.7226875,"Full Formula (Te4 Au2 Cl2)
Reduced Formula: Te2AuCl
abc   :   4.081261   8.527847  25.467800
angles:  90.000000  90.000000  90.000000
pbc   :       True       True       True
Sites (8)
  #  SP       a         b         c  velocities
---  ----  ----  --------  --------  ---------------
  0  Au     0.5  0.25      0.200327  [0.0, 0.0, 0.0]
  1  Au     0.5  0.75      0.289224  [0.0, 0.0, 0.0]
  2  Cl     0.5  0.75      0.171134  [0.0, 0.0, 0.0]
  3  Cl     0.5  0.25      0.318418  [0.0, 0.0, 0.0]
  4  Te    -0    0.038028  0.191604  [0.0, 0.0, 0.0]
  5  Te     0    0.461972  0.191604  [0.0, 0.0, 0.0]
  6  Te     0    0.961972  0.297948  [0.0, 0.0, 0.0]
  7  Te    -0    0.538028  0.297948  [0.0, 0.0, 0.0]",-0.081,"Full Formula (Te4 Au2 Cl2)
Reduced Formula: Te2AuCl
abc   :   4.126400   8.775000  25.467800
angles:  90.000000  90.000000  90.000000
pbc   :       True       True       True
Sites (8)
  #  SP      a       b         c
---  ----  ---  ------  --------
  0  Au    0.5  0.25    0.202772
  1  Au    0.5  0.75    0.286779
  2  Cl    0.5  0.75    0.161699
  3  Cl    0.5  0.25    0.327853
  4  Te    0    0.0496  0.192247
  5  Te    0    0.4504  0.192247
  6  Te    0    0.9504  0.297305
  7  Te    0    0.5496  0.297305",JVASP-19539,,,,,mp-27490,0.0677,Au2 Cl2 Te4
21.3342,21.3342,8.1734,51.4255,"Full Formula (U2 I2 N2)
Reduced Formula: UIN
abc   :   3.910268   3.910268  26.225654
angles:  90.000000  90.000000  90.000000
pbc   :       True       True       True
Sites (6)
  #  SP       a     b         c  velocities
---  ----  ----  ----  --------  ---------------
  0  I     -0     0.5  4e-06     [0.0, 0.0, 0.0]
  1  I      0.5  -0    0.237384  [0.0, 0.0, 0.0]
  2  N      0.5   0.5  0.118694  [0.0, 0.0, 0.0]
  3  N     -0    -0    0.118694  [0.0, 0.0, 0.0]
  4  U     -0     0.5  0.16217   [0.0, 0.0, 0.0]
  5  U      0.5  -0    0.075218  [0.0, 0.0, 0.0]",-1.39,"Full Formula (U2 I2 N2)
Reduced Formula: UIN
abc   :   3.903942   3.903942  26.225654
angles:  90.000000  90.000000  90.000000
pbc   :       True       True       True
Sites (6)
  #  SP      a    b         c
---  ----  ---  ---  --------
  0  I     0    0.5  0
  1  I     0.5  0    0.237388
  2  N     0.5  0.5  0.118694
  3  N     0    0    0.118694
  4  U     0    0.5  0.162037
  5  U     0.5  0    0.075351",JVASP-60294,0.0046,42.7727,42.7082,10.6982,mp-27763,0.0136,I2 N2 U2
46.6079,46.6079,17.4103,59.93033333,"Full Formula (Pu2 Br2 O2)
Reduced Formula: PuBrO
abc   :   3.901270   3.901270  28.558713
angles:  90.000000  90.000000  90.000000
pbc   :       True       True       True
Sites (6)
  #  SP           a         b         c  velocities
---  ----  --------  --------  --------  ---------------
  0  Pu    0.585408  0.085408  0.192742  [0.0, 0.0, 0.0]
  1  Pu    0.085408  0.585408  0.106946  [0.0, 0.0, 0.0]
  2  Br    0.085408  0.585408  0.249507  [0.0, 0.0, 0.0]
  3  Br    0.585408  0.085408  0.050182  [0.0, 0.0, 0.0]
  4  O     0.585408  0.585408  0.149844  [0.0, 0.0, 0.0]
  5  O     0.085408  0.085408  0.149844  [0.0, 0.0, 0.0]",,"Full Formula (Pu2 Br2 O2)
Reduced Formula: PuBrO
abc   :   3.942624   3.942624  28.558713
angles:  90.000000  90.000000  90.000000
pbc   :       True       True       True
Sites (6)
  #  SP           a         b         c
---  ----  --------  --------  --------
  0  Pu    0.585408  0.085408  0.191662
  1  Pu    0.085408  0.585408  0.108026
  2  Br    0.085408  0.585408  0.248694
  3  Br    0.585408  0.085408  0.050995
  4  O     0.585408  0.585408  0.149844
  5  O     0.085408  0.085408  0.149844",JVASP-19545,,,,,mp-27982,0.0029,Pu2 Br2 O2
15.7622,15.7622,2.184,67.148,"Full Formula (Co1 O2)
Reduced Formula: CoO2
abc   :   2.817023   2.817023  21.887106
angles:  90.000000  90.000000 120.000003
pbc   :       True       True       True
Sites (3)
  #  SP           a         b         c  velocities
---  ----  --------  --------  --------  ---------------
  0  Co    0         0         0.04311   [0.0, 0.0, 0.0]
  1  O     0.666666  0.333334  0.085819  [0.0, 0.0, 0.0]
  2  O     0.333334  0.666666  0.000401  [0.0, 0.0, 0.0]",-0.925,"Full Formula (Co1 O2)
Reduced Formula: CoO2
abc   :   2.835882   2.835882  21.887106
angles:  90.000000  90.000000 120.000003
pbc   :       True       True       True
Sites (3)
  #  SP           a         b        c
---  ----  --------  --------  -------
  0  Co    0         0         0.04311
  1  O     0.666666  0.333334  0.08622
  2  O     0.333334  0.666666  0",JVASP-60359,,,,,mp-32686,1.4098,Co1 O2
28.5538,28.5538,8.7533,369.7796667,"Full Formula (Tb2 C1)
Reduced Formula: Tb2C
abc   :   3.515886   3.515887  22.716770
angles:  90.000000  90.000000 119.999996
pbc   :       True       True       True
Sites (3)
  #  SP            a         b         c  velocities
---  ----  ---------  --------  --------  ---------------
  0  Tb     0.666667  0.333333  0.439451  [0.0, 0.0, 0.0]
  1  Tb    -0         0         0.560549  [0.0, 0.0, 0.0]
  2  C      0.333333  0.666667  0.5       [0.0, 0.0, 0.0]",0.05,"Full Formula (Tb2 C1)
Reduced Formula: Tb2C
abc   :   3.610226   3.610226  22.716770
angles:  90.000000  90.000000 119.999995
pbc   :       True       True       True
Sites (3)
  #  SP           a         b         c
---  ----  --------  --------  --------
  0  Tb    0.666667  0.333333  0.440203
  1  Tb    0         0         0.559797
  2  C     0.333333  0.666667  0.5",JVASP-28143,,,,,mp-692,0.0443,Tb2 C1
27.1645,27.1645,9.1479,411.294,"Full Formula (Y2 C1)
Reduced Formula: Y2C
abc   :   3.539025   3.539025  22.695846
angles:  90.000000  90.000000 120.000002
pbc   :       True       True       True
Sites (3)
  #  SP            a          b        c  velocities
---  ----  ---------  ---------  -------  ---------------
  0  Y      0.666667   0.333333  0.44031  [0.0, 0.0, 0.0]
  1  Y     -0         -0         0.55969  [0.0, 0.0, 0.0]
  2  C      0.333333   0.666667  0.5      [0.0, 0.0, 0.0]",0.016,"Full Formula (Y2 C1)
Reduced Formula: Y2C
abc   :   3.615818   3.615818  22.695846
angles:  90.000000  90.000000 120.000002
pbc   :       True       True       True
Sites (3)
  #  SP           a         b         c
---  ----  --------  --------  --------
  0  Y     0.666667  0.333333  0.440609
  1  Y     0         0         0.559391
  2  C     0.333333  0.666667  0.5",JVASP-27865,0.008,22.2679,22.286,8.8585,mp-1334,0.014,Y2 C1
,,,345.58725,"Full Formula (Ca2 Si2)
Reduced Formula: CaSi
abc   :   4.348172   3.886351  25.705339
angles:  90.000000  90.000000  90.000000
pbc   :       True       True       True
Sites (4)
  #  SP      a     b         c  velocities
---  ----  ---  ----  --------  ---------------
  0  Ca    0.5  0.25  0.150609  [0.0, 0.0, 0.0]
  1  Ca    0.5  0.75  0.265854  [0.0, 0.0, 0.0]
  2  Si    0    0.25  0.237776  [0.0, 0.0, 0.0]
  3  Si    0    0.75  0.178688  [0.0, 0.0, 0.0]",-0.262,"Full Formula (Ca2 Si2)
Reduced Formula: CaSi
abc   :   4.560033   3.901522  25.705339
angles:  90.000000  90.000000  90.000000
pbc   :       True       True       True
Sites (4)
  #  SP      a     b         c
---  ----  ---  ----  --------
  0  Ca    0.5  0.25  0.150496
  1  Ca    0.5  0.75  0.265967
  2  Si    0    0.25  0.236986
  3  Si    0    0.75  0.179478",JVASP-6874,,,,,mp-1563,,Ca2 Si2
25.6433,25.7886,4.7281,316.5806,"Full Formula (Te2 Au1)
Reduced Formula: Te2Au
abc   :   3.998711   3.998241  23.009627
angles:  89.854218  90.000000 120.003881
pbc   :       True       True       True
Sites (3)
  #  SP            a          b          c  velocities
---  ----  ---------  ---------  ---------  ---------------
  0  Au    -0         -0          0.065401  [0.0, 0.0, 0.0]
  1  Te     0.334109   0.668218  -0.003331  [0.0, 0.0, 0.0]
  2  Te     0.665891   0.331782   0.134132  [0.0, 0.0, 0.0]",0.253,"Full Formula (Te2 Au1)
Reduced Formula: Te2Au
abc   :   4.217389   4.227388  23.009627
angles:  89.862120  90.000000 119.921776
pbc   :       True       True       True
Sites (3)
  #  SP           a         b         c
---  ----  --------  --------  --------
  0  Au    0         0         0.065401
  1  Te    0.327702  0.655404  0
  2  Te    0.672298  0.344596  0.130801",JVASP-60237,0.0077,30.8154,31.0773,4.4052,mp-1662,0.0208,Au1 Te2
4.7929,4.7929,2.9701,62.389,"Full Formula (Sm2 S2)
Reduced Formula: SmS
abc   :   3.913088   3.913088  25.299495
angles:  90.000000  90.000000  90.000000
pbc   :       True       True       True
Sites (4)
  #  SP      a     b         c  velocities
---  ----  ---  ----  --------  ---------------
  0  Sm    0.5   0.5  0.163383  [0.0, 0.0, 0.0]
  1  Sm    0    -0    0.257564  [0.0, 0.0, 0.0]
  2  S     0     0    0.14572   [0.0, 0.0, 0.0]
  3  S     0.5   0.5  0.275227  [0.0, 0.0, 0.0]",-1.814,"Full Formula (Sm2 S2)
Reduced Formula: SmS
abc   :   3.918837   3.918837  25.299495
angles:  90.000000  90.000000  90.000000
pbc   :       True       True       True
Sites (4)
  #  SP      a    b         c
---  ----  ---  ---  --------
  0  Sm    0.5  0.5  0.16218
  1  Sm    0    0    0.258767
  2  S     0    0    0.146657
  3  S     0.5  0.5  0.27429",JVASP-19516,,,,,mp-1879,0.0558,Sm2 S2
2.8558,2.4994,2.1929,52.1685,"Full Formula (Li4 Bi4 O8)
Reduced Formula: LiBiO2
abc   :   4.739760   5.254236  28.631286
angles:  90.000000  90.000000  90.000000
pbc   :       True       True       True
Sites (16)
  #  SP        a          b         c  velocities
---  ----  -----  ---------  --------  ---------------
  0  Li     0.75  -0         0.161899  [0.0, 0.0, 0.0]
  1  Li     0.25  -0         0.161899  [0.0, 0.0, 0.0]
  2  Li     0.25   0.5       0.163467  [0.0, 0.0, 0.0]
  3  Li     0.75   0.5       0.163467  [0.0, 0.0, 0.0]
  4  Bi     0      0.242574  0.059891  [0.0, 0.0, 0.0]
  5  Bi     0.5    0.757426  0.059891  [0.0, 0.0, 0.0]
  6  Bi     0.5    0.257426  0.265475  [0.0, 0.0, 0.0]
  7  Bi     0      0.742574  0.265475  [0.0, 0.0, 0.0]
  8  O      0.5    0.167495  0.056858  [0.0, 0.0, 0.0]
  9  O      0      0.832505  0.056858  [0.0, 0.0, 0.0]
 10  O     -0      0.256276  0.13225   [0.0, 0.0, 0.0]
 11  O      0.5    0.743724  0.13225   [0.0, 0.0, 0.0]
 12  O      0.5    0.243724  0.193116  [0.0, 0.0, 0.0]
 13  O     -0      0.756276  0.193116  [0.0, 0.0, 0.0]
 14  O      0      0.332505  0.268508  [0.0, 0.0, 0.0]
 15  O      0.5    0.667495  0.268508  [0.0, 0.0, 0.0]",-1.596,"Full Formula (Li4 Bi4 O8)
Reduced Formula: LiBiO2
abc   :   4.761461   5.349802  28.631286
angles:  90.000000  90.000000  90.000000
pbc   :       True       True       True
Sites (16)
  #  SP       a         b         c
---  ----  ----  --------  --------
  0  Li    0.75  0         0.162475
  1  Li    0.25  0         0.162475
  2  Li    0.25  0.5       0.162891
  3  Li    0.75  0.5       0.162891
  4  Bi    0     0.239453  0.058792
  5  Bi    0.5   0.760547  0.058792
  6  Bi    0.5   0.260547  0.266574
  7  Bi    0     0.739453  0.266574
  8  O     0.5   0.162064  0.052931
  9  O     0     0.837936  0.052931
 10  O     0     0.250719  0.131341
 11  O     0.5   0.749281  0.131341
 12  O     0.5   0.249281  0.194025
 13  O     0     0.750719  0.194025
 14  O     0     0.337936  0.272435
 15  O     0.5   0.662064  0.272435",JVASP-19549,3.449,2.1465,1.9943,1.8491,mp-28253,2.3902,Li4 Bi4 O8
3.0507,2.857,2.5831,133.7293333,"Full Formula (Pt4 I8)
Reduced Formula: PtI2
abc   :   7.005255   8.537233  30.711715
angles:  90.000000 102.358932  90.000000
pbc   :       True       True       True
Sites (12)
  #  SP           a         b         c  velocities
---  ----  --------  --------  --------  ---------------
  0  Pt    0.110202  0.018342  0.170421  [0.0, 0.0, 0.0]
  1  Pt    0.610202  0.259418  0.170421  [0.0, 0.0, 0.0]
  2  Pt    0.611999  0.518342  0.066378  [0.0, 0.0, 0.0]
  3  Pt    0.111999  0.759418  0.066378  [0.0, 0.0, 0.0]
  4  I     0.884856  0.804695  0.12286   [0.0, 0.0, 0.0]
  5  I     0.384856  0.473065  0.12286   [0.0, 0.0, 0.0]
  6  I     0.35086   0.219329  0.220154  [0.0, 0.0, 0.0]
  7  I     0.85086   0.058431  0.220154  [0.0, 0.0, 0.0]
  8  I     0.37134   0.719329  0.016645  [0.0, 0.0, 0.0]
  9  I     0.87134   0.558431  0.016645  [0.0, 0.0, 0.0]
 10  I     0.837344  0.304695  0.113938  [0.0, 0.0, 0.0]
 11  I     0.337344  0.973064  0.113938  [0.0, 0.0, 0.0]",0.007,"Full Formula (Pt4 I8)
Reduced Formula: PtI2
abc   :   7.103952   9.133865  30.731670
angles:  90.000000 102.527596  90.000000
pbc   :       True       True       True
Sites (12)
  #  SP           a         b         c
---  ----  --------  --------  --------
  0  Pt    0.106094  0.020127  0.168342
  1  Pt    0.606094  0.257633  0.168342
  2  Pt    0.616107  0.520127  0.068457
  3  Pt    0.116107  0.757633  0.068457
  4  I     0.885462  0.816779  0.121874
  5  I     0.385462  0.460981  0.121874
  6  I     0.346913  0.208721  0.216529
  7  I     0.846913  0.069039  0.216529
  8  I     0.375287  0.708721  0.02027
  9  I     0.875287  0.569039  0.02027
 10  I     0.836738  0.316779  0.114924
 11  I     0.336738  0.96098   0.114924",JVASP-13602,,,,,mp-28319,1.1749,Pt4 I8
1.7732,2.1126,1.1898,248.563315,"Full Formula (Rb2 I6)
Reduced Formula: RbI3
abc   :   8.934346  10.975036  26.994641
angles:  90.000000  90.000000  90.000000
pbc   :       True       True       True
Sites (8)
  #  SP           a         b         c  velocities
---  ----  --------  --------  --------  ---------------
  0  Rb    0.8331    0.492122  0.064778  [0.0, 0.0, 0.0]
  1  Rb    0.3331    0.007878  0.064778  [0.0, 0.0, 0.0]
  2  I     0.371594  0.51634   0.064778  [0.0, 0.0, 0.0]
  3  I     0.871594  0.98366   0.064778  [0.0, 0.0, 0.0]
  4  I     0.566701  0.733811  0.064778  [0.0, 0.0, 0.0]
  5  I     0.066701  0.766189  0.064778  [0.0, 0.0, 0.0]
  6  I     0.661221  0.196843  0.064778  [0.0, 0.0, 0.0]
  7  I     0.161221  0.303157  0.064778  [0.0, 0.0, 0.0]",-0.591,"Full Formula (Rb2 I6)
Reduced Formula: RbI3
abc   :  11.019809  10.115620  26.994641
angles:  90.000000  90.000000  90.000000
pbc   :       True       True       True
Sites (8)
  #  SP           a         b         c
---  ----  --------  --------  --------
  0  Rb    0.827996  0.47315   0.064778
  1  Rb    0.327996  0.02685   0.064778
  2  I     0.370897  0.549376  0.064778
  3  I     0.870897  0.950624  0.064778
  4  I     0.571897  0.733999  0.064778
  5  I     0.071897  0.766001  0.064778
  6  I     0.661825  0.144134  0.064778
  7  I     0.161825  0.355866  0.064778",JVASP-20022,,,,,mp-28328,1.9029,Rb2 I6
2.4526,2.4326,1.2806,254.9356687,"Full Formula (Tl2 I6)
Reduced Formula: TlI3
abc   :   9.689980   9.622096  26.664723
angles:  90.000000  90.000000  90.000000
pbc   :       True       True       True
Sites (8)
  #  SP           a          b         c  velocities
---  ----  --------  ---------  --------  ---------------
  0  Tl    0.358631   0.499922  0.062486  [0.0, 0.0, 0.0]
  1  Tl    0.858631   7.8e-05   0.062486  [0.0, 0.0, 0.0]
  2  I     0.140418   0.782231  0.062486  [0.0, 0.0, 0.0]
  3  I     0.640418   0.717769  0.062486  [0.0, 0.0, 0.0]
  4  I     0.358388  -0.000103  0.062486  [0.0, 0.0, 0.0]
  5  I     0.858388   0.500103  0.062486  [0.0, 0.0, 0.0]
  6  I     0.57648    0.217506  0.062486  [0.0, 0.0, 0.0]
  7  I     0.07648    0.282494  0.062486  [0.0, 0.0, 0.0]",-0.101,"Full Formula (Tl2 I6)
Reduced Formula: TlI3
abc   :  10.605474   9.905647  26.664723
angles:  90.000000  90.000000  90.000000
pbc   :       True       True       True
Sites (8)
  #  SP           a         b         c
---  ----  --------  --------  --------
  0  Tl    0.329998  0.522696  0.062486
  1  Tl    0.829998  0.977304  0.062486
  2  I     0.151723  0.85104   0.062486
  3  I     0.651723  0.64896   0.062486
  4  I     0.371089  0.047025  0.062486
  5  I     0.871089  0.452975  0.062486
  6  I     0.581107  0.231839  0.062486
  7  I     0.081107  0.268161  0.062486",JVASP-20023,,,,,mp-28329,1.8307,Tl2 I6
1.6967,2.1331,2.0777,173.3232833,"Full Formula (Br4 O2)
Reduced Formula: Br2O
abc   :   3.905964   7.475640  26.409580
angles:  90.000000  90.000000  90.000000
pbc   :       True       True       True
Sites (6)
  #  SP           a         b         c  velocities
---  ----  --------  --------  --------  ---------------
  0  Br    0.635859  0.318426  0.199511  [0.0, 0.0, 0.0]
  1  Br    0.364141  0.818426  0.194649  [0.0, 0.0, 0.0]
  2  Br    0.396249  0.512451  0.279603  [0.0, 0.0, 0.0]
  3  Br    0.603751  0.012451  0.114556  [0.0, 0.0, 0.0]
  4  O     0.137548  0.691024  0.249851  [0.0, 0.0, 0.0]
  5  O     0.862452  0.191024  0.144308  [0.0, 0.0, 0.0]",0.303,"Full Formula (Br4 O2)
Reduced Formula: Br2O
abc   :   4.347932   7.085290  26.409580
angles:  90.000000  90.000000  90.000000
pbc   :       True       True       True
Sites (6)
  #  SP           a         b         c
---  ----  --------  --------  --------
  0  Br    0.622526  0.321902  0.199855
  1  Br    0.377474  0.821902  0.194305
  2  Br    0.428095  0.50311   0.282139
  3  Br    0.571905  0.00311   0.11202
  4  O     0.192318  0.696888  0.25415
  5  O     0.807682  0.196888  0.140009",JVASP-19552,,,,,mp-28460,1.6721,Br4 O2
1.3038,1.3038,1.405,48.54325,"Full Formula (Rb2 Br2 F8)
Reduced Formula: RbBrF4
abc   :   7.044177   7.044177  26.127300
angles:  90.000000  90.000000  90.000000
pbc   :       True       True       True
Sites (12)
  #  SP            a          b         c  velocities
---  ----  ---------  ---------  --------  ---------------
  0  Br    -0          0.5       0.212944  [0.0, 0.0, 0.0]
  1  Br     0.5       -0         0.212944  [0.0, 0.0, 0.0]
  2  F      0.642883   0.142883  0.162571  [0.0, 0.0, 0.0]
  3  F      0.357117   0.857117  0.162571  [0.0, 0.0, 0.0]
  4  F      0.142883   0.357117  0.162571  [0.0, 0.0, 0.0]
  5  F      0.857117   0.642883  0.162571  [0.0, 0.0, 0.0]
  6  F      0.642883   0.142883  0.263317  [0.0, 0.0, 0.0]
  7  F      0.357117   0.857117  0.263317  [0.0, 0.0, 0.0]
  8  F      0.142883   0.357117  0.263317  [0.0, 0.0, 0.0]
  9  F      0.857117   0.642883  0.263317  [0.0, 0.0, 0.0]
 10  Rb    -0         -0         0.212944  [0.0, 0.0, 0.0]
 11  Rb     0.5        0.5       0.212944  [0.0, 0.0, 0.0]",-1.61,"Full Formula (Rb2 Br2 F8)
Reduced Formula: RbBrF4
abc   :   7.151300   7.151300  26.127300
angles:  90.000000  90.000000  90.000000
pbc   :       True       True       True
Sites (12)
  #  SP         a       b         c
---  ----  ------  ------  --------
  0  Br    0       0.5     0.212944
  1  Br    0.5     0       0.212944
  2  F     0.6402  0.1402  0.162647
  3  F     0.3598  0.8598  0.162647
  4  F     0.1402  0.3598  0.162647
  5  F     0.8598  0.6402  0.162647
  6  F     0.6402  0.1402  0.263241
  7  F     0.3598  0.8598  0.263241
  8  F     0.1402  0.3598  0.263241
  9  F     0.8598  0.6402  0.263241
 10  Rb    0       0       0.212944
 11  Rb    0.5     0.5     0.212944",JVASP-20026,,,,,mp-28577,3.4518,Br2 F8 Rb2
2.7287,2.5043,2.3901,45.28278571,"Full Formula (Sr2 Bi4 O8)
Reduced Formula: Sr(BiO2)2
abc   :   4.368371   5.983357  26.639170
angles:  97.445116  90.000000  90.000011
pbc   :       True       True       True
Sites (14)
  #  SP           a         b         c  velocities
---  ----  --------  --------  --------  ---------------
  0  Sr    0.250001  0.852536  0.112038  [0.0, 0.0, 0.0]
  1  Sr    0.749999  0.396755  0.137268  [0.0, 0.0, 0.0]
  2  Bi    0.249999  0.49904   0.254782  [0.0, 0.0, 0.0]
  3  Bi    0.750002  0.013211  0.23203   [0.0, 0.0, 0.0]
  4  Bi    0.750001  0.750298  0.994524  [0.0, 0.0, 0.0]
  5  Bi    0.249998  0.236114  0.017284  [0.0, 0.0, 0.0]
  6  O     0.75      0.994726  0.154484  [0.0, 0.0, 0.0]
  7  O     0.249997  0.607116  0.183657  [0.0, 0.0, 0.0]
  8  O     0.25      0.254566  0.094829  [0.0, 0.0, 0.0]
  9  O     0.750003  0.642158  0.065644  [0.0, 0.0, 0.0]
 10  O     0.749998  0.388891  0.239961  [0.0, 0.0, 0.0]
 11  O     0.250002  0.134407  0.239189  [0.0, 0.0, 0.0]
 12  O     0.250002  0.860437  0.009341  [0.0, 0.0, 0.0]
 13  O     0.749998  0.11492   0.010145  [0.0, 0.0, 0.0]",-1.826,"Full Formula (Sr2 Bi4 O8)
Reduced Formula: Sr(BiO2)2
abc   :   4.375068   6.257758  26.639170
angles:  97.116921  90.000000  90.000000
pbc   :       True       True       True
Sites (14)
  #  SP       a         b         c
---  ----  ----  --------  --------
  0  Sr    0.25  0.862289  0.1165
  1  Sr    0.75  0.387022  0.132811
  2  Bi    0.25  0.531834  0.249589
  3  Bi    0.75  0.070813  0.239085
  4  Bi    0.75  0.717477  0.999722
  5  Bi    0.25  0.178498  0.010226
  6  O     0.75  0.017636  0.161443
  7  O     0.25  0.580212  0.174423
  8  O     0.25  0.231675  0.087868
  9  O     0.75  0.669099  0.074888
 10  O     0.75  0.422978  0.239004
 11  O     0.25  0.181375  0.245378
 12  O     0.25  0.826333  0.010307
 13  O     0.75  0.067935  0.003932",JVASP-60320,3.5402,2.3727,2.1917,2.1294,mp-29048,1.2161,Sr2 Bi4 O8
2.2965,3.4877,2.542,102.7778333,"Full Formula (Pd1 Se6 Cl2)
Reduced Formula: Pd(Se3Cl)2
abc   :   4.313303   8.488029  27.076729
angles:  90.534179  95.228731  84.128211
pbc   :       True       True       True
Sites (9)
  #  SP           a         b         c  velocities
---  ----  --------  --------  --------  ---------------
  0  Cl    0.516554  0.544619  0.168423  [0.0, 0.0, 0.0]
  1  Cl    0.186416  0.455381  0.312367  [0.0, 0.0, 0.0]
  2  Pd    0.851485  0.5       0.240395  [0.0, 0.0, 0.0]
  3  Se    0.968083  0.118062  0.313322  [0.0, 0.0, 0.0]
  4  Se    0.734887  0.881938  0.167468  [0.0, 0.0, 0.0]
  5  Se    0.912637  0.134716  0.174849  [0.0, 0.0, 0.0]
  6  Se    0.640105  0.2457    0.244253  [0.0, 0.0, 0.0]
  7  Se    0.062866  0.7543    0.236537  [0.0, 0.0, 0.0]
  8  Se    0.790334  0.865284  0.305941  [0.0, 0.0, 0.0]",-0.08,"Full Formula (Pd1 Se6 Cl2)
Reduced Formula: Pd(Se3Cl)2
abc   :   4.953800   8.602300  27.112577
angles:  90.000000  95.999861  90.000000
pbc   :       True       True       True
Sites (9)
  #  SP            a       b         c
---  ----  ---------  ------  --------
  0  Cl     0.540176  0.5367  0.170969
  1  Cl     0.162794  0.4633  0.309821
  2  Pd    -0.148515  0.5     0.240395
  3  Se    -0.012538  0.1213  0.311167
  4  Se     0.715508  0.8787  0.169623
  5  Se    -0.101579  0.1312  0.173325
  6  Se     0.688625  0.2323  0.243568
  7  Se     0.014346  0.7677  0.237222
  8  Se     0.80455   0.8688  0.307465",JVASP-31361,,,,,mp-29469,1.4606,Cl2 Pd1 Se6
1.8273,1.8273,1.8719,18.41123077,"Full Formula (Mg5 H2 O6)
Reduced Formula: Mg5(HO3)2
abc   :   3.028313   3.028313  33.887648
angles:  90.000000  90.000000 120.000006
pbc   :       True       True       True
Sites (13)
  #  SP            a          b         c  velocities
---  ----  ---------  ---------  --------  ---------------
  0  Mg     0.666667   0.333333  0.355958  [0.0, 0.0, 0.0]
  1  Mg     0.333333   0.666667  0.42814   [0.0, 0.0, 0.0]
  2  Mg    -0         -0         0.5       [0.0, 0.0, 0.0]
  3  Mg     0.666667   0.333333  0.57186   [0.0, 0.0, 0.0]
  4  Mg     0.333333   0.666667  0.644042  [0.0, 0.0, 0.0]
  5  H      0.333333   0.666667  0.296078  [0.0, 0.0, 0.0]
  6  H      0.666667   0.333333  0.703922  [0.0, 0.0, 0.0]
  7  O      0.333333   0.666667  0.32462   [0.0, 0.0, 0.0]
  8  O     -0         -0         0.392164  [0.0, 0.0, 0.0]
  9  O      0.666667   0.333333  0.464071  [0.0, 0.0, 0.0]
 10  O      0.333333   0.666667  0.535929  [0.0, 0.0, 0.0]
 11  O     -0          0         0.607836  [0.0, 0.0, 0.0]
 12  O      0.666667   0.333333  0.67538   [0.0, 0.0, 0.0]",-2.526,"Full Formula (Mg5 H2 O6)
Reduced Formula: Mg5(HO3)2
abc   :   3.047302   3.047302  33.887648
angles:  90.000000  90.000000 119.999999
pbc   :       True       True       True
Sites (13)
  #  SP           a         b         c
---  ----  --------  --------  --------
  0  Mg    0.666667  0.333333  0.355218
  1  Mg    0.333333  0.666667  0.427707
  2  Mg    0         0         0.5
  3  Mg    0.666667  0.333333  0.572293
  4  Mg    0.333333  0.666667  0.644782
  5  H     0.333333  0.666667  0.295093
  6  H     0.666667  0.333333  0.704907
  7  O     0.333333  0.666667  0.323657
  8  O     0         0         0.391518
  9  O     0.666667  0.333333  0.463844
 10  O     0.333333  0.666667  0.536156
 11  O     0         0         0.608482
 12  O     0.666667  0.333333  0.676343",JVASP-27954,,,,,mp-30241,2.4199,Mg5 H2 O6
1.7283,1.7283,1.7755,26.38581818,"Full Formula (Mg4 H2 O5)
Reduced Formula: Mg4H2O5
abc   :   3.037070   3.037069  31.422963
angles:  90.000000  90.000000 119.999998
pbc   :       True       True       True
Sites (11)
  #  SP           a          b         c  velocities
---  ----  --------  ---------  --------  ---------------
  0  Mg    0          0         0.383626  [0.0, 0.0, 0.0]
  1  Mg    0.666667   0.333333  0.461332  [0.0, 0.0, 0.0]
  2  Mg    0.333333   0.666667  0.538668  [0.0, 0.0, 0.0]
  3  Mg    0         -0         0.616374  [0.0, 0.0, 0.0]
  4  H     0.666667   0.333333  0.319128  [0.0, 0.0, 0.0]
  5  H     0.333333   0.666667  0.680872  [0.0, 0.0, 0.0]
  6  O     0.666667   0.333333  0.349914  [0.0, 0.0, 0.0]
  7  O     0.333333   0.666667  0.422607  [0.0, 0.0, 0.0]
  8  O     0         -0         0.5       [0.0, 0.0, 0.0]
  9  O     0.666667   0.333333  0.577393  [0.0, 0.0, 0.0]
 10  O     0.333333   0.666667  0.650086  [0.0, 0.0, 0.0]",-2.439,"Full Formula (Mg4 H2 O5)
Reduced Formula: Mg4H2O5
abc   :   3.059041   3.059041  31.422963
angles:  90.000000  90.000000 119.999994
pbc   :       True       True       True
Sites (11)
  #  SP           a         b         c
---  ----  --------  --------  --------
  0  Mg    0         0         0.38304
  1  Mg    0.666667  0.333333  0.461123
  2  Mg    0.333333  0.666667  0.538877
  3  Mg    0         0         0.61696
  4  H     0.666667  0.333333  0.318239
  5  H     0.333333  0.666667  0.681761
  6  O     0.666667  0.333333  0.349108
  7  O     0.333333  0.666667  0.422171
  8  O     0         0         0.5
  9  O     0.666667  0.333333  0.577829
 10  O     0.333333  0.666667  0.650892",JVASP-27955,,,,,mp-30242,1.6244,Mg4 H2 O5
1.6094,1.6094,1.6596,29.34527778,"Full Formula (Mg3 H2 O4)
Reduced Formula: Mg3(HO2)2
abc   :   3.051065   3.051065  28.961292
angles:  90.000000  90.000000 120.000009
pbc   :       True       True       True
Sites (9)
  #  SP           a         b         c  velocities
---  ----  --------  --------  --------  ---------------
  0  Mg    0.666667  0.333333  0.584225  [0.0, 0.0, 0.0]
  1  Mg    0         0         0.499971  [0.0, 0.0, 0.0]
  2  Mg    0.333333  0.666667  0.415717  [0.0, 0.0, 0.0]
  3  H     0         0         0.654071  [0.0, 0.0, 0.0]
  4  H     0         0         0.345868  [0.0, 0.0, 0.0]
  5  O     0         0         0.620658  [0.0, 0.0, 0.0]
  6  O     0.333333  0.666667  0.541952  [0.0, 0.0, 0.0]
  7  O     0.666667  0.333333  0.457988  [0.0, 0.0, 0.0]
  8  O     0         0         0.37928   [0.0, 0.0, 0.0]",-2.316,"Full Formula (Mg3 H2 O4)
Reduced Formula: Mg3(HO2)2
abc   :   3.072813   3.072813  28.961292
angles:  90.000000  90.000000 120.000009
pbc   :       True       True       True
Sites (9)
  #  SP           a         b         c
---  ----  --------  --------  --------
  0  Mg    0.666667  0.333333  0.584578
  1  Mg    0         0         0.499926
  2  Mg    0.333333  0.666667  0.415378
  3  H     0         0         0.654712
  4  H     0         0         0.345288
  5  O     0         0         0.621262
  6  O     0.333333  0.666667  0.542128
  7  O     0.666667  0.333333  0.457739
  8  O     0         0         0.37872",JVASP-27956,,,,,mp-30243,2.3102,Mg3 H2 O4
1.1245,1.4176,1.1211,110.7191667,"Full Formula (C1 N1 Cl1)
Reduced Formula: CNCl
abc   :   3.802239   5.647204  22.959200
angles:  90.000000  90.000000  90.000000
pbc   :       True       True       True
Sites (3)
  #  SP      a         b         c  velocities
---  ----  ---  --------  --------  ---------------
  0  C     0.5  0.427833  0.129778  [0.0, 0.0, 0.0]
  1  Cl    0.5  0.141135  0.129778  [0.0, 0.0, 0.0]
  2  N     0.5  0.634232  0.129778  [0.0, 0.0, 0.0]",0.477,"Full Formula (C1 N1 Cl1)
Reduced Formula: CNCl
abc   :   4.238700   5.727600  22.959200
angles:  90.000000  90.000000  90.000000
pbc   :       True       True       True
Sites (3)
  #  SP      a       b         c
---  ----  ---  ------  --------
  0  C     0.5  0.427   0.129778
  1  Cl    0.5  0.1448  0.129778
  2  N     0.5  0.6314  0.129778",JVASP-19540,,,,,mp-27502,5.3933,C1 Cl1 N1
13.0098,7.1195,3.1152,88.29988889,"Full Formula (Ta2 Pd1 Se6)
Reduced Formula: Ta2PdSe6
abc   :   3.400334   9.701743  23.942664
angles:  97.280089  90.000000 100.092826
pbc   :       True       True       True
Sites (9)
  #  SP           a         b         c  velocities
---  ----  --------  --------  --------  ---------------
  0  Pd    0.5       0         0.082336  [0.0, 0.0, 0.0]
  1  Se    0.5662    0.1324    0.999775  [0.0, 0.0, 0.0]
  2  Se    0.616823  0.233646  0.140725  [0.0, 0.0, 0.0]
  3  Se    0.733583  0.467166  0.024381  [0.0, 0.0, 0.0]
  4  Se    0.266417  0.532834  0.14029   [0.0, 0.0, 0.0]
  5  Se    0.4338    0.8676    0.164896  [0.0, 0.0, 0.0]
  6  Se    0.383177  0.766354  0.023947  [0.0, 0.0, 0.0]
  7  Ta    0.145373  0.290747  0.062983  [0.0, 0.0, 0.0]
  8  Ta    0.854627  0.709253  0.101688  [0.0, 0.0, 0.0]",-0.601,"Full Formula (Ta2 Pd1 Se6)
Reduced Formula: Ta2PdSe6
abc   :   3.406402   9.741992  23.942664
angles:  97.249849  90.000000 100.068816
pbc   :       True       True       True
Sites (9)
  #  SP           a         b         c
---  ----  --------  --------  --------
  0  Pd    0.5       0         0.082336
  1  Se    0.566995  0.13399   0
  2  Se    0.61671   0.23342   0.14101
  3  Se    0.733438  0.466876  0.024797
  4  Se    0.266562  0.533124  0.139874
  5  Se    0.433005  0.86601   0.164671
  6  Se    0.38329   0.76658   0.023662
  7  Ta    0.145453  0.290906  0.063421
  8  Ta    0.854547  0.709094  0.10125",JVASP-60597,,,,,mp-8436,0.0822,Pd1 Se6 Ta2
8.1894,18.8789,5.1232,278.1561364,"Full Formula (Sn1 P7 Au3)
Reduced Formula: SnP7Au3
abc   :   5.067112   5.733242  25.980304
angles:  90.000000  96.768888  99.275674
pbc   :       True       True       True
Sites (11)
  #  SP           a         b         c  velocities
---  ----  --------  --------  --------  ---------------
  0  Sn    0.503925  0.057279  0.119931  [0.0, 0.0, 0.0]
  1  P     0.068174  0.738448  0.132274  [0.0, 0.0, 0.0]
  2  P     0.618652  0.788177  0.212883  [0.0, 0.0, 0.0]
  3  P     0.749388  0.771816  0.067182  [0.0, 0.0, 0.0]
  4  P     0.40059   0.996043  0.260444  [0.0, 0.0, 0.0]
  5  P     0.021977  0.973654  0.200566  [0.0, 0.0, 0.0]
  6  P     0.207055  0.29571   0.046271  [0.0, 0.0, 0.0]
  7  P     0.903571  0.027195  0.005387  [0.0, 0.0, 0.0]
  8  Au    0.557612  0.386265  0.23311   [0.0, 0.0, 0.0]
  9  Au    0.708345  0.373636  0.029635  [0.0, 0.0, 0.0]
 10  Au    0.008372  0.354136  0.167232  [0.0, 0.0, 0.0]",0.179,"Full Formula (Sn1 P7 Au3)
Reduced Formula: SnP7Au3
abc   :   4.922268   5.654799  25.980304
angles:  90.000000  96.969045  90.000000
pbc   :       True       True       True
Sites (11)
  #  SP           a         b         c
---  ----  --------  --------  --------
  0  Sn    0.489394  0.07338   0.124381
  1  P     0.098811  0.7109    0.130744
  2  P     0.637378  0.788908  0.21635
  3  P     0.765879  0.792972  0.066369
  4  P     0.400575  0.010821  0.263746
  5  P     0.02372   0.94804   0.201378
  6  P     0.192992  0.290622  0.041253
  7  P     0.914685  0.027936  0.002513
  8  Au    0.547118  0.38811   0.235277
  9  Au    0.683036  0.396194  0.027426
 10  Au    0.994076  0.334477  0.165476",JVASP-60356,0.0495,6.8868,16.9741,4.4834,mp-3245,0.0389,Sn1 P7 Au3
3.8685,3.1683,2.6574,100.0689643,"Full Formula (K4 Se10)
Reduced Formula: K2Se5
abc   :   6.580323   6.588080  29.812571
angles:  90.000000  90.000000  90.000000
pbc   :       True       True       True
Sites (14)
  #  SP           a         b         c  velocities
---  ----  --------  --------  --------  ---------------
  0  K     0.076802  0.844973  0.217389  [0.0, 0.0, 0.0]
  1  K     0.358319  0.426787  0.330688  [0.0, 0.0, 0.0]
  2  K     0.858319  0.073213  0.333883  [0.0, 0.0, 0.0]
  3  K     0.576802  0.655027  0.447182  [0.0, 0.0, 0.0]
  4  Se    0.527425  0.268837  0.206368  [0.0, 0.0, 0.0]
  5  Se    0.099548  0.354301  0.233882  [0.0, 0.0, 0.0]
  6  Se    0.568303  0.923085  0.234729  [0.0, 0.0, 0.0]
  7  Se    0.7553    0.450567  0.255095  [0.0, 0.0, 0.0]
  8  Se    0.388214  0.919359  0.30389   [0.0, 0.0, 0.0]
  9  Se    0.888214  0.580641  0.360681  [0.0, 0.0, 0.0]
 10  Se    0.2553    0.049433  0.409476  [0.0, 0.0, 0.0]
 11  Se    0.068303  0.576915  0.429842  [0.0, 0.0, 0.0]
 12  Se    0.599548  0.145699  0.430689  [0.0, 0.0, 0.0]
 13  Se    0.027425  0.231163  0.458203  [0.0, 0.0, 0.0]",-0.529,"Full Formula (K4 Se10)
Reduced Formula: K2Se5
abc   :   6.673388   6.948309  29.812571
angles:  90.000000  90.000000  90.000000
pbc   :       True       True       True
Sites (14)
  #  SP           a         b         c
---  ----  --------  --------  --------
  0  K     0.087157  0.824293  0.211772
  1  K     0.351772  0.43214   0.327637
  2  K     0.851772  0.06786   0.336934
  3  K     0.587157  0.675707  0.452799
  4  Se    0.53479   0.227591  0.204956
  5  Se    0.096593  0.334138  0.228341
  6  Se    0.565988  0.916351  0.241004
  7  Se    0.758557  0.432052  0.246356
  8  Se    0.379055  0.926605  0.308261
  9  Se    0.879055  0.573395  0.35631
 10  Se    0.258557  0.067948  0.418215
 11  Se    0.065988  0.583649  0.423567
 12  Se    0.596593  0.165862  0.43623
 13  Se    0.03479   0.272409  0.459615",JVASP-6643,,,,,mp-18609,1.1703,K4 Se10
,,,84.397,"Full Formula (Pd2 Br4)
Reduced Formula: PdBr2
abc   :   6.586375   3.983700  26.819132
angles:  90.000000  96.528930  90.000000
pbc   :       True       True       True
Sites (6)
  #  SP           a         b         c  velocities
---  ----  --------  --------  --------  ---------------
  0  Pd    0.387054  0         0.256054  [0.0, 0.0, 0.0]
  1  Pd    0.887054  0         0.256054  [0.0, 0.0, 0.0]
  2  Br    0.107786  0.181023  0.19285   [0.0, 0.0, 0.0]
  3  Br    0.166322  0.181023  0.319258  [0.0, 0.0, 0.0]
  4  Br    0.607786  0.818977  0.19285   [0.0, 0.0, 0.0]
  5  Br    0.666322  0.818977  0.319258  [0.0, 0.0, 0.0]",-0.213,"Full Formula (Pd2 Br4)
Reduced Formula: PdBr2
abc   :   6.645433   4.795781  26.822254
angles:  90.000000  96.586961  90.000000
pbc   :       True       True       True
Sites (6)
  #  SP           a         b         c
---  ----  --------  --------  --------
  0  Pd    0.387054  0         0.256054
  1  Pd    0.887054  0         0.256054
  2  Br    0.10783   0.149824  0.193246
  3  Br    0.166278  0.149824  0.318862
  4  Br    0.60783   0.850176  0.193246
  5  Br    0.666278  0.850176  0.318862",JVASP-6964,,,,,mp-27857,,Pd2 Br4
,,,99.89068182,"Full Formula (Ta3 Se1 I7)
Reduced Formula: Ta3SeI7
abc   :   7.602028   7.602028  26.835946
angles:  90.000000  90.000000 119.999998
pbc   :       True       True       True
Sites (11)
  #  SP           a         b         c  velocities
---  ----  --------  --------  --------  ---------------
  0  Ta    0.259698  0.129849  0.138615  [0.0, 0.0, 0.0]
  1  Ta    0.870151  0.740302  0.138615  [0.0, 0.0, 0.0]
  2  Ta    0.870151  0.129849  0.138615  [0.0, 0.0, 0.0]
  3  Se    0         0         0.20944   [0.0, 0.0, 0.0]
  4  I     0.168755  0.831245  0.068185  [0.0, 0.0, 0.0]
  5  I     0.168755  0.33751   0.068185  [0.0, 0.0, 0.0]
  6  I     0.66249   0.831245  0.068185  [0.0, 0.0, 0.0]
  7  I     0.666667  0.333333  0.08418   [0.0, 0.0, 0.0]
  8  I     0.497413  0.994825  0.195922  [0.0, 0.0, 0.0]
  9  I     0.497413  0.502587  0.195922  [0.0, 0.0, 0.0]
 10  I     0.005175  0.502587  0.195922  [0.0, 0.0, 0.0]",-0.43,"Full Formula (Ta3 Se1 I7)
Reduced Formula: Ta3SeI7
abc   :   7.643715   7.643714  26.835946
angles:  90.000000  90.000000 119.999998
pbc   :       True       True       True
Sites (11)
  #  SP           a         b         c
---  ----  --------  --------  --------
  0  Ta    0.259503  0.129751  0.138295
  1  Ta    0.870249  0.740497  0.138295
  2  Ta    0.870249  0.129751  0.138295
  3  Se    0         0         0.208752
  4  I     0.167804  0.832196  0.06842
  5  I     0.167804  0.335608  0.06842
  6  I     0.664392  0.832196  0.06842
  7  I     0.666667  0.333333  0.08511
  8  I     0.497935  0.99587   0.195927
  9  I     0.497935  0.502065  0.195927
 10  I     0.00413   0.502065  0.195927",JVASP-6796,,,,,mp-29116,,Ta3 Se1 I7
3.7931,3.7931,2.229,85.96054545,"Full Formula (Nb3 Br8)
Reduced Formula: Nb3Br8
abc   :   7.125391   7.125405  23.755104
angles:  90.000000  90.000000 119.999457
pbc   :       True       True       True
Sites (11)
  #  SP           a         b         c  velocities
---  ----  --------  --------  --------  ---------------
  0  Nb    0.468647  0.937291  0.925455  [0.0, 0.0, 0.0]
  1  Nb    0.062708  0.531353  0.925455  [0.0, 0.0, 0.0]
  2  Br    0.333333  0.666666  0.840902  [0.0, 0.0, 0.0]
  3  Br    0.666663  0.333332  0.985302  [0.0, 0.0, 0.0]
  4  Br    0.83595   0.671893  0.86478   [0.0, 0.0, 0.0]
  5  Br    0.665835  0.832918  0.000246  [0.0, 0.0, 0.0]
  6  Br    0.167081  0.334167  0.000246  [0.0, 0.0, 0.0]
  7  Br    0.328107  0.164052  0.864781  [0.0, 0.0, 0.0]
  8  Nb    0.468645  0.531354  0.925455  [0.0, 0.0, 0.0]
  9  Br    0.835947  0.164056  0.864779  [0.0, 0.0, 0.0]
 10  Br    0.167083  0.832913  0.000246  [0.0, 0.0, 0.0]",-0.89,"Full Formula (Nb3 Br8)
Reduced Formula: Nb3Br8
abc   :   7.133383   7.133380  23.755104
angles:  90.000000  90.000000 120.000019
pbc   :       True       True       True
Sites (11)
  #  SP           a         b         c
---  ----  --------  --------  --------
  0  Nb    0.468911  0.937822  0.925404
  1  Nb    0.062177  0.531088  0.925404
  2  Br    0.333333  0.666666  0.840828
  3  Br    0.666667  0.333334  0.98497
  4  Br    0.835581  0.671161  0.864798
  5  Br    0.664954  0.832477  0.000415
  6  Br    0.167522  0.335045  0.000415
  7  Br    0.328839  0.164419  0.864798
  8  Nb    0.468911  0.531088  0.925404
  9  Br    0.83558   0.16442   0.864797
 10  Br    0.167523  0.832476  0.000415",JVASP-60295,0.7147,3.7358,3.7345,2.1186,mp-27771,0.7666,Nb3 Br8
3.7639,3.6103,2.9768,65.89675,"Full Formula (Si6 P6)
Reduced Formula: SiP
abc   :   3.544380  10.462953  24.730169
angles:  90.000000  90.000000  99.751635
pbc   :       True       True       True
Sites (12)
  #  SP           a         b          c  velocities
---  ----  --------  --------  ---------  ---------------
  0  P     0.230461  0.460922   0.162705  [0.0, 0.0, 0.0]
  1  P     0.689277  0.378554   0.026014  [0.0, 0.0, 0.0]
  2  P     0.000584  0.001169   0.028236  [0.0, 0.0, 0.0]
  3  P     0.541774  0.083549   0.164922  [0.0, 0.0, 0.0]
  4  P     0.886027  0.772055   0.191354  [0.0, 0.0, 0.0]
  5  P     0.345017  0.690034  -0.000414  [0.0, 0.0, 0.0]
  6  Si    0.060257  0.120515   0.107673  [0.0, 0.0, 0.0]
  7  Si    0.170786  0.341572   0.083263  [0.0, 0.0, 0.0]
  8  Si    0.794871  0.589743   0.138854  [0.0, 0.0, 0.0]
  9  Si    0.798143  0.596285   0.043158  [0.0, 0.0, 0.0]
 10  Si    0.436173  0.872346   0.052088  [0.0, 0.0, 0.0]
 11  Si    0.432904  0.865809   0.147785  [0.0, 0.0, 0.0]",-0.083,"Full Formula (Si6 P6)
Reduced Formula: SiP
abc   :   3.530570  10.434133  24.730169
angles:  90.000000  90.000000  99.740360
pbc   :       True       True       True
Sites (12)
  #  SP           a         b         c
---  ----  --------  --------  --------
  0  P     0.231142  0.462284  0.16277
  1  P     0.689655  0.37931   0.027144
  2  P     0.999877  0.999754  0.027144
  3  P     0.541425  0.08285   0.164128
  4  P     0.886197  0.772394  0.191271
  5  P     0.344823  0.689646  0
  6  Si    0.059875  0.11975   0.107314
  7  Si    0.17122   0.34244   0.083957
  8  Si    0.795349  0.590698  0.138877
  9  Si    0.798329  0.596658  0.043557
 10  Si    0.435655  0.87131   0.052394
 11  Si    0.432729  0.865458  0.147083",JVASP-60301,,,,,mp-2798,1.9877,P6 Si6
9.9977,9.9977,4.2859,55.337,"Full Formula (Zr2 Br2)
Reduced Formula: ZrBr
abc   :   3.525857   3.525856  29.043374
angles:  90.000000  90.000000 119.999995
pbc   :       True       True       True
Sites (4)
  #  SP           a          b         c  velocities
---  ----  --------  ---------  --------  ---------------
  0  Zr    0.666667   0.333333  0.126295  [0.0, 0.0, 0.0]
  1  Zr    0         -0         0.207038  [0.0, 0.0, 0.0]
  2  Br    0.333333   0.666667  0.061053  [0.0, 0.0, 0.0]
  3  Br    0.333333   0.666667  0.272281  [0.0, 0.0, 0.0]",-1.001,"Full Formula (Zr2 Br2)
Reduced Formula: ZrBr
abc   :   3.534773   3.534773  29.043374
angles:  90.000000  90.000000 119.999995
pbc   :       True       True       True
Sites (4)
  #  SP           a         b         c
---  ----  --------  --------  --------
  0  Zr    0.666667  0.333333  0.125961
  1  Zr    0         0         0.207372
  2  Br    0.333333  0.666667  0.060503
  3  Br    0.333333  0.666667  0.272831",JVASP-31367,,,,,mp-504594,0.0236,Zr2 Br2
34.5959,34.5959,4.0745,57.03090909,"Full Formula (Cr3 O8)
Reduced Formula: Cr3O8
abc   :   5.630492   5.630492   9.751260
angles:  90.000000  90.000000 120.000000
pbc   :       True       True       True
Sites (11)
  #  SP            a          b         c  velocities
---  ----  ---------  ---------  --------  ---------------
  0  Cr     0.333337   0.166669  0.250465  [0.0, 0.0, 0.0]
  1  Cr     0.833331   0.666663  0.250465  [0.0, 0.0, 0.0]
  2  Cr     0.833331   0.166669  0.250465  [0.0, 0.0, 0.0]
  3  O      0.666667   0.333333  0.143212  [0.0, 0.0, 0.0]
  4  O      0.151778   0.303555  0.15438   [0.0, 0.0, 0.0]
  5  O      0.151778   0.848222  0.15438   [0.0, 0.0, 0.0]
  6  O      0.696445   0.848222  0.15438   [0.0, 0.0, 0.0]
  7  O      0.970215   0.485108  0.346561  [0.0, 0.0, 0.0]
  8  O      0.514892   0.029785  0.346561  [0.0, 0.0, 0.0]
  9  O      0.514892   0.485108  0.346561  [0.0, 0.0, 0.0]
 10  O     -0         -0         0.357716  [0.0, 0.0, 0.0]",-1.401,"Full Formula (Cr3 O8)
Reduced Formula: Cr3O8
abc   :   5.839174   5.839174   9.751260
angles:  90.000000  90.000000 120.000000
pbc   :       True       True       True
Sites (11)
  #  SP           a         b         c
---  ----  --------  --------  --------
  0  Cr    0.333581  0.166791  0.249304
  1  Cr    0.833209  0.666419  0.249304
  2  Cr    0.833209  0.166791  0.249304
  3  O     0.666667  0.333333  0.147137
  4  O     0.152065  0.30413   0.152181
  5  O     0.152065  0.847935  0.152181
  6  O     0.69587   0.847935  0.152181
  7  O     0.966695  0.483348  0.350411
  8  O     0.516652  0.033305  0.350411
  9  O     0.516652  0.483348  0.350411
 10  O     0         0         0.352321",JVASP-14460,,,,,mvc-8154,0.0168,Cr3 O8
1.5384,1.531,1.516,54.98695455,"Full Formula (Sr2 Al4 Cl16)
Reduced Formula: Sr(AlCl4)2
abc   :   6.969867  12.455473  24.968763
angles:  94.729809  90.000000  90.000000
pbc   :       True       True       True
Sites (22)
  #  SP           a         b          c  velocities
---  ----  --------  --------  ---------  ---------------
  0  Sr    0.851998  0.25       0.0995    [0.0, 0.0, 0.0]
  1  Sr    0.148002  0.75       0.0995    [0.0, 0.0, 0.0]
  2  Al    0.73142   0.572966   0.043277  [0.0, 0.0, 0.0]
  3  Al    0.26858   0.072966   0.043277  [0.0, 0.0, 0.0]
  4  Al    0.26858   0.427034   0.155722  [0.0, 0.0, 0.0]
  5  Al    0.73142   0.927034   0.155722  [0.0, 0.0, 0.0]
  6  Cl    0.706523  0.402228   0.02127   [0.0, 0.0, 0.0]
  7  Cl    0.188887  0.105169   0.1268    [0.0, 0.0, 0.0]
  8  Cl    0.543922  0.356667   0.171029  [0.0, 0.0, 0.0]
  9  Cl    0.706523  0.097772   0.17773   [0.0, 0.0, 0.0]
 10  Cl    0.543922  0.143333   0.02797   [0.0, 0.0, 0.0]
 11  Cl    0.188887  0.394831   0.072199  [0.0, 0.0, 0.0]
 12  Cl    0.041943  0.143907  -0.001122  [0.0, 0.0, 0.0]
 13  Cl    0.041943  0.356093   0.200121  [0.0, 0.0, 0.0]
 14  Cl    0.456078  0.643333   0.02797   [0.0, 0.0, 0.0]
 15  Cl    0.811113  0.605169   0.1268    [0.0, 0.0, 0.0]
 16  Cl    0.958057  0.643907  -0.001122  [0.0, 0.0, 0.0]
 17  Cl    0.293477  0.902228   0.02127   [0.0, 0.0, 0.0]
 18  Cl    0.293477  0.597772   0.17773   [0.0, 0.0, 0.0]
 19  Cl    0.811113  0.894831   0.072199  [0.0, 0.0, 0.0]
 20  Cl    0.456078  0.856667   0.171029  [0.0, 0.0, 0.0]
 21  Cl    0.958057  0.856093   0.200121  [0.0, 0.0, 0.0]",-1.847,"Full Formula (Sr2 Al4 Cl16)
Reduced Formula: Sr(AlCl4)2
abc   :   6.979918  12.589290  24.968763
angles:  94.679421  90.000000  90.000000
pbc   :       True       True       True
Sites (22)
  #  SP           a         b         c
---  ----  --------  --------  --------
  0  Sr    0.840372  0.25      0.0995
  1  Sr    0.159628  0.75      0.0995
  2  Al    0.738088  0.578975  0.045377
  3  Al    0.261912  0.078975  0.045377
  4  Al    0.261912  0.421025  0.153622
  5  Al    0.738088  0.921025  0.153622
  6  Cl    0.693422  0.41026   0.026912
  7  Cl    0.182344  0.112607  0.128649
  8  Cl    0.527823  0.344906  0.172056
  9  Cl    0.693422  0.08974   0.172088
 10  Cl    0.527823  0.155094  0.026943
 11  Cl    0.182344  0.387393  0.07035
 12  Cl    0.026464  0.137817  3.1e-05
 13  Cl    0.026464  0.362183  0.198968
 14  Cl    0.472177  0.655094  0.026943
 15  Cl    0.817656  0.612607  0.128649
 16  Cl    0.973536  0.637817  3.1e-05
 17  Cl    0.306578  0.91026   0.026912
 18  Cl    0.306578  0.58974   0.172088
 19  Cl    0.817656  0.887393  0.07035
 20  Cl    0.472177  0.844906  0.172056
 21  Cl    0.973536  0.862183  0.198968",JVASP-60510,6.5395,1.4739,1.4721,1.463,mp-628726,2.8282,Sr2 Al4 Cl16
3.4508,3.4506,2.2056,187.536325,"Full Formula (Pb4 S4)
Reduced Formula: PbS
abc   :   5.976548   5.976824  32.370189
angles:  90.000000  90.000000  90.000000
pbc   :       True       True       True
Sites (8)
  #  SP       a         b         c  velocities
---  ----  ----  --------  --------  ---------------
  0  Pb    0.25  0.989716  0.131288  [0.0, 0.0, 0.0]
  1  Pb    0.75  0.489716  0.131288  [0.0, 0.0, 0.0]
  2  Pb    0.75  0.989716  0.219967  [0.0, 0.0, 0.0]
  3  Pb    0.25  0.489716  0.219967  [0.0, 0.0, 0.0]
  4  S     0.75  0.989284  0.1368    [0.0, 0.0, 0.0]
  5  S     0.25  0.489284  0.1368    [0.0, 0.0, 0.0]
  6  S     0.25  0.989284  0.214455  [0.0, 0.0, 0.0]
  7  S     0.75  0.489284  0.214455  [0.0, 0.0, 0.0]",-0.468,"Full Formula (Pb4 S4)
Reduced Formula: PbS
abc   :   6.011160   6.022961  32.370189
angles:  90.000000  90.000000  90.000000
pbc   :       True       True       True
Sites (8)
  #  SP       a         b         c
---  ----  ----  --------  --------
  0  Pb    0.25  0.996315  0.131685
  1  Pb    0.75  0.496315  0.131685
  2  Pb    0.75  0.996315  0.21957
  3  Pb    0.25  0.496315  0.21957
  4  S     0.75  0.982685  0.136265
  5  S     0.25  0.482685  0.136265
  6  S     0.25  0.982685  0.21499
  7  S     0.75  0.482685  0.21499",JVASP-5890,,,,,mp-20526,1.8141,Pb4 S4
,,,80.38811667,"Full Formula (Ga2 Te2 Cl2)
Reduced Formula: GaTeCl
abc   :   4.135477   5.845146  28.905998
angles:  90.000000  90.000000  90.000000
pbc   :       True       True       True
Sites (6)
  #  SP      a         b         c  velocities
---  ----  ---  --------  --------  ---------------
  0  Ga    0.5  0.524657  0.106     [0.0, 0.0, 0.0]
  1  Ga    0    0.024657  0.169133  [0.0, 0.0, 0.0]
  2  Te    0    0.24721   0.089078  [0.0, 0.0, 0.0]
  3  Te    0.5  0.74721   0.186056  [0.0, 0.0, 0.0]
  4  Cl    0.5  0.769043  0.04784   [0.0, 0.0, 0.0]
  5  Cl    0    0.269043  0.227293  [0.0, 0.0, 0.0]",-0.634,"Full Formula (Ga2 Te2 Cl2)
Reduced Formula: GaTeCl
abc   :   4.161416   5.983088  28.905998
angles:  90.000000  90.000000  90.000000
pbc   :       True       True       True
Sites (6)
  #  SP      a         b         c
---  ----  ---  --------  --------
  0  Ga    0.5  0.528386  0.105176
  1  Ga    0    0.028386  0.169957
  2  Te    0    0.253303  0.090352
  3  Te    0.5  0.753303  0.184782
  4  Cl    0.5  0.75922   0.045942
  5  Cl    0    0.25922   0.229191",JVASP-6262,,,,,mp-27449,,Ga2 Te2 Cl2
1.6205,1.4969,1.5746,36.37266667,"Full Formula (Al2 Cl2 O2)
Reduced Formula: AlClO
abc   :   3.168717   3.638961  30.495486
angles:  90.000000  90.000000  90.000000
pbc   :       True       True       True
Sites (6)
  #  SP           a         b         c  velocities
---  ----  --------  --------  --------  ---------------
  0  Al    0.340024  0.660346  0.166739  [0.0, 0.0, 0.0]
  1  Al    0.840024  0.160346  0.111843  [0.0, 0.0, 0.0]
  2  Cl    0.840024  0.660346  0.221847  [0.0, 0.0, 0.0]
  3  Cl    0.340024  0.160346  0.056735  [0.0, 0.0, 0.0]
  4  O     0.340024  0.160346  0.151977  [0.0, 0.0, 0.0]
  5  O     0.840024  0.660346  0.126605  [0.0, 0.0, 0.0]",-2.514,"Full Formula (Al2 Cl2 O2)
Reduced Formula: AlClO
abc   :   3.169900   3.660756  30.495486
angles:  90.000000  90.000000  90.000000
pbc   :       True       True       True
Sites (6)
  #  SP           a         b         c
---  ----  --------  --------  --------
  0  Al    0.340024  0.660346  0.166574
  1  Al    0.840024  0.160346  0.112008
  2  Cl    0.840024  0.660346  0.22184
  3  Cl    0.340024  0.160346  0.056742
  4  O     0.340024  0.160346  0.152017
  5  O     0.840024  0.660346  0.126565",JVASP-6271,,,,,mp-27863,5.8253,Al2 Cl2 O2
29.7132,29.7132,7.7405,515.575,"Full Formula (W2 N1)
Reduced Formula: W2N
abc   :   2.776865   2.776865  25.656657
angles:  90.000000  90.000000 120.000004
pbc   :       True       True       True
Sites (3)
  #  SP           a         b         c  velocities
---  ----  --------  --------  --------  ---------------
  0  W     0.666667  0.333333  0.286571  [0.0, 0.0, 0.0]
  1  W     0.333333  0.666667  0.401619  [0.0, 0.0, 0.0]
  2  N     0         0         0.344095  [0.0, 0.0, 0.0]",0.911,"Full Formula (W2 N1)
Reduced Formula: W2N
abc   :   2.835205   2.835206  25.656657
angles:  90.000000  90.000000 120.000004
pbc   :       True       True       True
Sites (3)
  #  SP           a         b         c
---  ----  --------  --------  --------
  0  W     0.666667  0.333333  0.287113
  1  W     0.333333  0.666667  0.401077
  2  N     0         0         0.344095",JVASP-13597,,,,,mp-27943,0.0583,W2 N1
,,,74.081,"Full Formula (Nb4 Cl16)
Reduced Formula: NbCl4
abc   :  11.808020   6.859491  27.146998
angles:  90.000942 100.800345  89.994974
pbc   :       True       True       True
Sites (20)
  #  SP           a         b         c  velocities
---  ----  --------  --------  --------  ---------------
  0  Nb    0.519385  0.317007  0.092763  [0.0, 0.0, 0.0]
  1  Nb    0.519383  0.876244  0.092763  [0.0, 0.0, 0.0]
  2  Nb    0.019383  0.376244  0.092763  [0.0, 0.0, 0.0]
  3  Nb    0.019385  0.817007  0.092763  [0.0, 0.0, 0.0]
  4  Cl    0.437322  0.852019  0.164048  [0.0, 0.0, 0.0]
  5  Cl    0.437328  0.341278  0.164049  [0.0, 0.0, 0.0]
  6  Cl    0.171092  0.596605  0.134657  [0.0, 0.0, 0.0]
  7  Cl    0.151889  0.096613  0.12907   [0.0, 0.0, 0.0]
  8  Cl    0.601448  0.341238  0.021479  [0.0, 0.0, 0.0]
  9  Cl    0.601441  0.851975  0.021478  [0.0, 0.0, 0.0]
 10  Cl    0.937323  0.352019  0.164047  [0.0, 0.0, 0.0]
 11  Cl    0.93733   0.841279  0.164048  [0.0, 0.0, 0.0]
 12  Cl    0.671091  0.096605  0.134657  [0.0, 0.0, 0.0]
 13  Cl    0.651888  0.596612  0.12907   [0.0, 0.0, 0.0]
 14  Cl    0.38688   0.59664   0.056457  [0.0, 0.0, 0.0]
 15  Cl    0.367678  0.096647  0.050869  [0.0, 0.0, 0.0]
 16  Cl    0.10145   0.841238  0.021479  [0.0, 0.0, 0.0]
 17  Cl    0.101443  0.351976  0.021478  [0.0, 0.0, 0.0]
 18  Cl    0.886882  0.09664   0.056457  [0.0, 0.0, 0.0]
 19  Cl    0.86768   0.596647  0.050869  [0.0, 0.0, 0.0]",-1.234,"Full Formula (Nb4 Cl16)
Reduced Formula: NbCl4
abc   :  13.116239   6.896999  27.258230
angles:  90.000000 101.964089  90.000000
pbc   :       True       True       True
Sites (20)
  #  SP            a         b         c
---  ----  ---------  --------  --------
  0  Nb     0.519385  0.316631  0.092763
  1  Nb     0.519385  0.876623  0.092763
  2  Nb     0.019385  0.376623  0.092763
  3  Nb     0.019385  0.81663   0.092763
  4  Cl     0.44858   0.852197  0.163921
  5  Cl     0.44858   0.341057  0.163921
  6  Cl     0.157516  0.596626  0.134262
  7  Cl     0.139527  0.096626  0.128861
  8  Cl     0.590191  0.341057  0.021606
  9  Cl     0.590191  0.852197  0.021606
 10  Cl    -0.05142   0.352198  0.163921
 11  Cl    -0.05142   0.841057  0.163921
 12  Cl     0.657516  0.096626  0.134262
 13  Cl     0.639527  0.596626  0.128861
 14  Cl     0.399243  0.596626  0.056665
 15  Cl     0.381254  0.096626  0.051264
 16  Cl     0.09019   0.841057  0.021606
 17  Cl     0.09019   0.352198  0.021606
 18  Cl     0.899243  0.096626  0.056665
 19  Cl     0.881254  0.596626  0.051264",JVASP-6823,,,,,mp-31040,,Nb4 Cl16
,,,1027.61025,"Full Formula (Y1 N1)
Reduced Formula: YN
abc   :   3.807192   3.807192  26.929834
angles:  90.000000  90.000000 119.999994
pbc   :       True       True       True
Sites (2)
  #  SP           a         b         c  velocities
---  ----  --------  --------  --------  ---------------
  0  Y     0.666667  0.333333  0.045766  [0.0, 0.0, 0.0]
  1  N     0.333333  0.666667  0.045766  [0.0, 0.0, 0.0]",-0.819,"Full Formula (Y1 N1)
Reduced Formula: YN
abc   :   4.039871   4.039871  26.929834
angles:  90.000000  90.000000 119.999993
pbc   :       True       True       True
Sites (2)
  #  SP           a         b         c
---  ----  --------  --------  --------
  0  Y     0.666667  0.333333  0.045766
  1  N     0.333333  0.666667  0.045766",JVASP-5871,,,,,mp-6913,,Y1 N1
1.5592,1.5592,1.369,755.655575,"Full Formula (Yb1 Se1)
Reduced Formula: YbSe
abc   :   4.753244   4.753244  23.870235
angles:  90.000000  90.000000 120.000000
pbc   :       True       True       True
Sites (2)
  #  SP           a         b         c  velocities
---  ----  --------  --------  --------  ---------------
  0  Yb    0.333333  0.666667  0.061481  [0.0, 0.0, 0.0]
  1  Se    0.666667  0.333333  0.061481  [0.0, 0.0, 0.0]",-1.254,"Full Formula (Yb1 Se1)
Reduced Formula: YbSe
abc   :   5.004560   5.004560  23.870235
angles:  90.000000  90.000000 120.000001
pbc   :       True       True       True
Sites (2)
  #  SP           a         b         c
---  ----  --------  --------  --------
  0  Yb    0.333333  0.666667  0.061481
  1  Se    0.666667  0.333333  0.061481",JVASP-6844,,,,,mp-10648,1.9731,Yb1 Se1
,,,59.101725,"Full Formula (Ga2 Se2)
Reduced Formula: GaSe
abc   :   3.796785   3.796785  26.580566
angles:  90.000000  90.000000 120.000001
pbc   :       True       True       True
Sites (4)
  #  SP           a         b         c  velocities
---  ----  --------  --------  --------  ---------------
  0  Ga    0.666667  0.333333  0.287001  [0.0, 0.0, 0.0]
  1  Ga    0.666667  0.333333  0.379345  [0.0, 0.0, 0.0]
  2  Se    0         0         0.242767  [0.0, 0.0, 0.0]
  3  Se    0         0         0.423555  [0.0, 0.0, 0.0]",-0.523,"Full Formula (Ga2 Se2)
Reduced Formula: GaSe
abc   :   3.818238   3.818238  26.580566
angles:  90.000000  90.000000 120.000001
pbc   :       True       True       True
Sites (4)
  #  SP           a         b         c
---  ----  --------  --------  --------
  0  Ga    0.666667  0.333333  0.286671
  1  Ga    0.666667  0.333333  0.379654
  2  Se    0         0         0.242543
  3  Se    0         0         0.4238",JVASP-6853,,,,,mp-11342,,Ga2 Se2
,,,50.64616667,"Full Formula (Rb2 Mn2 P2)
Reduced Formula: RbMnP
abc   :   3.812761   3.812761  29.187673
angles:  90.000000  90.000000  90.000000
pbc   :       True       True       True
Sites (6)
  #  SP           a         b         c  velocities
---  ----  --------  --------  --------  ---------------
  0  Rb    0.457746  0.957746  0.303537  [0.0, 0.0, 0.0]
  1  Rb    0.957746  0.457746  0.079764  [0.0, 0.0, 0.0]
  2  Mn    0.957746  0.957746  0.191651  [0.0, 0.0, 0.0]
  3  Mn    0.457746  0.457746  0.191651  [0.0, 0.0, 0.0]
  4  P     0.957746  0.457746  0.235217  [0.0, 0.0, 0.0]
  5  P     0.457746  0.957746  0.148084  [0.0, 0.0, 0.0]",-0.384,"Full Formula (Rb2 Mn2 P2)
Reduced Formula: RbMnP
abc   :   3.837319   3.837319  29.187673
angles:  90.000000  90.000000  90.000000
pbc   :       True       True       True
Sites (6)
  #  SP           a         b         c
---  ----  --------  --------  --------
  0  Rb    0.457746  0.957746  0.305277
  1  Rb    0.957746  0.457746  0.078024
  2  Mn    0.957746  0.957746  0.191651
  3  Mn    0.457746  0.457746  0.191651
  4  P     0.957746  0.457746  0.234375
  5  P     0.457746  0.957746  0.148926",JVASP-6676,,,,,mp-21413,,Rb2 Mn2 P2
,,,62.291625,"Full Formula (Ag4 Cl4 O8)
Reduced Formula: AgClO2
abc   :   5.941018   6.083627  27.070052
angles:  90.000000  90.000000  90.000000
pbc   :       True       True       True
Sites (16)
  #  SP           a         b         c  velocities
---  ----  --------  --------  --------  ---------------
  0  Ag    0.076727  0.812675  0.15571   [0.0, 0.0, 0.0]
  1  Ag    0.576727  0.312676  0.15571   [0.0, 0.0, 0.0]
  2  Ag    0.576727  0.812675  0.105466  [0.0, 0.0, 0.0]
  3  Ag    0.076727  0.312676  0.105466  [0.0, 0.0, 0.0]
  4  Cl    0.576727  0.812675  0.224205  [0.0, 0.0, 0.0]
  5  Cl    0.076727  0.312676  0.224205  [0.0, 0.0, 0.0]
  6  Cl    0.576727  0.312676  0.036972  [0.0, 0.0, 0.0]
  7  Cl    0.076727  0.812675  0.036972  [0.0, 0.0, 0.0]
  8  O     0.729234  0.663802  0.188953  [0.0, 0.0, 0.0]
  9  O     0.42422   0.96155   0.188953  [0.0, 0.0, 0.0]
 10  O     0.92422   0.163802  0.188953  [0.0, 0.0, 0.0]
 11  O     0.229234  0.46155   0.188953  [0.0, 0.0, 0.0]
 12  O     0.229234  0.96155   0.072223  [0.0, 0.0, 0.0]
 13  O     0.92422   0.663802  0.072223  [0.0, 0.0, 0.0]
 14  O     0.729234  0.163802  0.072223  [0.0, 0.0, 0.0]
 15  O     0.42422   0.46155   0.072223  [0.0, 0.0, 0.0]",0.137,"Full Formula (Ag4 Cl4 O8)
Reduced Formula: AgClO2
abc   :   6.129461   6.282525  27.070052
angles:  90.000000  90.000000  90.000000
pbc   :       True       True       True
Sites (16)
  #  SP           a         b         c
---  ----  --------  --------  --------
  0  Ag    0.076727  0.812675  0.159024
  1  Ag    0.576727  0.312676  0.159024
  2  Ag    0.576727  0.812675  0.102152
  3  Ag    0.076727  0.312676  0.102152
  4  Cl    0.576727  0.812675  0.222692
  5  Cl    0.076727  0.312676  0.222692
  6  Cl    0.576727  0.312676  0.038485
  7  Cl    0.076727  0.812675  0.038485
  8  O     0.727876  0.669224  0.18806
  9  O     0.425578  0.956128  0.18806
 10  O     0.925578  0.169224  0.18806
 11  O     0.227876  0.456128  0.18806
 12  O     0.227876  0.956128  0.073116
 13  O     0.925578  0.669224  0.073116
 14  O     0.727876  0.169224  0.073116
 15  O     0.425578  0.456128  0.073116",JVASP-6715,,,,,mp-22959,,Ag4 Cl4 O8
1.5459,1.5468,1.5023,66.6685625,"Full Formula (Al4 Cl12)
Reduced Formula: AlCl3
abc   :   5.961224  10.325369  26.429673
angles:  90.000000  94.201983  90.000000
pbc   :       True       True       True
Sites (16)
  #  SP           a          b         c  velocities
---  ----  --------  ---------  --------  ---------------
  0  Al    0.916341   0.652209  0.157757  [0.0, 0.0, 0.0]
  1  Al    0.916341   0.985527  0.157757  [0.0, 0.0, 0.0]
  2  Al    0.416341   0.152208  0.157757  [0.0, 0.0, 0.0]
  3  Al    0.416341   0.485526  0.157757  [0.0, 0.0, 0.0]
  4  Cl    0.111502   0.140143  0.208366  [0.0, 0.0, 0.0]
  5  Cl    0.111502   0.497592  0.208366  [0.0, 0.0, 0.0]
  6  Cl    0.075277   0.818868  0.20838   [0.0, 0.0, 0.0]
  7  Cl    0.611502   0.640143  0.208365  [0.0, 0.0, 0.0]
  8  Cl    0.611502  -0.002408  0.208365  [0.0, 0.0, 0.0]
  9  Cl    0.575277   0.318868  0.20838   [0.0, 0.0, 0.0]
 10  Cl    0.257405   0.318868  0.107134  [0.0, 0.0, 0.0]
 11  Cl    0.22118    0.640143  0.107149  [0.0, 0.0, 0.0]
 12  Cl    0.22118   -0.002408  0.107149  [0.0, 0.0, 0.0]
 13  Cl    0.757405   0.818868  0.107134  [0.0, 0.0, 0.0]
 14  Cl    0.72118    0.140143  0.107149  [0.0, 0.0, 0.0]
 15  Cl    0.72118    0.497592  0.107149  [0.0, 0.0, 0.0]",-1.534,"Full Formula (Al4 Cl12)
Reduced Formula: AlCl3
abc   :   6.026880  10.432604  26.431245
angles:  90.000000  94.248094  90.000000
pbc   :       True       True       True
Sites (16)
  #  SP            a         b         c
---  ----  ---------  --------  --------
  0  Al    -0.083659  0.652251  0.157757
  1  Al    -0.083659  0.985485  0.157757
  2  Al     0.416341  0.15225   0.157757
  3  Al     0.416341  0.485484  0.157757
  4  Cl     0.114398  0.137276  0.208506
  5  Cl     0.114398  0.500459  0.208506
  6  Cl     0.068792  0.818868  0.208722
  7  Cl     0.614398  0.637276  0.208505
  8  Cl     0.614398  0.000459  0.208505
  9  Cl     0.568792  0.318868  0.208722
 10  Cl     0.26389   0.318868  0.106792
 11  Cl     0.218284  0.637276  0.107009
 12  Cl     0.218284  0.000459  0.107009
 13  Cl     0.76389   0.818868  0.106792
 14  Cl     0.718284  0.137276  0.107009
 15  Cl     0.718284  0.500459  0.107009",JVASP-6100,,,,,mp-25469,5.653,Al4 Cl12
,,,87.813,"Full Formula (Nb3 S1 Br7)
Reduced Formula: Nb3SBr7
abc   :   7.152786   7.152786  26.934884
angles:  90.000000  90.000000 119.999997
pbc   :       True       True       True
Sites (11)
  #  SP           a         b         c  velocities
---  ----  --------  --------  --------  ---------------
  0  Nb    0.363563  0.35796   0.170132  [0.0, 0.0, 0.0]
  1  Nb    0.95707   0.35796   0.170132  [0.0, 0.0, 0.0]
  2  Nb    0.95707   0.951467  0.170132  [0.0, 0.0, 0.0]
  3  S     0.092568  0.222462  0.10531   [0.0, 0.0, 0.0]
  4  Br    0.754777  0.053567  0.234274  [0.0, 0.0, 0.0]
  5  Br    0.261462  0.053567  0.234274  [0.0, 0.0, 0.0]
  6  Br    0.261463  0.560253  0.234274  [0.0, 0.0, 0.0]
  7  Br    0.097331  0.724844  0.116867  [0.0, 0.0, 0.0]
  8  Br    0.590186  0.217699  0.116867  [0.0, 0.0, 0.0]
  9  Br    0.590186  0.724844  0.116867  [0.0, 0.0, 0.0]
 10  Br    0.759235  0.555795  0.22301   [0.0, 0.0, 0.0]",-0.963,"Full Formula (Nb3 S1 Br7)
Reduced Formula: Nb3SBr7
abc   :   7.203813   7.203813  26.934884
angles:  90.000000  90.000000 120.000000
pbc   :       True       True       True
Sites (11)
  #  SP           a         b         c
---  ----  --------  --------  --------
  0  Nb    0.362317  0.357337  0.17036
  1  Nb    0.957693  0.357337  0.17036
  2  Nb    0.957693  0.952713  0.17036
  3  S     0.092568  0.222462  0.106119
  4  Br    0.757393  0.054875  0.23396
  5  Br    0.260154  0.054875  0.23396
  6  Br    0.260155  0.557637  0.23396
  7  Br    0.095336  0.723846  0.116863
  8  Br    0.591184  0.219694  0.116863
  9  Br    0.591184  0.723846  0.116863
 10  Br    0.759235  0.555795  0.222471",JVASP-6793,,,,,mp-29057,,Nb3 S1 Br7
,,,71.9949,"Full Formula (Bi2 Te1 Se2)
Reduced Formula: Bi2TeSe2
abc   :   4.258016   4.258016  31.696400
angles:  90.000000  90.000000 119.999774
pbc   :       True       True       True
Sites (5)
  #  SP            a         b         c  velocities
---  ----  ---------  --------  --------  ---------------
  0  Bi     0.333331  0.666669  0.2654    [0.0, 0.0, 0.0]
  1  Bi    -1e-06     1e-06     0.40124   [0.0, 0.0, 0.0]
  2  Se    -9e-06     9e-06     0.217317  [0.0, 0.0, 0.0]
  3  Se     0.333326  0.666674  0.449326  [0.0, 0.0, 0.0]
  4  Te     0.666653  0.333347  0.333318  [0.0, 0.0, 0.0]",-0.247,"Full Formula (Bi2 Te1 Se2)
Reduced Formula: Bi2TeSe2
abc   :   4.277100   4.277100  31.696400
angles:  90.000000  90.000000 120.000000
pbc   :       True       True       True
Sites (5)
  #  SP         a       b       c
---  ----  ------  ------  ------
  0  Bi    0.3333  0.6667  0.266
  1  Bi    0       0       0.4006
  2  Se    0       0       0.2182
  3  Se    0.3333  0.6667  0.4485
  4  Te    0.6667  0.3333  0.3333",JVASP-6826,,,,,mp-31406,,Bi2 Se2 Te1
22.71,46.2157,3.4981,96.13792857,"Full Formula (Ta2 Te10 Pt2)
Reduced Formula: TaTe5Pt
abc   :   3.787895  15.599348  24.422000
angles:  90.000000  90.000000  90.000000
pbc   :       True       True       True
Sites (14)
  #  SP       a          b         c  velocities
---  ----  ----  ---------  --------  ---------------
  0  Pt     0.5  -0         0.295267  [0.0, 0.0, 0.0]
  1  Pt     0.5   0.5       0.295267  [0.0, 0.0, 0.0]
  2  Ta     0     0.25      0.298383  [0.0, 0.0, 0.0]
  3  Ta     0     0.75      0.29215   [0.0, 0.0, 0.0]
  4  Te     0.5   0.25      0.38681   [0.0, 0.0, 0.0]
  5  Te     0     0.082088  0.355243  [0.0, 0.0, 0.0]
  6  Te     0.5   0.852334  0.35353   [0.0, 0.0, 0.0]
  7  Te     0.5   0.647666  0.35353   [0.0, 0.0, 0.0]
  8  Te    -0     0.417912  0.355243  [0.0, 0.0, 0.0]
  9  Te     0.5   0.75      0.203723  [0.0, 0.0, 0.0]
 10  Te    -0     0.917912  0.23529   [0.0, 0.0, 0.0]
 11  Te     0.5   0.147666  0.237003  [0.0, 0.0, 0.0]
 12  Te     0.5   0.352334  0.237003  [0.0, 0.0, 0.0]
 13  Te     0     0.582088  0.23529   [0.0, 0.0, 0.0]",-0.226,"Full Formula (Ta2 Te10 Pt2)
Reduced Formula: TaTe5Pt
abc   :   3.782900  15.671700  24.422000
angles:  90.000000  90.000000  90.000000
pbc   :       True       True       True
Sites (14)
  #  SP      a       b         c
---  ----  ---  ------  --------
  0  Pt    0.5  0       0.295267
  1  Pt    0.5  0.5     0.295267
  2  Ta    0    0.25    0.299164
  3  Ta    0    0.75    0.291369
  4  Te    0.5  0.25    0.387803
  5  Te    0    0.0836  0.354379
  6  Te    0.5  0.8508  0.352371
  7  Te    0.5  0.6492  0.352371
  8  Te    0    0.4164  0.354379
  9  Te    0.5  0.75    0.20273
 10  Te    0    0.9164  0.236154
 11  Te    0.5  0.1492  0.238162
 12  Te    0.5  0.3508  0.238162
 13  Te    0    0.5836  0.236154",JVASP-19992,,,,,mp-14815,0.0029,Pt2 Ta2 Te10
1.1755,1.1834,1.1216,159.0746667,"Full Formula (K1 C1 N1)
Reduced Formula: KCN
abc   :   4.493046   4.610865  25.229401
angles:  90.000000  90.000000  97.974637
pbc   :       True       True       True
Sites (3)
  #  SP           a          b         c  velocities
---  ----  --------  ---------  --------  ---------------
  0  C     0.380106   0.084912  0.338651  [0.0, 0.0, 0.0]
  1  K     0.953622   0.508271  0.338791  [0.0, 0.0, 0.0]
  2  N     0.543915  -0.093183  0.339205  [0.0, 0.0, 0.0]",-0.232,"Full Formula (K1 C1 N1)
Reduced Formula: KCN
abc   :   3.958548   5.448055  25.229401
angles:  90.000000  90.000000  91.127809
pbc   :       True       True       True
Sites (3)
  #  SP           a    b         c
---  ----  --------  ---  --------
  0  C     0.3632    0    0.356847
  1  K     0.980844  0.5  0.341373
  2  N     0.5336    0    0.318426",JVASP-19996,,,,,mp-20134,4.0861,C1 K1 N1
3.9133,3.9133,7.4437,88.29246429,"Full Formula (Rb3 Mo2 Cl9)
Reduced Formula: Rb3Mo2Cl9
abc   :   7.047748   7.047748  27.845052
angles:  90.000000  90.000000 119.999996
pbc   :       True       True       True
Sites (14)
  #  SP            a         b         c  velocities
---  ----  ---------  --------  --------  ---------------
  0  Rb     0.666667  0.333333  0.055993  [0.0, 0.0, 0.0]
  1  Rb     0         0         0.160217  [0.0, 0.0, 0.0]
  2  Rb     0.666667  0.333333  0.264442  [0.0, 0.0, 0.0]
  3  Mo     0.333333  0.666667  0.110121  [0.0, 0.0, 0.0]
  4  Mo     0.333333  0.666667  0.210314  [0.0, 0.0, 0.0]
  5  Cl     0.658186  0.829093  0.061695  [0.0, 0.0, 0.0]
  6  Cl     0.170907  0.829093  0.061695  [0.0, 0.0, 0.0]
  7  Cl     0.170907  0.341814  0.061695  [0.0, 0.0, 0.0]
  8  Cl     0.50331   0.49669   0.160217  [0.0, 0.0, 0.0]
  9  Cl    -0.00662   0.49669   0.160217  [0.0, 0.0, 0.0]
 10  Cl     0.50331   0.00662   0.160217  [0.0, 0.0, 0.0]
 11  Cl     0.658186  0.829093  0.25874   [0.0, 0.0, 0.0]
 12  Cl     0.170907  0.829093  0.25874   [0.0, 0.0, 0.0]
 13  Cl     0.170907  0.341814  0.25874   [0.0, 0.0, 0.0]",-1.397,"Full Formula (Rb3 Mo2 Cl9)
Reduced Formula: Rb3Mo2Cl9
abc   :   7.330981   7.330981  27.845052
angles:  90.000000  90.000000 119.999996
pbc   :       True       True       True
Sites (14)
  #  SP           a         b         c
---  ----  --------  --------  --------
  0  Rb    0.666667  0.333333  0.043086
  1  Rb    0         0         0.160217
  2  Rb    0.666667  0.333333  0.277349
  3  Mo    0.333333  0.666667  0.110268
  4  Mo    0.333333  0.666667  0.210167
  5  Cl    0.645446  0.822723  0.060655
  6  Cl    0.177277  0.822723  0.060655
  7  Cl    0.177277  0.354554  0.060655
  8  Cl    0.496274  0.503726  0.160217
  9  Cl    0.007453  0.503726  0.160217
 10  Cl    0.496274  0.992547  0.160217
 11  Cl    0.645446  0.822723  0.25978
 12  Cl    0.177277  0.822723  0.25978
 13  Cl    0.177277  0.354554  0.25978",JVASP-20035,,,,,mp-29458,0.739,Rb3 Mo2 Cl9
4.5275,4.5275,2.6129,79.03385,"Full Formula (In1 Cu1 P2 Se6)
Reduced Formula: InCu(PSe3)2
abc   :   6.427133   6.427133  23.432263
angles:  90.000000  90.000000 119.999999
pbc   :       True       True       True
Sites (10)
  #  SP           a         b         c  velocities
---  ----  --------  --------  --------  ---------------
  0  Cu    0.333334  0.666668  0.850752  [0.0, 0.0, 0.0]
  1  In    0         0         0.850752  [0.0, 0.0, 0.0]
  2  P     0.666666  0.333332  0.802163  [0.0, 0.0, 0.0]
  3  P     0.666666  0.333332  0.899341  [0.0, 0.0, 0.0]
  4  Se    0.341032  0.348514  0.777138  [0.0, 0.0, 0.0]
  5  Se    0.007481  0.658968  0.777138  [0.0, 0.0, 0.0]
  6  Se    0.007481  0.348514  0.924366  [0.0, 0.0, 0.0]
  7  Se    0.651486  0.658968  0.924366  [0.0, 0.0, 0.0]
  8  Se    0.341032  0.992519  0.924366  [0.0, 0.0, 0.0]
  9  Se    0.651486  0.992519  0.777138  [0.0, 0.0, 0.0]",-0.106,"Full Formula (In1 Cu1 P2 Se6)
Reduced Formula: InCu(PSe3)2
abc   :   5.894380   5.894380  23.432263
angles:  90.000000  90.000000 119.999999
pbc   :       True       True       True
Sites (10)
  #  SP           a         b         c
---  ----  --------  --------  --------
  0  Cu    0.333334  0.666668  0.850752
  1  In    0         0         0.850752
  2  P     0.666666  0.333332  0.801816
  3  P     0.666666  0.333332  0.899688
  4  Se    0.315832  0.350367  0.76881
  5  Se    0.034535  0.684168  0.76881
  6  Se    0.034535  0.350367  0.932694
  7  Se    0.649633  0.684168  0.932694
  8  Se    0.315832  0.965465  0.932694
  9  Se    0.649633  0.965465  0.76881",JVASP-60254,0.8339,4.2401,4.2379,2.5297,mp-22449,0.3357,Cu1 In1 P2 Se6
2.372,2.243,2.0774,66.081875,"Full Formula (Lu4 P4 S16)
Reduced Formula: LuPS4
abc   :  12.478296   6.442269  32.446716
angles:  90.000000 120.350187  90.000000
pbc   :       True       True       True
Sites (24)
  #  SP           a         b         c  velocities
---  ----  --------  --------  --------  ---------------
  0  Lu    0.164233  0.32023   0.148525  [0.0, 0.0, 0.0]
  1  Lu    0.335704  0.82023   0.118971  [0.0, 0.0, 0.0]
  2  Lu    0.664234  0.17977   0.148525  [0.0, 0.0, 0.0]
  3  Lu    0.835704  0.67977   0.118971  [0.0, 0.0, 0.0]
  4  P     0.038743  0.770206  0.083929  [0.0, 0.0, 0.0]
  5  P     0.461194  0.270206  0.183566  [0.0, 0.0, 0.0]
  6  P     0.538743  0.729794  0.083929  [0.0, 0.0, 0.0]
  7  P     0.961194  0.229794  0.183566  [0.0, 0.0, 0.0]
  8  S     0.146422  0.246513  0.225782  [0.0, 0.0, 0.0]
  9  S     0.087202  0.731469  0.155069  [0.0, 0.0, 0.0]
 10  S     0.115752  0.041096  0.075637  [0.0, 0.0, 0.0]
 11  S     0.137362  0.547023  0.071049  [0.0, 0.0, 0.0]
 12  S     0.362575  0.047023  0.196447  [0.0, 0.0, 0.0]
 13  S     0.384185  0.541096  0.191859  [0.0, 0.0, 0.0]
 14  S     0.412735  0.231469  0.112427  [0.0, 0.0, 0.0]
 15  S     0.353515  0.746513  0.041713  [0.0, 0.0, 0.0]
 16  S     0.646422  0.253487  0.225782  [0.0, 0.0, 0.0]
 17  S     0.587202  0.768531  0.155069  [0.0, 0.0, 0.0]
 18  S     0.615752  0.458904  0.075637  [0.0, 0.0, 0.0]
 19  S     0.637362  0.952977  0.071049  [0.0, 0.0, 0.0]
 20  S     0.862575  0.452977  0.196447  [0.0, 0.0, 0.0]
 21  S     0.884185  0.958904  0.191859  [0.0, 0.0, 0.0]
 22  S     0.912735  0.268531  0.112427  [0.0, 0.0, 0.0]
 23  S     0.853515  0.753487  0.041713  [0.0, 0.0, 0.0]",-1.022,"Full Formula (Lu4 P4 S16)
Reduced Formula: LuPS4
abc   :  12.558368   6.510494  32.500000
angles:  90.000000 120.510237  90.000000
pbc   :       True       True       True
Sites (24)
  #  SP           a         b         c
---  ----  --------  --------  --------
  0  Lu    0.164393  0.322271  0.148494
  1  Lu    0.335544  0.822271  0.119002
  2  Lu    0.664394  0.177729  0.148494
  3  Lu    0.835544  0.677729  0.119002
  4  P     0.039326  0.770088  0.084461
  5  P     0.460611  0.270088  0.183034
  6  P     0.539326  0.729912  0.084461
  7  P     0.960611  0.229912  0.183034
  8  S     0.145173  0.245066  0.225335
  9  S     0.087458  0.728331  0.155178
 10  S     0.115143  0.038994  0.076177
 11  S     0.136114  0.550875  0.070796
 12  S     0.363823  0.050875  0.1967
 13  S     0.384794  0.538994  0.191319
 14  S     0.412479  0.228331  0.112318
 15  S     0.354764  0.745066  0.04216
 16  S     0.645173  0.254934  0.225335
 17  S     0.587458  0.771669  0.155178
 18  S     0.615143  0.461006  0.076177
 19  S     0.636114  0.949125  0.070796
 20  S     0.863823  0.449125  0.1967
 21  S     0.884794  0.961006  0.191319
 22  S     0.912479  0.271669  0.112318
 23  S     0.854764  0.754934  0.04216",JVASP-20041,,,,,mp-30287,2.3181,Lu4 P4 S16
28.1351,24.1661,4.7179,80.88075,"Full Formula (Nb4 Co4 Te8)
Reduced Formula: NbCoTe2
abc   :   7.762815   6.356693  25.347400
angles:  90.000000  90.000000  90.000000
pbc   :       True       True       True
Sites (16)
  #  SP            a          b         c  velocities
---  ----  ---------  ---------  --------  ---------------
  0  Co     0.5        0.643589  0.269738  [0.0, 0.0, 0.0]
  1  Co    -0          0.856411  0.269738  [0.0, 0.0, 0.0]
  2  Co    -0          0.143589  0.335744  [0.0, 0.0, 0.0]
  3  Co     0.5        0.356411  0.335744  [0.0, 0.0, 0.0]
  4  Nb     0.205604   0.5       0.302741  [0.0, 0.0, 0.0]
  5  Nb     0.294396  -0         0.302741  [0.0, 0.0, 0.0]
  6  Nb     0.794396   0.5       0.302741  [0.0, 0.0, 0.0]
  7  Nb     0.705604   0         0.302741  [0.0, 0.0, 0.0]
  8  Te     0.75       0.75      0.209593  [0.0, 0.0, 0.0]
  9  Te     0.25       0.75      0.209593  [0.0, 0.0, 0.0]
 10  Te    -0          0.247546  0.23561   [0.0, 0.0, 0.0]
 11  Te     0.5        0.252454  0.23561   [0.0, 0.0, 0.0]
 12  Te     0.75       0.25      0.39589   [0.0, 0.0, 0.0]
 13  Te     0.25       0.25      0.39589   [0.0, 0.0, 0.0]
 14  Te     0.5        0.747546  0.369872  [0.0, 0.0, 0.0]
 15  Te    -0          0.752454  0.369872  [0.0, 0.0, 0.0]",-0.268,"Full Formula (Nb4 Co4 Te8)
Reduced Formula: NbCoTe2
abc   :   7.795100   6.375300  25.347400
angles:  90.000000  90.000000  90.000000
pbc   :       True       True       True
Sites (16)
  #  SP         a       b         c
---  ----  ------  ------  --------
  0  Co    0.5     0.6441  0.269137
  1  Co    0       0.8559  0.269137
  2  Co    0       0.1441  0.336345
  3  Co    0.5     0.3559  0.336345
  4  Nb    0.2065  0.5     0.302741
  5  Nb    0.2935  0       0.302741
  6  Nb    0.7935  0.5     0.302741
  7  Nb    0.7065  0       0.302741
  8  Te    0.75    0.75    0.209921
  9  Te    0.25    0.75    0.209921
 10  Te    0       0.244   0.237288
 11  Te    0.5     0.256   0.237288
 12  Te    0.75    0.25    0.395562
 13  Te    0.25    0.25    0.395562
 14  Te    0.5     0.744   0.368194
 15  Te    0       0.756   0.368194",JVASP-20053,0.0148,75.3846,2.6651,5.0014,mp-5603,0.0356,Co4 Nb4 Te8
3.1068,2.6887,2.2053,127.52835,"Full Formula (As4 S6)
Reduced Formula: As2S3
abc   :   4.333403  11.593882  20.475774
angles:  90.000000  93.118283  93.944274
pbc   :       True       True       True
Sites (10)
  #  SP           a         b         c  velocities
---  ----  --------  --------  --------  ---------------
  0  As    0.707319  0.011075  0.517982  [0.0, 0.0, 0.0]
  1  As    0.640393  0.732519  0.526183  [0.0, 0.0, 0.0]
  2  As    0.480791  0.262281  0.477232  [0.0, 0.0, 0.0]
  3  As    0.085863  0.506728  0.474077  [0.0, 0.0, 0.0]
  4  S     0.354863  0.868712  0.472146  [0.0, 0.0, 0.0]
  5  S     0.386193  0.141638  0.562704  [0.0, 0.0, 0.0]
  6  S     0.758931  0.124235  0.427143  [0.0, 0.0, 0.0]
  7  S     0.73692   0.636689  0.4331    [0.0, 0.0, 0.0]
  8  S     0.271727  0.601764  0.566837  [0.0, 0.0, 0.0]
  9  S     0.844998  0.373474  0.542593  [0.0, 0.0, 0.0]",-0.015,"Full Formula (As4 S6)
Reduced Formula: As2S3
abc   :   4.341741  11.500113  20.475774
angles:  90.000000  93.112288  90.000000
pbc   :       True       True       True
Sites (10)
  #  SP           a         b         c
---  ----  --------  --------  --------
  0  As    0.719987  0.005376  0.521804
  1  As    0.611239  0.728343  0.521148
  2  As    0.499001  0.263117  0.480423
  3  As    0.073233  0.501545  0.472293
  4  S     0.355061  0.881484  0.46955
  5  S     0.40471   0.146303  0.56666
  6  S     0.801515  0.121345  0.433854
  7  S     0.708042  0.631546  0.427822
  8  S     0.249466  0.603555  0.562044
  9  S     0.845742  0.376501  0.5444",JVASP-60512,,,,,mp-641,1.2554,As4 S6
18.76,5.0232,2.7651,85.53233333,"Full Formula (Ta2 Pd1 S6)
Reduced Formula: Ta2PdS6
abc   :   3.284972   9.301402  23.688514
angles:  97.750251  90.000000 100.170899
pbc   :       True       True       True
Sites (9)
  #  SP           a         b          c  velocities
---  ----  --------  --------  ---------  ---------------
  0  Pd    0.5       0          0.077854  [0.0, 0.0, 0.0]
  1  S     0.732738  0.465475   0.022683  [0.0, 0.0, 0.0]
  2  S     0.617981  0.235963   0.131986  [0.0, 0.0, 0.0]
  3  S     0.566913  0.133827  -0.000278  [0.0, 0.0, 0.0]
  4  S     0.267262  0.534525   0.133025  [0.0, 0.0, 0.0]
  5  S     0.382019  0.764037   0.023723  [0.0, 0.0, 0.0]
  6  S     0.433087  0.866173   0.155987  [0.0, 0.0, 0.0]
  7  Ta    0.147027  0.294054   0.058461  [0.0, 0.0, 0.0]
  8  Ta    0.852973  0.705946   0.097248  [0.0, 0.0, 0.0]",-0.847,"Full Formula (Ta2 Pd1 S6)
Reduced Formula: Ta2PdS6
abc   :   3.291021   9.332789  23.688514
angles:  97.724026  90.000000 100.155194
pbc   :       True       True       True
Sites (9)
  #  SP           a         b         c
---  ----  --------  --------  --------
  0  Pd    0.5       0         0.077854
  1  S     0.732546  0.465092  0.023042
  2  S     0.618035  0.23607   0.131953
  3  S     0.567605  0.13521   0
  4  S     0.267454  0.534908  0.132666
  5  S     0.381965  0.76393   0.023756
  6  S     0.432395  0.86479   0.155709
  7  Ta    0.147265  0.29453   0.058706
  8  Ta    0.852735  0.70547   0.097003",JVASP-60596,0.0419,29.8549,4.7487,2.7015,mp-8435,0.0319,Pd1 S6 Ta2
3.8876,3.9741,3.3461,131.7259083,"Full Formula (Pd4 I8)
Reduced Formula: PdI2
abc   :   6.971489   8.394264  25.349024
angles:  90.000000  91.486860  90.004547
pbc   :       True       True       True
Sites (12)
  #  SP           a         b         c  velocities
---  ----  --------  --------  --------  ---------------
  0  Pd    0.822085  0.630571  0.820389  [0.0, 0.0, 0.0]
  1  Pd    0.942644  0.369431  0.944342  [0.0, 0.0, 0.0]
  2  Pd    0.322094  0.86944   0.820387  [0.0, 0.0, 0.0]
  3  Pd    0.442634  0.130559  0.944344  [0.0, 0.0, 0.0]
  4  I     0.111826  0.5917    0.888116  [0.0, 0.0, 0.0]
  5  I     0.652902  0.408301  0.876615  [0.0, 0.0, 0.0]
  6  I     0.007228  0.837142  0.760791  [0.0, 0.0, 0.0]
  7  I     0.507212  0.662867  0.760798  [0.0, 0.0, 0.0]
  8  I     0.257522  0.337136  0.003932  [0.0, 0.0, 0.0]
  9  I     0.757506  0.162855  0.003939  [0.0, 0.0, 0.0]
 10  I     0.152907  0.091687  0.876609  [0.0, 0.0, 0.0]
 11  I     0.611822  0.908312  0.888122  [0.0, 0.0, 0.0]",-0.089,"Full Formula (Pd4 I8)
Reduced Formula: PdI2
abc   :   6.996153   8.462552  25.349024
angles:  90.000000  91.481617  90.000000
pbc   :       True       True       True
Sites (12)
  #  SP           a         b         c
---  ----  --------  --------  --------
  0  Pd    0.820024  0.632424  0.821126
  1  Pd    0.944707  0.367576  0.943605
  2  Pd    0.320024  0.867576  0.821126
  3  Pd    0.444707  0.132424  0.943605
  4  I     0.115961  0.585745  0.887062
  5  I     0.648769  0.414255  0.877668
  6  I     0.007305  0.834995  0.761593
  7  I     0.507305  0.665005  0.761593
  8  I     0.257426  0.334995  0.003138
  9  I     0.757426  0.165005  0.003138
 10  I     0.148769  0.085745  0.877668
 11  I     0.615961  0.914255  0.887062",JVASP-60293,1.2593,3.7966,4.3046,3.5188,mp-27747,1.1516,Pd4 I8
2.648,2.4773,2.394,55.47583333,"Full Formula (Ho2 S2 I2)
Reduced Formula: HoSI
abc   :   4.140166   5.306147  26.676810
angles:  90.000000  90.000000  90.000000
pbc   :       True       True       True
Sites (6)
  #  SP      a    b         c  velocities
---  ----  ---  ---  --------  ---------------
  0  Ho    0.5  0.5  0.457762  [0.0, 0.0, 0.0]
  1  Ho    0    0    0.542238  [0.0, 0.0, 0.0]
  2  S     0.5  0    0.475615  [0.0, 0.0, 0.0]
  3  S     0    0.5  0.524385  [0.0, 0.0, 0.0]
  4  I     0    0.5  0.375176  [0.0, 0.0, 0.0]
  5  I     0.5  0    0.624824  [0.0, 0.0, 0.0]",-1.842,"Full Formula (Ho2 S2 I2)
Reduced Formula: HoSI
abc   :   4.162038   5.348992  26.676810
angles:  90.000000  90.000000  90.000000
pbc   :       True       True       True
Sites (6)
  #  SP      a    b         c
---  ----  ---  ---  --------
  0  Ho    0.5  0.5  0.458017
  1  Ho    0    0    0.541983
  2  S     0.5  0    0.475974
  3  S     0    0.5  0.524026
  4  I     0    0.5  0.374857
  5  I     0.5  0    0.625143",JVASP-27841,3.1412,2.311,2.2119,2.1347,mp-1018731,2.0992,Ho2 S2 I2
3.6804,2.8339,2.4856,0.0265,"Full Formula (Si4 S4)
Reduced Formula: SiS
abc   :   3.959775   6.656547  24.071701
angles:  90.000000  90.000000  90.000000
pbc   :       True       True       True
Sites (8)
  #  SP           a      b         c  velocities
---  ----  --------  -----  --------  ---------------
  0  Si    0         -0     0.527623  [0.0, 0.0, 0.0]
  1  Si    0.5       -0     0.472378  [0.0, 0.0, 0.0]
  2  Si    0          0.5   0.527623  [0.0, 0.0, 0.0]
  3  Si    0.5        0.5   0.472378  [0.0, 0.0, 0.0]
  4  S     0.049782   0.75  0.584913  [0.0, 0.0, 0.0]
  5  S     0.950218   0.25  0.584913  [0.0, 0.0, 0.0]
  6  S     0.450276   0.75  0.415088  [0.0, 0.0, 0.0]
  7  S     0.549724   0.25  0.415088  [0.0, 0.0, 0.0]",-0.389,"Full Formula (Si4 S4)
Reduced Formula: SiS
abc   :   3.985430   6.642900  24.071701
angles:  90.000000  90.000000  90.000000
pbc   :       True       True       True
Sites (8)
  #  SP           a     b         c
---  ----  --------  ----  --------
  0  Si    0         0     0.527242
  1  Si    0.5       0     0.47276
  2  Si    0         0.5   0.527242
  3  Si    0.5       0.5   0.47276
  4  S     0.045253  0.75  0.584574
  5  S     0.954747  0.25  0.584574
  6  S     0.455126  0.75  0.415426
  7  S     0.544874  0.25  0.415426",JVASP-27847,0.9499,2.6012,2.574,2.2763,mp-1023900,0.1563,Si4 S4
7.6645,7.6645,5.4374,44.67241667,"Full Formula (Tb2 Ga2 I2)
Reduced Formula: TbGaI
abc   :   4.184982   4.184982  28.072274
angles:  90.000000  90.000000 119.999996
pbc   :       True       True       True
Sites (6)
  #  SP            a          b         c  velocities
---  ----  ---------  ---------  --------  ---------------
  0  Tb    -0         -0         0.428184  [0.0, 0.0, 0.0]
  1  Tb    -0          0         0.571816  [0.0, 0.0, 0.0]
  2  Ga     0.666667   0.333333  0.487304  [0.0, 0.0, 0.0]
  3  Ga     0.333333   0.666667  0.512696  [0.0, 0.0, 0.0]
  4  I      0.333333   0.666667  0.356688  [0.0, 0.0, 0.0]
  5  I      0.666667   0.333333  0.643312  [0.0, 0.0, 0.0]",-1.034,"Full Formula (Tb2 Ga2 I2)
Reduced Formula: TbGaI
abc   :   4.209004   4.209005  28.072274
angles:  90.000000  90.000000 119.999996
pbc   :       True       True       True
Sites (6)
  #  SP           a         b         c
---  ----  --------  --------  --------
  0  Tb    0         0         0.427733
  1  Tb    0         0         0.572267
  2  Ga    0.666667  0.333333  0.487566
  3  Ga    0.333333  0.666667  0.512434
  4  I     0.333333  0.666667  0.356223
  5  I     0.666667  0.333333  0.643777",JVASP-27849,0.0478,6.0866,6.0823,4.5747,mp-1025099,0.0775,Tb2 Ga2 I2
33.4227,33.4227,9.9855,71.66885714,"Full Formula (Al2 Fe1 S4)
Reduced Formula: Al2FeS4
abc   :   3.573851   3.573851  29.020090
angles:  90.000000  90.000000 120.000012
pbc   :       True       True       True
Sites (7)
  #  SP            a         b         c  velocities
---  ----  ---------  --------  --------  ---------------
  0  Al    -0         0         0.503961  [0.0, 0.0, 0.0]
  1  Al     0.666667  0.333333  0.378104  [0.0, 0.0, 0.0]
  2  Fe     0.333333  0.666667  0.626722  [0.0, 0.0, 0.0]
  3  S      0.333333  0.666667  0.544584  [0.0, 0.0, 0.0]
  4  S      0.666667  0.333333  0.454362  [0.0, 0.0, 0.0]
  5  S      0         0         0.343891  [0.0, 0.0, 0.0]
  6  S     -0         0         0.65507   [0.0, 0.0, 0.0]",-0.834,"Full Formula (Al2 Fe1 S4)
Reduced Formula: Al2FeS4
abc   :   3.596103   3.596104  29.020090
angles:  90.000000  90.000000 120.000003
pbc   :       True       True       True
Sites (7)
  #  SP           a         b         c
---  ----  --------  --------  --------
  0  Al    0         0         0.50359
  1  Al    0.666667  0.333333  0.377813
  2  Fe    0.333333  0.666667  0.626229
  3  S     0.333333  0.666667  0.544138
  4  S     0.666667  0.333333  0.454923
  5  S     0         0         0.344589
  6  S     0         0         0.655411",JVASP-27851,,,,,mp-1025204,0.0482,Al2 Fe1 S4
41.9693,41.9693,35.1218,43.945,"Full Formula (Nb2 Co1 S4)
Reduced Formula: Nb2CoS4
abc   :   3.318188   3.318188  30.341603
angles:  90.000000  90.000000 120.000010
pbc   :       True       True       True
Sites (7)
  #  SP            a         b         c  velocities
---  ----  ---------  --------  --------  ---------------
  0  Nb     0.666667  0.333333  0.37992   [0.0, 0.0, 0.0]
  1  Nb     0.333333  0.666667  0.62008   [0.0, 0.0, 0.0]
  2  Co    -0         0         0.5       [0.0, 0.0, 0.0]
  3  S      0.666667  0.333333  0.459969  [0.0, 0.0, 0.0]
  4  S      0.333333  0.666667  0.330247  [0.0, 0.0, 0.0]
  5  S      0.333333  0.666667  0.540031  [0.0, 0.0, 0.0]
  6  S      0.666667  0.333333  0.669753  [0.0, 0.0, 0.0]",-0.586,"Full Formula (Nb2 Co1 S4)
Reduced Formula: Nb2CoS4
abc   :   3.292197   3.292197  30.341603
angles:  90.000000  90.000000 120.000010
pbc   :       True       True       True
Sites (7)
  #  SP           a         b         c
---  ----  --------  --------  --------
  0  Nb    0.666667  0.333333  0.379898
  1  Nb    0.333333  0.666667  0.620102
  2  Co    0         0         0.5
  3  S     0.666667  0.333333  0.45983
  4  S     0.333333  0.666667  0.32958
  5  S     0.333333  0.666667  0.54017
  6  S     0.666667  0.333333  0.67042",JVASP-27853,,,,,mp-1025350,0.0152,Nb2 Co1 S4
21.3806,14.535,6.8908,74.002625,"Full Formula (Hf2 Te6)
Reduced Formula: HfTe3
abc   :   5.966990   3.919301  26.987998
angles:  90.000000  97.556791  90.000000
pbc   :       True       True       True
Sites (8)
  #  SP           a     b         c  velocities
---  ----  --------  ----  --------  ---------------
  0  Hf    0.287607  0.25  0.563236  [0.0, 0.0, 0.0]
  1  Hf    0.712393  0.75  0.436764  [0.0, 0.0, 0.0]
  2  Te    0.565066  0.75  0.625859  [0.0, 0.0, 0.0]
  3  Te    0.761636  0.25  0.519552  [0.0, 0.0, 0.0]
  4  Te    0.238364  0.75  0.480448  [0.0, 0.0, 0.0]
  5  Te    0.084581  0.75  0.625841  [0.0, 0.0, 0.0]
  6  Te    0.434934  0.25  0.374141  [0.0, 0.0, 0.0]
  7  Te    0.915419  0.25  0.374159  [0.0, 0.0, 0.0]",-0.55,"Full Formula (Hf2 Te6)
Reduced Formula: HfTe3
abc   :   5.941880   3.957690  26.987998
angles:  90.000000  97.588914  90.000000
pbc   :       True       True       True
Sites (8)
  #  SP           a     b         c
---  ----  --------  ----  --------
  0  Hf    0.287416  0.25  0.562684
  1  Hf    0.712584  0.75  0.437316
  2  Te    0.564914  0.75  0.624306
  3  Te    0.762549  0.25  0.519737
  4  Te    0.237451  0.75  0.480263
  5  Te    0.089275  0.75  0.626191
  6  Te    0.435086  0.25  0.375694
  7  Te    0.910725  0.25  0.373809",JVASP-27855,,,,,mp-1025459,0.0083,Hf2 Te6
21.0529,32.4686,7.1732,52.458375,"Full Formula (Lu2 Te6)
Reduced Formula: LuTe3
abc   :   3.993329   4.568882  30.305883
angles:  90.000000  90.000000  90.000000
pbc   :       True       True       True
Sites (8)
  #  SP       a     b         c  velocities
---  ----  ----  ----  --------  ---------------
  0  Lu     0.5  0.25  0.454587  [0.0, 0.0, 0.0]
  1  Lu     0.5  0.75  0.545413  [0.0, 0.0, 0.0]
  2  Te     0.5  0.25  0.351724  [0.0, 0.0, 0.0]
  3  Te    -0    0.25  0.547706  [0.0, 0.0, 0.0]
  4  Te     0    0.75  0.452294  [0.0, 0.0, 0.0]
  5  Te     0.5  0.75  0.648276  [0.0, 0.0, 0.0]
  6  Te     0    0.75  0.329931  [0.0, 0.0, 0.0]
  7  Te    -0    0.25  0.670069  [0.0, 0.0, 0.0]",-0.473,"Full Formula (Lu2 Te6)
Reduced Formula: LuTe3
abc   :   3.918496   4.646283  30.305883
angles:  90.000000  90.000000  90.000000
pbc   :       True       True       True
Sites (8)
  #  SP      a     b         c
---  ----  ---  ----  --------
  0  Lu    0.5  0.25  0.454623
  1  Lu    0.5  0.75  0.545377
  2  Te    0.5  0.25  0.351129
  3  Te    0    0.25  0.546493
  4  Te    0    0.75  0.453507
  5  Te    0.5  0.75  0.648871
  6  Te    0    0.75  0.329969
  7  Te    0    0.25  0.670031",JVASP-27856,0.0043,17.2644,29.771,6.3526,mp-1025470,0.0136,Lu2 Te6
21.0214,36.181,7.4804,52.001875,"Full Formula (Dy2 Te6)
Reduced Formula: DyTe3
abc   :   4.048536   4.587933  30.585595
angles:  90.000000  90.000000  90.000000
pbc   :       True       True       True
Sites (8)
  #  SP       a     b         c  velocities
---  ----  ----  ----  --------  ---------------
  0  Dy     0.5  0.25  0.453044  [0.0, 0.0, 0.0]
  1  Dy     0.5  0.75  0.546956  [0.0, 0.0, 0.0]
  2  Te     0.5  0.25  0.349669  [0.0, 0.0, 0.0]
  3  Te     0    0.25  0.548296  [0.0, 0.0, 0.0]
  4  Te    -0    0.75  0.451704  [0.0, 0.0, 0.0]
  5  Te     0.5  0.75  0.650331  [0.0, 0.0, 0.0]
  6  Te    -0    0.75  0.328837  [0.0, 0.0, 0.0]
  7  Te     0    0.25  0.671163  [0.0, 0.0, 0.0]",-0.537,"Full Formula (Dy2 Te6)
Reduced Formula: DyTe3
abc   :   4.007188   4.614910  30.585595
angles:  90.000000  90.000000  90.000000
pbc   :       True       True       True
Sites (8)
  #  SP      a     b         c
---  ----  ---  ----  --------
  0  Dy    0.5  0.25  0.452567
  1  Dy    0.5  0.75  0.547433
  2  Te    0.5  0.25  0.348114
  3  Te    0    0.25  0.548282
  4  Te    0    0.75  0.451718
  5  Te    0.5  0.75  0.651886
  6  Te    0    0.75  0.326951
  7  Te    0    0.25  0.673049",JVASP-27858,,,,,mp-1025482,0.0057,Dy2 Te6
7.5899,4.4732,3.9079,70.235125,"Full Formula (Th2 Te6)
Reduced Formula: ThTe3
abc   :   6.257452   4.409422  27.321165
angles:  90.000000  97.703085  90.000000
pbc   :       True       True       True
Sites (8)
  #  SP           a     b         c  velocities
---  ----  --------  ----  --------  ---------------
  0  Th    0.286056  0.25  0.561557  [0.0, 0.0, 0.0]
  1  Th    0.713944  0.75  0.438443  [0.0, 0.0, 0.0]
  2  Te    0.550979  0.75  0.630319  [0.0, 0.0, 0.0]
  3  Te    0.764467  0.25  0.524621  [0.0, 0.0, 0.0]
  4  Te    0.235533  0.75  0.475379  [0.0, 0.0, 0.0]
  5  Te    0.102458  0.75  0.630518  [0.0, 0.0, 0.0]
  6  Te    0.449021  0.25  0.369681  [0.0, 0.0, 0.0]
  7  Te    0.897542  0.25  0.369482  [0.0, 0.0, 0.0]",-0.923,"Full Formula (Th2 Te6)
Reduced Formula: ThTe3
abc   :   6.265313   4.438315  27.321165
angles:  90.000000  97.693362  90.000000
pbc   :       True       True       True
Sites (8)
  #  SP           a     b         c
---  ----  --------  ----  --------
  0  Th    0.284824  0.25  0.561107
  1  Th    0.715176  0.75  0.438893
  2  Te    0.55034   0.75  0.62846
  3  Te    0.764109  0.25  0.524418
  4  Te    0.235891  0.75  0.475582
  5  Te    0.105987  0.75  0.630659
  6  Te    0.44966   0.25  0.37154
  7  Te    0.894013  0.25  0.369341",JVASP-27859,1.4936,4.8168,3.2401,3.0045,mp-1025522,0.6651,Th2 Te6
6.8017,12.6476,4.5809,309.4144091,"Full Formula (Ag3 Sn1 P7)
Reduced Formula: Ag3SnP7
abc   :   5.103606   6.013768  26.112387
angles:  90.000000  96.015171  98.993245
pbc   :       True       True       True
Sites (11)
  #  SP           a         b         c  velocities
---  ----  --------  --------  --------  ---------------
  0  Ag    0.699242  0.373389  0.037815  [0.0, 0.0, 0.0]
  1  Ag    0.558476  0.388316  0.223751  [0.0, 0.0, 0.0]
  2  Ag    0.004785  0.349383  0.155153  [0.0, 0.0, 0.0]
  3  Sn    0.504214  0.013253  0.121564  [0.0, 0.0, 0.0]
  4  P     0.206462  0.292959  0.063158  [0.0, 0.0, 0.0]
  5  P     0.011099  0.992544  0.198662  [0.0, 0.0, 0.0]
  6  P     0.060633  0.747934  0.13521   [0.0, 0.0, 0.0]
  7  P     0.948853  0.044686  0.014796  [0.0, 0.0, 0.0]
  8  P     0.77039   0.778616  0.067777  [0.0, 0.0, 0.0]
  9  P     0.383953  0.009203  0.255253  [0.0, 0.0, 0.0]
 10  P     0.616797  0.797699  0.21366   [0.0, 0.0, 0.0]",0.252,"Full Formula (Ag3 Sn1 P7)
Reduced Formula: Ag3SnP7
abc   :   5.125458   5.806348  26.112387
angles:  90.000000  95.989431  90.000000
pbc   :       True       True       True
Sites (11)
  #  SP           a         b         c
---  ----  --------  --------  --------
  0  Ag    0.603367  0.399001  0.047497
  1  Ag    0.485922  0.39995   0.196119
  2  Ag    0.944033  0.340801  0.149964
  3  Sn    0.537531  0.015729  0.128173
  4  P     0.149653  0.265587  0.06054
  5  P     0.068424  0.991283  0.204138
  6  P     0.13197   0.756332  0.140261
  7  P     0.904241  0.051583  0.012918
  8  P     0.817539  0.786508  0.070536
  9  P     0.417565  0.00528   0.256386
 10  P     0.704657  0.775928  0.220267",JVASP-60337,0.4411,5.3643,9.475,4.015,mp-29849,0.0051,Ag3 Sn1 P7
1.5766,1.5766,1.5126,15.69717647,"Full Formula (Zn1 C2 S2 O6 F6)
Reduced Formula: ZnC2S2(OF)6
abc   :   4.924668   4.924668  27.855269
angles:  90.000000  90.000000 120.000000
pbc   :       True       True       True
Sites (17)
  #  SP           a         b         c  velocities
---  ----  --------  --------  --------  ---------------
  0  Zn    0.666667  0.333333  0.499999  [0.0, 0.0, 0.0]
  1  C     0.333333  0.666667  0.624697  [0.0, 0.0, 0.0]
  2  C     0         0         0.375303  [0.0, 0.0, 0.0]
  3  S     0.333333  0.666667  0.557796  [0.0, 0.0, 0.0]
  4  S     0         0         0.442204  [0.0, 0.0, 0.0]
  5  O     0.033361  0.639563  0.54513   [0.0, 0.0, 0.0]
  6  O     0.606202  0.966639  0.54513   [0.0, 0.0, 0.0]
  7  O     0.360437  0.393798  0.54513   [0.0, 0.0, 0.0]
  8  O     0.972897  0.272868  0.454869  [0.0, 0.0, 0.0]
  9  O     0.727132  0.700027  0.454869  [0.0, 0.0, 0.0]
 10  O     0.299973  0.027103  0.454869  [0.0, 0.0, 0.0]
 11  F     0.080422  0.404402  0.640819  [0.0, 0.0, 0.0]
 12  F     0.595598  0.67602   0.640819  [0.0, 0.0, 0.0]
 13  F     0.32398   0.919578  0.640819  [0.0, 0.0, 0.0]
 14  F     0.009353  0.747089  0.359181  [0.0, 0.0, 0.0]
 15  F     0.737735  0.990647  0.359181  [0.0, 0.0, 0.0]
 16  F     0.252911  0.262265  0.359181  [0.0, 0.0, 0.0]",-1.426,"Full Formula (Zn1 C2 S2 O6 F6)
Reduced Formula: ZnC2S2(OF)6
abc   :   5.078064   5.078064  27.855269
angles:  90.000000  90.000000 120.000002
pbc   :       True       True       True
Sites (17)
  #  SP           a         b         c
---  ----  --------  --------  --------
  0  Zn    0.666667  0.333333  0.499999
  1  C     0.333333  0.666667  0.624769
  2  C     0         0         0.375231
  3  S     0.333333  0.666667  0.557422
  4  S     0         0         0.442578
  5  O     0.033903  0.622749  0.544858
  6  O     0.588847  0.966097  0.544858
  7  O     0.377251  0.411153  0.544858
  8  O     0.956083  0.255513  0.455141
  9  O     0.744487  0.700569  0.455141
 10  O     0.299431  0.043917  0.455141
 11  F     0.094321  0.406674  0.641001
 12  F     0.593326  0.687648  0.641001
 13  F     0.312352  0.905679  0.641001
 14  F     0.020981  0.760988  0.358999
 15  F     0.740007  0.979019  0.358999
 16  F     0.239012  0.259993  0.358999",JVASP-27982,,,,,mp-40886,5.9509,Zn1 C2 S2 O6 F6
,,,94.2975,"Full Formula (Nb6 Si2 Te12)
Reduced Formula: Nb3SiTe6
abc   :   6.429447  11.637821  23.827652
angles:  90.000000  90.000000  89.999999
pbc   :       True       True       True
Sites (20)
  #  SP           a         b         c  velocities
---  ----  --------  --------  --------  ---------------
  0  Nb    0.697363  0.966858  0.08032   [0.0, 0.0, 0.0]
  1  Si    0.076216  0.074662  0.08032   [0.0, 0.0, 0.0]
  2  Te    0.848901  0.81776   0.999692  [0.0, 0.0, 0.0]
  3  Te    0.348902  0.682239  0.160947  [0.0, 0.0, 0.0]
  4  Te    0.348902  0.682239  0.999692  [0.0, 0.0, 0.0]
  5  Te    0.848901  0.81776   0.160947  [0.0, 0.0, 0.0]
  6  Te    0.355811  0.99717   0.003178  [0.0, 0.0, 0.0]
  7  Te    0.355811  0.99717   0.157462  [0.0, 0.0, 0.0]
  8  Nb    0.166457  0.835426  0.08032   [0.0, 0.0, 0.0]
  9  Nb    0.469172  0.187724  0.08032   [0.0, 0.0, 0.0]
 10  Te    0.796125  0.156394  0.001053  [0.0, 0.0, 0.0]
 11  Te    0.796125  0.156394  0.159586  [0.0, 0.0, 0.0]
 12  Nb    0.969172  0.312276  0.08032   [0.0, 0.0, 0.0]
 13  Nb    0.666458  0.664573  0.08032   [0.0, 0.0, 0.0]
 14  Nb    0.197363  0.533142  0.08032   [0.0, 0.0, 0.0]
 15  Si    0.576216  0.425338  0.08032   [0.0, 0.0, 0.0]
 16  Te    0.296124  0.343606  0.159586  [0.0, 0.0, 0.0]
 17  Te    0.296124  0.343606  0.001053  [0.0, 0.0, 0.0]
 18  Te    0.855811  0.502829  0.157461  [0.0, 0.0, 0.0]
 19  Te    0.855811  0.502829  0.003178  [0.0, 0.0, 0.0]",-0.356,"Full Formula (Nb6 Si2 Te12)
Reduced Formula: Nb3SiTe6
abc   :   6.440828  11.654611  23.827652
angles:  90.000000  90.000000  90.000000
pbc   :       True       True       True
Sites (20)
  #  SP           a         b         c
---  ----  --------  --------  --------
  0  Nb    0.698296  0.966362  0.08032
  1  Si    0.075705  0.074612  0.08032
  2  Te    0.849215  0.817201  0.999928
  3  Te    0.349215  0.682799  0.160711
  4  Te    0.349215  0.682799  0.999928
  5  Te    0.849215  0.817201  0.160711
  6  Te    0.356143  0.997613  0.003415
  7  Te    0.356143  0.997613  0.157225
  8  Nb    0.165882  0.836358  0.08032
  9  Nb    0.468737  0.187787  0.08032
 10  Te    0.795773  0.155565  0.001333
 11  Te    0.795773  0.155565  0.159306
 12  Nb    0.968737  0.312213  0.08032
 13  Nb    0.665882  0.663642  0.08032
 14  Nb    0.198296  0.533638  0.08032
 15  Si    0.575705  0.425388  0.08032
 16  Te    0.295773  0.344434  0.159306
 17  Te    0.295773  0.344434  0.001333
 18  Te    0.856143  0.502387  0.157224
 19  Te    0.856143  0.502387  0.003415",JVASP-60375,,,,,mp-505137,,Nb6 Si2 Te12
2.722,2.722,2.5415,88.55821667,"Full Formula (Pb1 I2)
Reduced Formula: PbI2
abc   :   4.567214   4.567208  23.755620
angles:  90.000000  90.000000 119.999934
pbc   :       True       True       True
Sites (3)
  #  SP           a          b         c  velocities
---  ----  --------  ---------  --------  ---------------
  0  I     0.666665   0.333335  0.001224  [0.0, 0.0, 0.0]
  1  I     0.333334   0.666666  0.840656  [0.0, 0.0, 0.0]
  2  Pb    1e-06     -1e-06     0.920978  [0.0, 0.0, 0.0]",-0.571,"Full Formula (Pb1 I2)
Reduced Formula: PbI2
abc   :   4.556152   4.556153  23.755620
angles:  90.000000  90.000000 119.999996
pbc   :       True       True       True
Sites (3)
  #  SP           a         b         c
---  ----  --------  --------  --------
  0  I     0.666666  0.333332  0.001803
  1  I     0.333334  0.666668  0.840103
  2  Pb    0         0         0.920953",JVASP-60385,3.0067,2.5691,2.5716,2.394,mp-540789,2.6378,I2 Pb1
19.0924,19.0924,5.1484,18.30275,"Full Formula (Y2 Cl2)
Reduced Formula: YCl
abc   :   3.728763   3.728763  26.270802
angles:  90.000000  90.000000 120.000001
pbc   :       True       True       True
Sites (4)
  #  SP            a         b         c  velocities
---  ----  ---------  --------  --------  ---------------
  0  Y      0.666667  0.333333  0.446951  [0.0, 0.0, 0.0]
  1  Y     -0         0         0.553049  [0.0, 0.0, 0.0]
  2  Cl     0.333333  0.666667  0.381037  [0.0, 0.0, 0.0]
  3  Cl     0.333333  0.666667  0.618963  [0.0, 0.0, 0.0]",-1.518,"Full Formula (Y2 Cl2)
Reduced Formula: YCl
abc   :   3.764892   3.764892  26.270802
angles:  90.000000  90.000000 120.000001
pbc   :       True       True       True
Sites (4)
  #  SP           a         b         c
---  ----  --------  --------  --------
  0  Y     0.666667  0.333333  0.446426
  1  Y     0         0         0.553574
  2  Cl    0.333333  0.666667  0.380651
  3  Cl    0.333333  0.666667  0.619349",JVASP-27999,0.0532,8.5789,8.7652,12.765,mp-540884,0.6265,Y2 Cl2
3.1134,3.1458,2.5909,74.0598,"Full Formula (Nb2 Se4 Br4)
Reduced Formula: Nb(SeBr)2
abc   :   6.695227   6.772193  24.645012
angles:  97.980708  84.335408 119.624650
pbc   :       True       True       True
Sites (10)
  #  SP           a         b          c  velocities
---  ----  --------  --------  ---------  ---------------
  0  Br    0.511015  0.942793   0.153457  [0.0, 0.0, 0.0]
  1  Br    0.488985  0.057207   0.026772  [0.0, 0.0, 0.0]
  2  Br    0.904268  0.887825   0.026772  [0.0, 0.0, 0.0]
  3  Br    0.095732  0.112175   0.153457  [0.0, 0.0, 0.0]
  4  Nb    0.126305  0.752599   0.090111  [0.0, 0.0, 0.0]
  5  Nb    0.873695  0.247401   0.090118  [0.0, 0.0, 0.0]
  6  Se    0.69743   0.516038   0.127054  [0.0, 0.0, 0.0]
  7  Se    0.30257   0.483962   0.053176  [0.0, 0.0, 0.0]
  8  Se    0.975183  0.539227   0.180507  [0.0, 0.0, 0.0]
  9  Se    0.024817  0.460773  -0.000278  [0.0, 0.0, 0.0]",-0.698,"Full Formula (Nb2 Se4 Br4)
Reduced Formula: Nb(SeBr)2
abc   :   6.863486   6.835005  24.645012
angles:  97.906897  84.474714 120.094024
pbc   :       True       True       True
Sites (10)
  #  SP           a         b         c
---  ----  --------  --------  --------
  0  Br    0.555183  0.947486  0.155156
  1  Br    0.444817  0.052514  0.025073
  2  Br    0.852384  0.877502  0.029501
  3  Br    0.147616  0.122498  0.150728
  4  Nb    0.127089  0.755903  0.08832
  5  Nb    0.872911  0.244097  0.091909
  6  Se    0.725227  0.523122  0.136428
  7  Se    0.274773  0.476878  0.043802
  8  Se    0.030805  0.549376  0.175975
  9  Se    0.969195  0.450624  0.004254",JVASP-60390,1.2041,3.0294,3.1056,2.4609,mp-541667,1.1024,Br4 Nb2 Se4
23.8646,23.8646,11.6957,45.65266667,"Full Formula (Yb2 Cl2 O2)
Reduced Formula: YbClO
abc   :   3.819450   3.819450  26.198402
angles:  90.000000  90.000000 119.999997
pbc   :       True       True       True
Sites (6)
  #  SP           a          b         c  velocities
---  ----  --------  ---------  --------  ---------------
  0  Yb    0.333333   0.666667  0.443364  [0.0, 0.0, 0.0]
  1  Yb    0         -0         0.556578  [0.0, 0.0, 0.0]
  2  Cl    0.666667   0.333333  0.380823  [0.0, 0.0, 0.0]
  3  Cl    0.666667   0.333333  0.619125  [0.0, 0.0, 0.0]
  4  O     0         -0         0.469548  [0.0, 0.0, 0.0]
  5  O     0.333333   0.666667  0.530397  [0.0, 0.0, 0.0]",-2.216,"Full Formula (Yb2 Cl2 O2)
Reduced Formula: YbClO
abc   :   3.885576   3.885576  26.198402
angles:  90.000000  90.000000 119.999996
pbc   :       True       True       True
Sites (6)
  #  SP           a         b         c
---  ----  --------  --------  --------
  0  Yb    0.333333  0.666667  0.44352
  1  Yb    0         0         0.556684
  2  Cl    0.666667  0.333333  0.381703
  3  Cl    0.666667  0.333333  0.618297
  4  O     0         0         0.468942
  5  O     0.333333  0.666667  0.530688",JVASP-28011,0.0441,54.3189,54.3168,16.0675,mp-546292,6.3099,Yb2 Cl2 O2
12.4816,12.4811,3.0442,59.7295,"Full Formula (V1 S2)
Reduced Formula: VS2
abc   :   3.195270   3.195271  23.677392
angles:  90.000000  90.000000 119.999601
pbc   :       True       True       True
Sites (3)
  #  SP           a         b         c  velocities
---  ----  --------  --------  --------  ---------------
  0  S     0.666661  0.333339  0.998776  [0.0, 0.0, 0.0]
  1  S     0.333341  0.666659  0.874939  [0.0, 0.0, 0.0]
  2  V     0.999998  1e-06     0.936883  [0.0, 0.0, 0.0]",-0.879,"Full Formula (V1 S2)
Reduced Formula: VS2
abc   :   3.188148   3.188148  23.677392
angles:  90.000000  90.000000 119.949851
pbc   :       True       True       True
Sites (3)
  #  SP           a         b         c
---  ----  --------  --------  --------
  0  S     0.666444  0.333556  0
  1  S     0.333556  0.666444  0.87426
  2  V     0         0         0.936338",JVASP-60416,,,,,mp-557523,0.1273,S2 V1
8.5452,8.5452,6.4327,64.69328571,"Full Formula (Bi14 Te13 S8)
Reduced Formula: Bi14Te13S8
abc   :  11.268418  11.268419  27.278429
angles:  90.000000  90.000000 119.999999
pbc   :       True       True       True
Sites (35)
  #  SP           a          b         c  velocities
---  ----  --------  ---------  --------  ---------------
  0  Bi    0.333333   0.666667  0.432513  [0.0, 0.0, 0.0]
  1  Bi    0.614214   0.085363  0.429918  [0.0, 0.0, 0.0]
  2  Bi    0.769792   0.813513  0.436313  [0.0, 0.0, 0.0]
  3  Bi    0.186487   0.956278  0.436313  [0.0, 0.0, 0.0]
  4  Bi    0.914637   0.528851  0.429918  [0.0, 0.0, 0.0]
  5  Bi    0.471149   0.385786  0.429918  [0.0, 0.0, 0.0]
  6  Bi    0.043722   0.230208  0.436313  [0.0, 0.0, 0.0]
  7  Bi    0.719119   0.581304  0.570082  [0.0, 0.0, 0.0]
  8  Bi    0.862184   0.280881  0.570082  [0.0, 0.0, 0.0]
  9  Bi    0.418696   0.137816  0.570082  [0.0, 0.0, 0.0]
 10  Bi    0         -0         0.567486  [0.0, 0.0, 0.0]
 11  Bi    0.289611   0.436459  0.563687  [0.0, 0.0, 0.0]
 12  Bi    0.146846   0.710389  0.563687  [0.0, 0.0, 0.0]
 13  Bi    0.563541   0.853154  0.563687  [0.0, 0.0, 0.0]
 14  Te    0.575443   0.846701  0.365674  [0.0, 0.0, 0.0]
 15  Te    0.153299   0.728741  0.365674  [0.0, 0.0, 0.0]
 16  Te    0.271259   0.424557  0.365674  [0.0, 0.0, 0.0]
 17  Te    0.719347   0.576885  0.367007  [0.0, 0.0, 0.0]
 18  Te    0.857537   0.280653  0.367007  [0.0, 0.0, 0.0]
 19  Te    0.423115   0.142463  0.367007  [0.0, 0.0, 0.0]
 20  Te    0.666667   0.333333  0.499999  [0.0, 0.0, 0.0]
 21  Te    0.062074   0.24211   0.634326  [0.0, 0.0, 0.0]
 22  Te    0.910218   0.524204  0.632993  [0.0, 0.0, 0.0]
 23  Te    0.180034   0.937926  0.634326  [0.0, 0.0, 0.0]
 24  Te    0.475796   0.386014  0.632993  [0.0, 0.0, 0.0]
 25  Te    0.75789    0.819966  0.634326  [0.0, 0.0, 0.0]
 26  Te    0.613986   0.089782  0.632993  [0.0, 0.0, 0.0]
 27  S     0         -0         0.385502  [0.0, 0.0, 0.0]
 28  S     0.238488   0.194674  0.500937  [0.0, 0.0, 0.0]
 29  S     0.805326   0.043814  0.500937  [0.0, 0.0, 0.0]
 30  S     0.956186   0.761512  0.500937  [0.0, 0.0, 0.0]
 31  S     0.094845   0.471993  0.499063  [0.0, 0.0, 0.0]
 32  S     0.528007   0.622853  0.499063  [0.0, 0.0, 0.0]
 33  S     0.377147   0.905155  0.499063  [0.0, 0.0, 0.0]
 34  S     0.333333   0.666667  0.614498  [0.0, 0.0, 0.0]",-0.248,"Full Formula (Bi14 Te13 S8)
Reduced Formula: Bi14Te13S8
abc   :  11.315869  11.315869  27.278429
angles:  90.000000  90.000000 119.999998
pbc   :       True       True       True
Sites (35)
  #  SP           a         b         c
---  ----  --------  --------  --------
  0  Bi    0.333333  0.666667  0.433305
  1  Bi    0.614031  0.084816  0.431041
  2  Bi    0.770872  0.813467  0.436026
  3  Bi    0.186533  0.957405  0.436026
  4  Bi    0.915184  0.529215  0.431041
  5  Bi    0.470785  0.385969  0.431041
  6  Bi    0.042595  0.229128  0.436026
  7  Bi    0.719302  0.581851  0.568959
  8  Bi    0.862548  0.280698  0.568959
  9  Bi    0.418149  0.137452  0.568959
 10  Bi    0         0         0.566694
 11  Bi    0.290738  0.437539  0.563974
 12  Bi    0.1468    0.709262  0.563974
 13  Bi    0.562461  0.8532    0.563974
 14  Te    0.57512   0.846915  0.36659
 15  Te    0.153085  0.728205  0.36659
 16  Te    0.271795  0.42488   0.36659
 17  Te    0.718855  0.574468  0.368043
 18  Te    0.855612  0.281145  0.368043
 19  Te    0.425532  0.144388  0.368043
 20  Te    0.666667  0.333333  0.499999
 21  Te    0.061538  0.241787  0.63341
 22  Te    0.907801  0.522279  0.631957
 23  Te    0.180248  0.938462  0.63341
 24  Te    0.477721  0.385522  0.631957
 25  Te    0.758213  0.819752  0.63341
 26  Te    0.614478  0.092199  0.631957
 27  S     0         0         0.385376
 28  S     0.237917  0.195794  0.500867
 29  S     0.804206  0.042123  0.500867
 30  S     0.957877  0.762083  0.500867
 31  S     0.095416  0.470873  0.499133
 32  S     0.529127  0.624544  0.499133
 33  S     0.375456  0.904584  0.499133
 34  S     0.333333  0.666667  0.614624",JVASP-28027,,,,,mp-557619,0.9233,Bi14 Te13 S8
2.0432,2.2794,1.8476,78.64068182,"Full Formula (Nb2 P4 S16)
Reduced Formula: Nb(PS4)2
abc   :  11.736271  11.736273  24.119777
angles:  90.000000  90.000000 123.159364
pbc   :       True       True       True
Sites (22)
  #  SP           a         b          c  velocities
---  ----  --------  --------  ---------  ---------------
  0  Nb    0.570247  0.430014   0.914519  [0.0, 0.0, 0.0]
  1  Nb    0.430014  0.570247   0.914518  [0.0, 0.0, 0.0]
  2  P     0.502992  0.878243   0.922374  [0.0, 0.0, 0.0]
  3  P     0.121746  0.496606   0.906916  [0.0, 0.0, 0.0]
  4  P     0.878239  0.502988   0.922382  [0.0, 0.0, 0.0]
  5  P     0.496606  0.121747   0.906913  [0.0, 0.0, 0.0]
  6  S     0.410021  0.739154   0.982445  [0.0, 0.0, 0.0]
  7  S     0.260587  0.589937   0.846788  [0.0, 0.0, 0.0]
  8  S     0.59264   0.815857   0.871017  [0.0, 0.0, 0.0]
  9  S     0.478072  0.478074  -5.3e-05   [0.0, 0.0, 0.0]
 10  S     0.645502  0.645502   0.967237  [0.0, 0.0, 0.0]
 11  S     0.522594  0.522593   0.829078  [0.0, 0.0, 0.0]
 12  S     0.355032  0.355031   0.861652  [0.0, 0.0, 0.0]
 13  S     0.184551  0.407016   0.958077  [0.0, 0.0, 0.0]
 14  S     0.739153  0.410023   0.982452  [0.0, 0.0, 0.0]
 15  S     0.589946  0.2606     0.846789  [0.0, 0.0, 0.0]
 16  S     0.407012  0.184545   0.958076  [0.0, 0.0, 0.0]
 17  S     0.815862  0.592646   0.871024  [0.0, 0.0, 0.0]
 18  S     0.369164  0.920352   0.877897  [0.0, 0.0, 0.0]
 19  S     0.630148  0.07952    0.951569  [0.0, 0.0, 0.0]
 20  S     0.07952   0.630147   0.951572  [0.0, 0.0, 0.0]
 21  S     0.920349  0.369159   0.877906  [0.0, 0.0, 0.0]",-0.366,"Full Formula (Nb2 P4 S16)
Reduced Formula: Nb(PS4)2
abc   :  11.781806  11.781806  24.119777
angles:  90.000000  90.000000 118.964290
pbc   :       True       True       True
Sites (22)
  #  SP           a         b         c
---  ----  --------  --------  --------
  0  Nb    0.571668  0.428332  0.914598
  1  Nb    0.428332  0.571668  0.914598
  2  P     0.495765  0.874461  0.92069
  3  P     0.125539  0.504235  0.908505
  4  P     0.874461  0.495765  0.92069
  5  P     0.504235  0.125539  0.908505
  6  S     0.409953  0.744425  0.980989
  7  S     0.255575  0.590047  0.848206
  8  S     0.569568  0.798318  0.866344
  9  S     0.485913  0.485913  0
 10  S     0.63897   0.63897   0.964441
 11  S     0.514087  0.514087  0.829195
 12  S     0.36103   0.36103   0.864754
 13  S     0.201682  0.430432  0.962851
 14  S     0.744425  0.409953  0.980989
 15  S     0.590047  0.255575  0.848206
 16  S     0.430432  0.201682  0.962851
 17  S     0.798318  0.569568  0.866344
 18  S     0.370403  0.936497  0.881748
 19  S     0.629597  0.063503  0.947447
 20  S     0.063503  0.629597  0.947447
 21  S     0.936497  0.370403  0.881748",JVASP-60426,1.7401,1.7463,1.9423,1.6614,mp-559923,1.3572,Nb2 P4 S16
2.7222,2.7222,2.543,88.73911667,"Full Formula (Pb1 I2)
Reduced Formula: PbI2
abc   :   4.566604   4.566604  23.741918
angles:  90.000000  90.000000 120.000005
pbc   :       True       True       True
Sites (3)
  #  SP            a          b         c  velocities
---  ----  ---------  ---------  --------  ---------------
  0  I     -0         -0         0.585971  [0.0, 0.0, 0.0]
  1  I      0.666666   0.333332  0.746725  [0.0, 0.0, 0.0]
  2  Pb     0.333334   0.666668  0.666362  [0.0, 0.0, 0.0]",-0.571,"Full Formula (Pb1 I2)
Reduced Formula: PbI2
abc   :   4.525777   4.525777  23.741918
angles:  90.000000  90.000000 120.000005
pbc   :       True       True       True
Sites (3)
  #  SP           a         b         c
---  ----  --------  --------  --------
  0  I     0         0         0.585244
  1  I     0.666666  0.333332  0.747687
  2  Pb    0.333334  0.666668  0.666128",JVASP-60442,2.9299,2.5621,2.5603,2.389,mp-567503,1.6577,I2 Pb1
4.6568,4.6568,2.8302,97.27645455,"Full Formula (Nb3 Te1 I7)
Reduced Formula: Nb3TeI7
abc   :   7.692829   7.692834  23.938478
angles:  90.000000  90.000000 120.000041
pbc   :       True       True       True
Sites (11)
  #  SP            a          b          c  velocities
---  ----  ---------  ---------  ---------  ---------------
  0  I      0.497921   0.502079   0.141881  [0.0, 0.0, 0.0]
  1  I      0.168252   0.336505  -0.000546  [0.0, 0.0, 0.0]
  2  I      0.666667   0.333333   0.015742  [0.0, 0.0, 0.0]
  3  I      0.168253   0.831749  -0.000546  [0.0, 0.0, 0.0]
  4  I      0.497921   0.995842   0.141882  [0.0, 0.0, 0.0]
  5  I      0.663497   0.83175   -0.000547  [0.0, 0.0, 0.0]
  6  I      0.004157   0.502079   0.141882  [0.0, 0.0, 0.0]
  7  Nb     0.867502   0.735004   0.07794   [0.0, 0.0, 0.0]
  8  Nb     0.867502   0.132497   0.07794   [0.0, 0.0, 0.0]
  9  Nb     0.264996   0.132497   0.07794   [0.0, 0.0, 0.0]
 10  Te    -0         -2e-06      0.165775  [0.0, 0.0, 0.0]",-0.467,"Full Formula (Nb3 Te1 I7)
Reduced Formula: Nb3TeI7
abc   :   7.734315   7.734315  23.938478
angles:  90.000000  90.000000 120.000004
pbc   :       True       True       True
Sites (11)
  #  SP           a         b         c
---  ----  --------  --------  --------
  0  I     0.499236  0.500764  0.142038
  1  I     0.167422  0.334842  0
  2  I     0.666666  0.333334  0.016085
  3  I     0.167422  0.832578  0
  4  I     0.499236  0.998472  0.142038
  5  I     0.665158  0.832578  0
  6  I     0.001528  0.500764  0.142038
  7  Nb    0.86761   0.73522   0.07754
  8  Nb    0.86761   0.13239   0.07754
  9  Nb    0.26478   0.13239   0.07754
 10  Te    0         0         0.164525",JVASP-60447,0.6505,4.3333,4.3319,2.6185,mp-567713,0.0254,I7 Nb3 Te1
3.5269,3.5269,3.2123,58.756925,"Full Formula (Ga2 Se2)
Reduced Formula: GaSe
abc   :   3.797867   3.797867  24.808006
angles:  90.000000  90.000000 119.999993
pbc   :       True       True       True
Sites (4)
  #  SP            a          b         c  velocities
---  ----  ---------  ---------  --------  ---------------
  0  Ga     0.333334   0.666666  0.047409  [0.0, 0.0, 0.0]
  1  Ga     0.333334   0.666666  0.146332  [0.0, 0.0, 0.0]
  2  Se     0         -0         0.193757  [0.0, 0.0, 0.0]
  3  Se    -0          0         9.8e-05   [0.0, 0.0, 0.0]",-0.523,"Full Formula (Ga2 Se2)
Reduced Formula: GaSe
abc   :   3.812600   3.812600  24.808006
angles:  90.000000  90.000000 119.999993
pbc   :       True       True       True
Sites (4)
  #  SP           a         b         c
---  ----  --------  --------  --------
  0  Ga    0.333334  0.666666  0.04722
  1  Ga    0.333334  0.666666  0.146568
  2  Se    0         0         0.193809
  3  Se    0         0         0",JVASP-60452,2.3005,3.2075,3.2151,2.7396,mp-568263,1.8666,Ga2 Se2
2.8353,2.5897,2.273,42.29966667,"Full Formula (Hf2 Br2 N2)
Reduced Formula: HfBrN
abc   :   3.568148   4.111010  25.912796
angles:  90.000000  90.000000  90.000000
pbc   :       True       True       True
Sites (6)
  #  SP      a    b         c  velocities
---  ----  ---  ---  --------  ---------------
  0  Br    0    0    0.227723  [0.0, 0.0, 0.0]
  1  Br    0.5  0.5  0.000458  [0.0, 0.0, 0.0]
  2  Hf    0    0.5  0.080618  [0.0, 0.0, 0.0]
  3  Hf    0.5  0    0.147563  [0.0, 0.0, 0.0]
  4  N     0.5  0.5  0.125871  [0.0, 0.0, 0.0]
  5  N     0    0    0.10231   [0.0, 0.0, 0.0]",-1.774,"Full Formula (Hf2 Br2 N2)
Reduced Formula: HfBrN
abc   :   3.582026   4.121948  25.912796
angles:  90.000000  90.000000  90.000000
pbc   :       True       True       True
Sites (6)
  #  SP      a    b         c
---  ----  ---  ---  --------
  0  Br    0    0    0.228181
  1  Br    0.5  0.5  0
  2  Hf    0    0.5  0.080764
  3  Hf    0.5  0    0.147417
  4  N     0.5  0.5  0.125517
  5  N     0    0    0.102664",JVASP-60453,2.412,2.6826,2.4506,2.133,mp-568346,2.0632,Br2 Hf2 N2
21.4679,52.7808,10.8575,75.1995,"Full Formula (U2 Te6)
Reduced Formula: UTe3
abc   :   4.171352   6.083592  26.953383
angles:  95.819726  90.000000  90.000000
pbc   :       True       True       True
Sites (8)
  #  SP       a         b         c  velocities
---  ----  ----  --------  --------  ---------------
  0  U     0.75  0.721769  0.066754  [0.0, 0.0, 0.0]
  1  U     0.25  0.278231  0.191225  [0.0, 0.0, 0.0]
  2  Te    0.25  0.449592  0.000539  [0.0, 0.0, 0.0]
  3  Te    0.25  0.760635  0.1524    [0.0, 0.0, 0.0]
  4  Te    0.25  0.934539  0.000538  [0.0, 0.0, 0.0]
  5  Te    0.75  0.239365  0.105579  [0.0, 0.0, 0.0]
  6  Te    0.75  0.550408  0.257439  [0.0, 0.0, 0.0]
  7  Te    0.75  0.065461  0.25744   [0.0, 0.0, 0.0]",-0.477,"Full Formula (U2 Te6)
Reduced Formula: UTe3
abc   :   4.184445   6.076249  26.953383
angles:  95.826783  90.000000  90.000000
pbc   :       True       True       True
Sites (8)
  #  SP       a         b         c
---  ----  ----  --------  --------
  0  U     0.75  0.718805  0.067551
  1  U     0.25  0.281195  0.190428
  2  Te    0.25  0.451424  0
  3  Te    0.25  0.762489  0.153391
  4  Te    0.25  0.934892  0.00268
  5  Te    0.75  0.237511  0.104588
  6  Te    0.75  0.548576  0.257978
  7  Te    0.75  0.065108  0.255298",JVASP-60459,,,,,mp-568948,0.0011,U2 Te6
4.2255,4.2255,2.8673,81.65165,"Full Formula (Ag1 Bi1 P2 Se6)
Reduced Formula: AgBi(PSe3)2
abc   :   6.702541   6.702541  23.597957
angles:  90.000000  90.000000 120.000005
pbc   :       True       True       True
Sites (10)
  #  SP            a          b         c  velocities
---  ----  ---------  ---------  --------  ---------------
  0  Ag     0.333333   0.666667  0.483066  [0.0, 0.0, 0.0]
  1  Bi    -0          0         0.50812   [0.0, 0.0, 0.0]
  2  P      0.666667   0.333333  0.452975  [0.0, 0.0, 0.0]
  3  P      0.666667   0.333333  0.550659  [0.0, 0.0, 0.0]
  4  Se     0.341811   0.311903  0.42319   [0.0, 0.0, 0.0]
  5  Se     0.688097   0.029908  0.42319   [0.0, 0.0, 0.0]
  6  Se     0.970092   0.658189  0.42319   [0.0, 0.0, 0.0]
  7  Se     0.00374    0.377504  0.576392  [0.0, 0.0, 0.0]
  8  Se     0.622496   0.626237  0.576392  [0.0, 0.0, 0.0]
  9  Se     0.373763  -0.00374   0.576392  [0.0, 0.0, 0.0]",-0.083,"Full Formula (Ag1 Bi1 P2 Se6)
Reduced Formula: AgBi(PSe3)2
abc   :   6.755069   6.755069  23.597957
angles:  90.000000  90.000000 120.000005
pbc   :       True       True       True
Sites (10)
  #  SP           a         b         c
---  ----  --------  --------  --------
  0  Ag    0.333333  0.666667  0.481074
  1  Bi    0         0         0.508118
  2  P     0.666667  0.333333  0.453698
  3  P     0.666667  0.333333  0.550674
  4  Se    0.344335  0.311011  0.423765
  5  Se    0.688989  0.033323  0.423765
  6  Se    0.966677  0.655665  0.423765
  7  Se    0.999294  0.373145  0.576235
  8  Se    0.626855  0.62615   0.576235
  9  Se    0.37385   0.000706  0.576235",JVASP-28065,1.9763,3.9184,3.9208,2.781,mp-569126,1.4514,Ag1 Bi1 P2 Se6
2.9968,2.9968,2.7301,92.6495125,"Full Formula (Bi2 I6)
Reduced Formula: BiI3
abc   :   7.588840   7.588840  23.649804
angles:  90.000000  90.000000 119.999998
pbc   :       True       True       True
Sites (8)
  #  SP            a          b          c  velocities
---  ----  ---------  ---------  ---------  ---------------
  0  Bi     0.666666   0.333334   0.077164  [0.0, 0.0, 0.0]
  1  Bi     0.333334   0.666666   0.077164  [0.0, 0.0, 0.0]
  2  I     -0          0.336334  -0.000104  [0.0, 0.0, 0.0]
  3  I      0.663666   0.663666  -0.000104  [0.0, 0.0, 0.0]
  4  I      0.336334   0.336334   0.154431  [0.0, 0.0, 0.0]
  5  I      0.336334  -0         -0.000104  [0.0, 0.0, 0.0]
  6  I      0          0.663666   0.154431  [0.0, 0.0, 0.0]
  7  I      0.663666   0          0.154431  [0.0, 0.0, 0.0]",-0.365,"Full Formula (Bi2 I6)
Reduced Formula: BiI3
abc   :   7.829228   7.829228  23.649804
angles:  90.000000  90.000000 119.999998
pbc   :       True       True       True
Sites (8)
  #  SP           a         b         c
---  ----  --------  --------  --------
  0  Bi    0.666666  0.333334  0.077164
  1  Bi    0.333334  0.666666  0.077164
  2  I     0         0.355374  0
  3  I     0.644626  0.644626  0
  4  I     0.355374  0.355374  0.154327
  5  I     0.355374  0         0
  6  I     0         0.644626  0.154327
  7  I     0.644626  0         0.154327",JVASP-60460,2.8618,2.6618,2.6586,2.4469,mp-569157,2.548,Bi2 I6
24.409,44.8932,7.3021,52.125,"Full Formula (Er2 Te6)
Reduced Formula: ErTe3
abc   :   4.025805   4.573545  30.429997
angles:  90.000000  90.000000  90.000000
pbc   :       True       True       True
Sites (8)
  #  SP       a     b         c  velocities
---  ----  ----  ----  --------  ---------------
  0  Er     0.5  0.25  0.453516  [0.0, 0.0, 0.0]
  1  Er     0.5  0.75  0.546484  [0.0, 0.0, 0.0]
  2  Te     0    0.25  0.548227  [0.0, 0.0, 0.0]
  3  Te     0.5  0.25  0.350274  [0.0, 0.0, 0.0]
  4  Te    -0    0.75  0.451773  [0.0, 0.0, 0.0]
  5  Te     0.5  0.75  0.649726  [0.0, 0.0, 0.0]
  6  Te    -0    0.75  0.328897  [0.0, 0.0, 0.0]
  7  Te     0    0.25  0.671103  [0.0, 0.0, 0.0]",-0.515,"Full Formula (Er2 Te6)
Reduced Formula: ErTe3
abc   :   3.952953   4.645979  30.429997
angles:  90.000000  90.000000  90.000000
pbc   :       True       True       True
Sites (8)
  #  SP      a     b         c
---  ----  ---  ----  --------
  0  Er    0.5  0.25  0.453786
  1  Er    0.5  0.75  0.546214
  2  Te    0    0.25  0.547181
  3  Te    0.5  0.25  0.34981
  4  Te    0    0.75  0.452819
  5  Te    0.5  0.75  0.65019
  6  Te    0    0.75  0.328623
  7  Te    0    0.25  0.671377",JVASP-28071,0.0121,20.2356,56.5354,7.3166,mp-569701,0.0025,Er2 Te6
1.9574,1.9574,1.8741,84.16826667,"Full Formula (Yb1 I2)
Reduced Formula: YbI2
abc   :   4.427286   4.427286  23.554181
angles:  90.000000  90.000000 120.000004
pbc   :       True       True       True
Sites (3)
  #  SP            a         b         c  velocities
---  ----  ---------  --------  --------  ---------------
  0  I      0.666666  0.333334  0.000338  [0.0, 0.0, 0.0]
  1  I      0.333334  0.666666  0.150556  [0.0, 0.0, 0.0]
  2  Yb    -0         0         0.075447  [0.0, 0.0, 0.0]",-1.63,"Full Formula (Yb1 I2)
Reduced Formula: YbI2
abc   :   4.495698   4.495698  23.554181
angles:  90.000000  90.000000 120.000004
pbc   :       True       True       True
Sites (3)
  #  SP           a         b         c
---  ----  --------  --------  --------
  0  I     0.666666  0.333334  0
  1  I     0.333334  0.666666  0.150894
  2  Yb    0         0         0.075447",JVASP-60469,4.8105,1.7075,1.7073,1.6455,mp-570418,3.9359,I2 Yb1
3.1818,3.5215,5.4663,122.8069091,"Full Formula (Pr4 C2 Cl5)
Reduced Formula: Pr4C2Cl5
abc   :   7.856030   3.924110  25.972432
angles:  90.000000  90.012698  90.000000
pbc   :       True       True       True
Sites (11)
  #  SP           a     b         c  velocities
---  ----  --------  ----  --------  ---------------
  0  Pr    0.499999   0    0.387175  [0.0, 0.0, 0.0]
  1  Pr    0.715467   0.5  0.500013  [0.0, 0.0, 0.0]
  2  Pr    0.284533   0.5  0.499987  [0.0, 0.0, 0.0]
  3  Pr    0.500001  -0    0.612825  [0.0, 0.0, 0.0]
  4  C     0.499999  -0    0.473197  [0.0, 0.0, 0.0]
  5  C     0.500001  -0    0.526803  [0.0, 0.0, 0.0]
  6  Cl    0.235313   0.5  0.38416   [0.0, 0.0, 0.0]
  7  Cl    0.764683   0.5  0.384194  [0.0, 0.0, 0.0]
  8  Cl    0.764687   0.5  0.61584   [0.0, 0.0, 0.0]
  9  Cl    0         -0    0.5       [0.0, 0.0, 0.0]
 10  Cl    0.235317   0.5  0.615806  [0.0, 0.0, 0.0]",-1.565,"Full Formula (Pr4 C2 Cl5)
Reduced Formula: Pr4C2Cl5
abc   :   7.908316   3.923838  25.972432
angles:  90.000000  90.012614  90.000000
pbc   :       True       True       True
Sites (11)
  #  SP           a    b         c
---  ----  --------  ---  --------
  0  Pr    0.500016  0    0.385024
  1  Pr    0.712535  0.5  0.500012
  2  Pr    0.287465  0.5  0.499988
  3  Pr    0.499984  0    0.614976
  4  C     0.499963  0    0.472857
  5  C     0.500037  0    0.527143
  6  Cl    0.229762  0.5  0.38672
  7  Cl    0.770308  0.5  0.386741
  8  Cl    0.770238  0.5  0.61328
  9  Cl    0         0    0.5
 10  Cl    0.229692  0.5  0.613259",JVASP-28077,,,,,mp-570498,0.028,Pr4 C2 Cl5
9.3363,4.025,2.6125,78.03466667,"Full Formula (Zr2 I4)
Reduced Formula: ZrI2
abc   :   3.762958   6.876022  24.412573
angles:  90.000000  90.000000  90.000000
pbc   :       True       True       True
Sites (6)
  #  SP      a         b          c  velocities
---  ----  ---  --------  ---------  ---------------
  0  I     0    0.882357   0.157889  [0.0, 0.0, 0.0]
  1  I     0    0.222225  -4.6e-05   [0.0, 0.0, 0.0]
  2  I     0.5  0.724786   0.022859  [0.0, 0.0, 0.0]
  3  I     0.5  0.384914   0.180792  [0.0, 0.0, 0.0]
  4  Zr    0.5  0.115435   0.088297  [0.0, 0.0, 0.0]
  5  Zr    0    0.491705   0.092448  [0.0, 0.0, 0.0]",-0.849,"Full Formula (Zr2 I4)
Reduced Formula: ZrI2
abc   :   3.776409   6.924741  24.412573
angles:  90.000000  90.000000  90.000000
pbc   :       True       True       True
Sites (6)
  #  SP      a         b         c
---  ----  ---  --------  --------
  0  I     0    0.884216  0.157379
  1  I     0    0.222224  0
  2  I     0.5  0.723026  0.023351
  3  I     0.5  0.384674  0.18075
  4  Zr    0.5  0.116436  0.088205
  5  Zr    0    0.490846  0.092554",JVASP-60470,0.3575,9.201,3.9233,2.5803,mp-570506,0.027,I4 Zr2
10.2111,10.2111,9.0356,38.55755556,"Full Formula (Bi2 Pb2 Se5)
Reduced Formula: Bi2Pb2Se5
abc   :   4.251837   4.251837  34.286782
angles:  90.000000  90.000000 120.000001
pbc   :       True       True       True
Sites (9)
  #  SP           a          b         c  velocities
---  ----  --------  ---------  --------  ---------------
  0  Bi    0          0         0.335834  [0.0, 0.0, 0.0]
  1  Bi    0         -0         0.664166  [0.0, 0.0, 0.0]
  2  Pb    0.666667   0.333333  0.445823  [0.0, 0.0, 0.0]
  3  Pb    0.333333   0.666667  0.554177  [0.0, 0.0, 0.0]
  4  Se    0.666667   0.333333  0.291495  [0.0, 0.0, 0.0]
  5  Se    0.333333   0.666667  0.392168  [0.0, 0.0, 0.0]
  6  Se    0         -0         0.5       [0.0, 0.0, 0.0]
  7  Se    0.666667   0.333333  0.607832  [0.0, 0.0, 0.0]
  8  Se    0.333333   0.666667  0.708505  [0.0, 0.0, 0.0]",-0.448,"Full Formula (Bi2 Pb2 Se5)
Reduced Formula: Bi2Pb2Se5
abc   :   4.277832   4.277832  34.286782
angles:  90.000000  90.000000 120.000001
pbc   :       True       True       True
Sites (9)
  #  SP           a         b         c
---  ----  --------  --------  --------
  0  Bi    0         0         0.335532
  1  Bi    0         0         0.664468
  2  Pb    0.666667  0.333333  0.445357
  3  Pb    0.333333  0.666667  0.554643
  4  Se    0.666667  0.333333  0.291658
  5  Se    0.333333  0.666667  0.391231
  6  Se    0         0         0.5
  7  Se    0.666667  0.333333  0.608769
  8  Se    0.333333  0.666667  0.708342",JVASP-28080,1.0645,8.8672,8.8684,7.8067,mp-570930,0.9308,Bi2 Pb2 Se5
14.5525,14.4642,2.1972,74.41979167,"Full Formula (Ru2 Cl6)
Reduced Formula: RuCl3
abc   :   5.961579   5.962049  22.681595
angles:  90.000000  90.000000 119.996671
pbc   :       True       True       True
Sites (8)
  #  SP           a         b         c  velocities
---  ----  --------  --------  --------  ---------------
  0  Cl    0.111229  0.875821  0.881223  [0.0, 0.0, 0.0]
  1  Cl    0.457872  0.222452  0.000526  [0.0, 0.0, 0.0]
  2  Cl    0.764543  0.87578   0.000555  [0.0, 0.0, 0.0]
  3  Cl    0.111224  0.569128  0.000554  [0.0, 0.0, 0.0]
  4  Cl    0.457865  0.56908   0.881222  [0.0, 0.0, 0.0]
  5  Cl    0.764624  0.222453  0.88125   [0.0, 0.0, 0.0]
  6  Ru    0.444538  0.889076  0.940878  [0.0, 0.0, 0.0]
  7  Ru    0.777912  0.555823  0.940879  [0.0, 0.0, 0.0]",-0.486,"Full Formula (Ru2 Cl6)
Reduced Formula: RuCl3
abc   :   5.935550   5.938532  22.681595
angles:  90.000000  90.000000 119.983391
pbc   :       True       True       True
Sites (8)
  #  SP           a         b         c
---  ----  --------  --------  --------
  0  Cl    0.111292  0.878573  0.880739
  1  Cl    0.45514   0.22248   0.000948
  2  Cl    0.767281  0.878573  0.001033
  3  Cl    0.111186  0.566336  0.00103
  4  Cl    0.45515   0.566336  0.880742
  5  Cl    0.767341  0.22248   0.880825
  6  Ru    0.444464  0.888928  0.940886
  7  Ru    0.777953  0.555907  0.940886",JVASP-60477,,,,,mp-570997,1.782,Cl6 Ru2
11.4595,11.4595,2.1132,50.39425,"Full Formula (Ti2 Br6)
Reduced Formula: TiBr3
abc   :   6.379455   6.379455  23.012610
angles:  90.000000  90.000000 119.999998
pbc   :       True       True       True
Sites (8)
  #  SP            a          b         c  velocities
---  ----  ---------  ---------  --------  ---------------
  0  Br     0.342959   0.342997  0.130778  [0.0, 0.0, 0.0]
  1  Br     0.342997   4e-05     0.000133  [0.0, 0.0, 0.0]
  2  Br     0.657041   0.657003  0.000133  [0.0, 0.0, 0.0]
  3  Br     4e-05      0.657041  0.130778  [0.0, 0.0, 0.0]
  4  Br    -4e-05      0.342959  0.000133  [0.0, 0.0, 0.0]
  5  Br     0.657003  -4e-05     0.130778  [0.0, 0.0, 0.0]
  6  Ti     0.333334   0.666666  0.065442  [0.0, 0.0, 0.0]
  7  Ti     0.666666   0.333334  0.065469  [0.0, 0.0, 0.0]",-1.184,"Full Formula (Ti2 Br6)
Reduced Formula: TiBr3
abc   :   6.482294   6.482294  23.012610
angles:  90.000000  90.000000 119.999998
pbc   :       True       True       True
Sites (8)
  #  SP           a         b         c
---  ----  --------  --------  --------
  0  Br    0.35112   0.350756  0.130911
  1  Br    0.350756  0.999638  0
  2  Br    0.64888   0.649244  0
  3  Br    0.999638  0.64888   0.130911
  4  Br    0.000362  0.35112   0
  5  Br    0.649244  0.000362  0.130911
  6  Ti    0.333334  0.666666  0.065525
  7  Ti    0.666666  0.333334  0.065386",JVASP-60479,0.005,4.0451,11.3843,2.3248,mp-571065,0.0599,Br6 Ti2
10.2074,8.192,1.9027,61.0746875,"Full Formula (Ti2 Cl6)
Reduced Formula: TiCl3
abc   :   5.995434   5.995434  22.886675
angles:  90.570326  90.570326 119.689322
pbc   :       True       True       True
Sites (8)
  #  SP           a         b         c  velocities
---  ----  --------  --------  --------  ---------------
  0  Cl    0.172222  0.523359  0.126496  [0.0, 0.0, 0.0]
  1  Cl    0.476641  0.827778  0.999633  [0.0, 0.0, 0.0]
  2  Cl    0.164089  0.172133  0.002602  [0.0, 0.0, 0.0]
  3  Cl    0.484772  0.179002  0.123528  [0.0, 0.0, 0.0]
  4  Cl    0.820998  0.515228  0.002601  [0.0, 0.0, 0.0]
  5  Cl    0.827867  0.835911  0.123527  [0.0, 0.0, 0.0]
  6  Ti    0.485388  0.514612  0.063065  [0.0, 0.0, 0.0]
  7  Ti    0.163478  0.836522  0.063065  [0.0, 0.0, 0.0]",-1.591,"Full Formula (Ti2 Cl6)
Reduced Formula: TiCl3
abc   :   5.970806   5.970806  22.886675
angles:  90.572679  90.572679 119.699778
pbc   :       True       True       True
Sites (8)
  #  SP           a         b         c
---  ----  --------  --------  --------
  0  Cl    0.170394  0.52149   0.126645
  1  Cl    0.47851   0.829606  0.999484
  2  Cl    0.163754  0.171893  0.002334
  3  Cl    0.485084  0.179283  0.123808
  4  Cl    0.820717  0.514916  0.002321
  5  Cl    0.828107  0.836246  0.123795
  6  Ti    0.484649  0.515351  0.063065
  7  Ti    0.16424   0.83576   0.063065",JVASP-60482,,,,,mp-571424,0.0461,Cl6 Ti2
2.3029,2.3029,2.1444,81.51914444,"Full Formula (Hg3 Br6)
Reduced Formula: HgBr2
abc   :   7.059115   7.059115  23.168656
angles:  90.000000  90.000000 120.000000
pbc   :       True       True       True
Sites (9)
  #  SP            a          b         c  velocities
---  ----  ---------  ---------  --------  ---------------
  0  Br     0.666708   0.666716  0.789288  [0.0, 0.0, 0.0]
  1  Br     8e-06      0.333292  0.789288  [0.0, 0.0, 0.0]
  2  Br     0.333284   0.999992  0.789288  [0.0, 0.0, 0.0]
  3  Br     0.333372   0.333359  0.929198  [0.0, 0.0, 0.0]
  4  Br     0.666639   1.1e-05   0.929198  [0.0, 0.0, 0.0]
  5  Br     0.999987   0.666626  0.929198  [0.0, 0.0, 0.0]
  6  Hg     0.333334   0.666668  0.859245  [0.0, 0.0, 0.0]
  7  Hg    -0         -0         0.859276  [0.0, 0.0, 0.0]
  8  Hg     0.666666   0.333332  0.859231  [0.0, 0.0, 0.0]",-0.321,"Full Formula (Hg3 Br6)
Reduced Formula: HgBr2
abc   :   7.057606   7.057606  23.168656
angles:  90.000000  90.000000 120.000000
pbc   :       True       True       True
Sites (9)
  #  SP           a         b         c
---  ----  --------  --------  --------
  0  Br    0.667397  0.666455  0.789129
  1  Br    0.999058  0.332603  0.789129
  2  Br    0.333545  0.000942  0.789129
  3  Br    0.332929  0.332988  0.929349
  4  Br    0.66701   0.999939  0.929349
  5  Br    5.9e-05   0.667069  0.929349
  6  Hg    0.333334  0.666668  0.858915
  7  Hg    0         0         0.859192
  8  Hg    0.666666  0.333332  0.859669",JVASP-60484,,,,,mp-571558,1.9992,Br6 Hg3
3.7357,3.7357,2.6867,42.0956,"Full Formula (Lu2 C1 Cl2)
Reduced Formula: Lu2CCl2
abc   :   3.590537   3.590536  26.048776
angles:  90.000000  90.000000 119.999997
pbc   :       True       True       True
Sites (5)
  #  SP            a          b         c  velocities
---  ----  ---------  ---------  --------  ---------------
  0  Lu    -0          0         0.450402  [0.0, 0.0, 0.0]
  1  Lu     0.666667   0.333333  0.549597  [0.0, 0.0, 0.0]
  2  C      0.333333   0.666667  0.5       [0.0, 0.0, 0.0]
  3  Cl     0.666667   0.333333  0.384185  [0.0, 0.0, 0.0]
  4  Cl     0         -0         0.615815  [0.0, 0.0, 0.0]",-1.661,"Full Formula (Lu2 C1 Cl2)
Reduced Formula: Lu2CCl2
abc   :   3.611927   3.611926  26.048776
angles:  90.000000  90.000000 119.999997
pbc   :       True       True       True
Sites (5)
  #  SP           a         b         c
---  ----  --------  --------  --------
  0  Lu    0         0         0.450224
  1  Lu    0.666667  0.333333  0.549775
  2  C     0.333333  0.666667  0.5
  3  Cl    0.666667  0.333333  0.383895
  4  Cl    0         0         0.616105",JVASP-28089,,,,,mp-573376,1.1354,Lu2 C1 Cl2
4.987,4.7572,4.091,68.016,"Full Formula (Re6 Se8 Cl2)
Reduced Formula: Re3Se4Cl
abc   :   6.664130   6.696990  28.222509
angles:  96.290338  92.212542  86.128176
pbc   :       True       True       True
Sites (16)
  #  SP           a         b         c  velocities
---  ----  --------  --------  --------  ---------------
  0  Cl    0.912311  0.473043  0.285798  [0.0, 0.0, 0.0]
  1  Cl    0.587685  0.026953  0.000969  [0.0, 0.0, 0.0]
  2  Re    0.821409  0.348545  0.207221  [0.0, 0.0, 0.0]
  3  Re    0.678592  0.151456  0.079546  [0.0, 0.0, 0.0]
  4  Re    0.005108  0.296887  0.123323  [0.0, 0.0, 0.0]
  5  Re    0.494892  0.203113  0.163443  [0.0, 0.0, 0.0]
  6  Re    0.841703  0.989766  0.154181  [0.0, 0.0, 0.0]
  7  Re    0.658297  0.510236  0.132586  [0.0, 0.0, 0.0]
  8  Se    0.016845  0.953776  0.074772  [0.0, 0.0, 0.0]
  9  Se    0.150455  0.12597   0.199953  [0.0, 0.0, 0.0]
 10  Se    0.994498  0.633836  0.174808  [0.0, 0.0, 0.0]
 11  Se    0.505503  0.866166  0.111959  [0.0, 0.0, 0.0]
 12  Se    0.66482   0.04494   0.233663  [0.0, 0.0, 0.0]
 13  Se    0.483155  0.546224  0.211995  [0.0, 0.0, 0.0]
 14  Se    0.349546  0.37403   0.086814  [0.0, 0.0, 0.0]
 15  Se    0.835178  0.455061  0.053104  [0.0, 0.0, 0.0]",-0.391,"Full Formula (Re6 Se8 Cl2)
Reduced Formula: Re3Se4Cl
abc   :   6.658679   6.686459  28.222509
angles:  96.300284  92.214354  86.186528
pbc   :       True       True       True
Sites (16)
  #  SP           a         b         c
---  ----  --------  --------  --------
  0  Cl    0.912836  0.457376  0.287764
  1  Cl    0.587164  0.042624  0.999003
  2  Re    0.820193  0.344846  0.207905
  3  Re    0.679807  0.155154  0.078861
  4  Re    0.00469   0.297624  0.123836
  5  Re    0.49531   0.202376  0.16293
  6  Re    0.841588  0.987549  0.153394
  7  Re    0.658412  0.512451  0.133373
  8  Se    0.018665  0.957323  0.074184
  9  Se    0.150914  0.125686  0.199828
 10  Se    0.994807  0.632743  0.175577
 11  Se    0.505193  0.867257  0.11119
 12  Se    0.666554  0.038116  0.23288
 13  Se    0.481335  0.542677  0.212583
 14  Se    0.349086  0.374314  0.086938
 15  Se    0.833446  0.461884  0.053886",JVASP-60494,,,,,mp-580748,1.2239,Cl2 Re6 Se8
3.7577,3.7577,3.6268,39.87833333,"Full Formula (Zr2 I2 N2)
Reduced Formula: ZrIN
abc   :   3.739498   3.739498  27.005629
angles:  90.000000  90.000000 119.999995
pbc   :       True       True       True
Sites (6)
  #  SP            a          b         c  velocities
---  ----  ---------  ---------  --------  ---------------
  0  I      0.333334   0.666666  0.071319  [0.0, 0.0, 0.0]
  1  I      0.333334   0.666666  0.329944  [0.0, 0.0, 0.0]
  2  N     -0          0         0.168117  [0.0, 0.0, 0.0]
  3  N      0.666666   0.333334  0.233147  [0.0, 0.0, 0.0]
  4  Zr    -0         -0         0.248109  [0.0, 0.0, 0.0]
  5  Zr     0.666666   0.333334  0.153152  [0.0, 0.0, 0.0]",-1.492,"Full Formula (Zr2 I2 N2)
Reduced Formula: ZrIN
abc   :   3.758240   3.758240  27.005629
angles:  90.000000  90.000000 119.999995
pbc   :       True       True       True
Sites (6)
  #  SP           a         b         c
---  ----  --------  --------  --------
  0  I     0.333334  0.666666  0.070925
  1  I     0.333334  0.666666  0.330338
  2  N     0         0         0.167895
  3  N     0.666666  0.333334  0.233369
  4  Zr    0         0         0.248125
  5  Zr    0.666666  0.333334  0.153136",JVASP-60495,0.9576,3.6245,3.623,3.3784,mp-580886,0.8132,I2 N2 Zr2
10.5925,10.5925,2.3474,36.44925,"Full Formula (Fe2 Cl6)
Reduced Formula: FeCl3
abc   :   5.792110   5.792110  22.757893
angles:  90.000000  90.000000 119.999997
pbc   :       True       True       True
Sites (8)
  #  SP            a          b         c  velocities
---  ----  ---------  ---------  --------  ---------------
  0  Cl     1.4e-05    0.642341  0.116994  [0.0, 0.0, 0.0]
  1  Cl     0.357659   0.357672  0.116994  [0.0, 0.0, 0.0]
  2  Cl     0.642328  -1.4e-05   0.116994  [0.0, 0.0, 0.0]
  3  Cl     0.6426     0.642587  0.004105  [0.0, 0.0, 0.0]
  4  Cl    -1.3e-05    0.3574    0.004105  [0.0, 0.0, 0.0]
  5  Cl     0.357413   1.3e-05   0.004105  [0.0, 0.0, 0.0]
  6  Fe     0.333334   0.666666  0.060479  [0.0, 0.0, 0.0]
  7  Fe     0.666666   0.333334  0.060493  [0.0, 0.0, 0.0]",-0.615,"Full Formula (Fe2 Cl6)
Reduced Formula: FeCl3
abc   :   6.187586   6.187586  22.757893
angles:  90.000000  90.000000 120.000003
pbc   :       True       True       True
Sites (8)
  #  SP           a         b         c
---  ----  --------  --------  --------
  0  Cl    0.999216  0.632412  0.121184
  1  Cl    0.367588  0.366804  0.121184
  2  Cl    0.633196  0.000784  0.121184
  3  Cl    0.635552  0.636306  0
  4  Cl    0.000754  0.364448  0
  5  Cl    0.363694  0.999246  0
  6  Fe    0.333334  0.666666  0.061388
  7  Fe    0.666666  0.333334  0.059331",JVASP-60497,,,,,mp-583463,0.9104,Cl6 Fe2
16.961,16.961,8.0537,38.758,"Full Formula (Yb2 Br2 O2)
Reduced Formula: YbBrO
abc   :   3.652192   3.652192  26.067213
angles:  90.000000  90.000000  90.000000
pbc   :       True       True       True
Sites (6)
  #  SP       a     b         c  velocities
---  ----  ----  ----  --------  ---------------
  0  Yb     0.5  -0    0.448526  [0.0, 0.0, 0.0]
  1  Yb    -0     0.5  0.551474  [0.0, 0.0, 0.0]
  2  Br     0     0.5  0.385143  [0.0, 0.0, 0.0]
  3  Br     0.5  -0    0.614857  [0.0, 0.0, 0.0]
  4  O      0    -0    0.5       [0.0, 0.0, 0.0]
  5  O      0.5   0.5  0.5       [0.0, 0.0, 0.0]",-2.143,"Full Formula (Yb2 Br2 O2)
Reduced Formula: YbBrO
abc   :   3.683547   3.683547  26.067213
angles:  90.000000  90.000000  90.000000
pbc   :       True       True       True
Sites (6)
  #  SP      a    b         c
---  ----  ---  ---  --------
  0  Yb    0.5  0    0.448867
  1  Yb    0    0.5  0.551133
  2  Br    0    0.5  0.383624
  3  Br    0.5  0    0.616376
  4  O     0    0    0.5
  5  O     0.5  0.5  0.5",JVASP-28093,,,,,mp-601693,0.0284,Yb2 Br2 O2
2.5608,2.5608,2.8364,100.3308,"Full Formula (Pb4 O6)
Reduced Formula: Pb2O3
abc   :   4.775964   4.775961  25.528400
angles:  90.000000  90.685232  90.000000
pbc   :       True       True       True
Sites (10)
  #  SP           a     b         c  velocities
---  ----  --------  ----  --------  ---------------
  0  Pb    0.750001  0.75  0.5       [0.0, 0.0, 0.0]
  1  Pb    0.249999  0.25  0.5       [0.0, 0.0, 0.0]
  2  Pb    0.743124  0.25  0.392795  [0.0, 0.0, 0.0]
  3  Pb    0.256876  0.75  0.607205  [0.0, 0.0, 0.0]
  4  O     0.744922  0.75  0.420601  [0.0, 0.0, 0.0]
  5  O     0.749185  0.25  0.48749   [0.0, 0.0, 0.0]
  6  O     0.250815  0.75  0.51251   [0.0, 0.0, 0.0]
  7  O     0.755085  0.75  0.579396  [0.0, 0.0, 0.0]
  8  O     0.255078  0.25  0.579399  [0.0, 0.0, 0.0]
  9  O     0.244915  0.25  0.420604  [0.0, 0.0, 0.0]",-0.888,"Full Formula (Pb4 O6)
Reduced Formula: Pb2O3
abc   :   4.823934   4.893780  25.528400
angles:  90.000000  90.678417  90.000000
pbc   :       True       True       True
Sites (10)
  #  SP           a     b         c
---  ----  --------  ----  --------
  0  Pb    0.750245  0.75  0.498515
  1  Pb    0.249755  0.25  0.501485
  2  Pb    0.741963  0.25  0.391748
  3  Pb    0.258037  0.75  0.608252
  4  O     0.735066  0.75  0.418893
  5  O     0.750512  0.25  0.489069
  6  O     0.249488  0.75  0.510931
  7  O     0.756359  0.75  0.578278
  8  O     0.264934  0.25  0.581107
  9  O     0.243641  0.25  0.421722",JVASP-28095,1.9857,2.2988,2.3002,2.5722,mp-608439,1.846,Pb4 O6
1.7078,1.7287,1.628,88.099375,"Full Formula (Sc2 H2 O4)
Reduced Formula: ScHO2
abc   :   3.275666   4.011233  26.062594
angles:  90.000000  90.000000  90.000031
pbc   :       True       True       True
Sites (8)
  #  SP       a         b         c  velocities
---  ----  ----  --------  --------  ---------------
  0  H     -0    0.602618  0.995377  [0.0, 0.0, 0.0]
  1  H      0.5  0.103274  0.238829  [0.0, 0.0, 0.0]
  2  O      0.5  0.238649  0.101104  [0.0, 0.0, 0.0]
  3  O      1    0.729402  0.027118  [0.0, 0.0, 0.0]
  4  O      1    0.738691  0.133083  [0.0, 0.0, 0.0]
  5  O      0.5  0.229637  0.207048  [0.0, 0.0, 0.0]
  6  Sc     0.5  0.739452  0.079747  [0.0, 0.0, 0.0]
  7  Sc     1    0.239479  0.154423  [0.0, 0.0, 0.0]",-2.673,"Full Formula (Sc2 H2 O4)
Reduced Formula: ScHO2
abc   :   3.274057   4.008760  26.062594
angles:  90.000000  90.000000  90.000000
pbc   :       True       True       True
Sites (8)
  #  SP      a         b         c
---  ----  ---  --------  --------
  0  H     0    0.595196  0.996005
  1  H     0.5  0.095196  0.238177
  2  O     0.5  0.242338  0.101072
  3  O     0    0.729805  0.02704
  4  O     0    0.742338  0.13311
  5  O     0.5  0.229805  0.207142
  6  Sc    0.5  0.743263  0.07967
  7  Sc    0    0.243263  0.154512",JVASP-60504,4.4571,1.5709,1.5927,1.5027,mp-625150,3.9076,H2 O4 Sc2
1.3141,1.3069,1.2933,77.59771429,"Full Formula (Al2 H6 O6)
Reduced Formula: Al(HO)3
abc   :   4.896496   5.151280  24.055885
angles:  93.702140  89.798923  61.640923
pbc   :       True       True       True
Sites (14)
  #  SP           a         b         c  velocities
---  ----  --------  --------  --------  ---------------
  0  Al    0.836354  0.827177  0.083117  [0.0, 0.0, 0.0]
  1  Al    0.163646  0.172823  0.083103  [0.0, 0.0, 0.0]
  2  H     0.894831  0.532522  0.164907  [0.0, 0.0, 0.0]
  3  H     0.105169  0.467478  0.001313  [0.0, 0.0, 0.0]
  4  H     0.322773  0.747483  0.137694  [0.0, 0.0, 0.0]
  5  H     0.677227  0.252517  0.028527  [0.0, 0.0, 0.0]
  6  H     0.548663  0.296364  0.137577  [0.0, 0.0, 0.0]
  7  H     0.451337  0.703636  0.028643  [0.0, 0.0, 0.0]
  8  O     0.845476  0.517101  0.126047  [0.0, 0.0, 0.0]
  9  O     0.154524  0.482899  0.040173  [0.0, 0.0, 0.0]
 10  O     0.11976   0.895039  0.126546  [0.0, 0.0, 0.0]
 11  O     0.88024   0.104961  0.039675  [0.0, 0.0, 0.0]
 12  O     0.497438  0.139864  0.12653   [0.0, 0.0, 0.0]
 13  O     0.502562  0.860136  0.03969   [0.0, 0.0, 0.0]",-1.758,"Full Formula (Al2 H6 O6)
Reduced Formula: Al(HO)3
abc   :   4.983716   4.997429  24.055885
angles:  93.816280  89.802442  63.837631
pbc   :       True       True       True
Sites (14)
  #  SP           a         b         c
---  ----  --------  --------  --------
  0  Al    0.821721  0.83037   0.084435
  1  Al    0.178279  0.16963   0.081785
  2  H     0.898047  0.487446  0.165159
  3  H     0.101953  0.512554  0.001061
  4  H     0.258605  0.73605   0.14305
  5  H     0.741395  0.26395   0.023171
  6  H     0.572933  0.31101   0.130796
  7  H     0.427067  0.68899   0.035424
  8  O     0.858595  0.502545  0.125676
  9  O     0.141405  0.497455  0.040544
 10  O     0.105873  0.900898  0.126576
 11  O     0.894127  0.099102  0.039645
 12  O     0.502715  0.15709   0.125005
 13  O     0.497285  0.84291   0.041215",JVASP-60505,5.8433,1.2646,1.2634,1.2374,mp-625316,1.9708,Al2 H6 O6
1.6412,1.707,1.6048,51.59935714,"Full Formula (Te2 H4 O8)
Reduced Formula: Te(HO2)2
abc   :   4.901167   5.260340  24.194826
angles:  93.847636  90.000000  90.000000
pbc   :       True       True       True
Sites (14)
  #  SP           a         b         c  velocities
---  ----  --------  --------  --------  ---------------
  0  Te    0.250173  0.472609  0.086671  [0.0, 0.0, 0.0]
  1  Te    0.749827  0.972609  0.086671  [0.0, 0.0, 0.0]
  2  H     0.035041  0.675872  0.171188  [0.0, 0.0, 0.0]
  3  H     0.47687   0.57129   0.000589  [0.0, 0.0, 0.0]
  4  H     0.52313   0.07129   0.000589  [0.0, 0.0, 0.0]
  5  H     0.964959  0.175872  0.171188  [0.0, 0.0, 0.0]
  6  O     0.10474   0.500295  0.161841  [0.0, 0.0, 0.0]
  7  O     0.395304  0.409588  0.011957  [0.0, 0.0, 0.0]
  8  O     0.936597  0.26756   0.060694  [0.0, 0.0, 0.0]
  9  O     0.432455  0.174564  0.112059  [0.0, 0.0, 0.0]
 10  O     0.567545  0.674564  0.112059  [0.0, 0.0, 0.0]
 11  O     0.063403  0.76756   0.060694  [0.0, 0.0, 0.0]
 12  O     0.604696  0.909588  0.011957  [0.0, 0.0, 0.0]
 13  O     0.89526   0.000295  0.161841  [0.0, 0.0, 0.0]",-0.884,"Full Formula (Te2 H4 O8)
Reduced Formula: Te(HO2)2
abc   :   4.883565   5.248213  24.194826
angles:  93.856540  90.000000  90.000000
pbc   :       True       True       True
Sites (14)
  #  SP           a         b         c
---  ----  --------  --------  --------
  0  Te    0.250178  0.470688  0.086554
  1  Te    0.749822  0.970688  0.086554
  2  H     0.055397  0.685179  0.171735
  3  H     0.47926   0.566393  0.000439
  4  H     0.52074   0.066393  0.000439
  5  H     0.944603  0.185179  0.171735
  6  O     0.10712   0.50433   0.161871
  7  O     0.392979  0.40549   0.011546
  8  O     0.931081  0.27073   0.061262
  9  O     0.427793  0.168968  0.111593
 10  O     0.572207  0.668968  0.111593
 11  O     0.068919  0.77073   0.061262
 12  O     0.607021  0.90549   0.011546
 13  O     0.89288   0.00433   0.161871",JVASP-60507,2.3121,1.5556,1.6127,1.5202,mp-625526,2.0559,Te2 H4 O8
3.7225,3.7225,3.8418,37.06992857,"Full Formula (Cd1 In1 Ga1 S4)
Reduced Formula: CdInGaS4
abc   :   3.887266   3.887266  29.560107
angles:  90.000000  90.000000 120.000004
pbc   :       True       True       True
Sites (7)
  #  SP           a          b         c  velocities
---  ----  --------  ---------  --------  ---------------
  0  Cd    0         -0         0.49311   [0.0, 0.0, 0.0]
  1  In    0.666667   0.333333  0.622966  [0.0, 0.0, 0.0]
  2  Ga    0.333333   0.666667  0.369776  [0.0, 0.0, 0.0]
  3  S     0.666667   0.333333  0.541822  [0.0, 0.0, 0.0]
  4  S     0.333333   0.666667  0.444559  [0.0, 0.0, 0.0]
  5  S     0.666667   0.333333  0.337929  [0.0, 0.0, 0.0]
  6  S     0.333333   0.666667  0.662488  [0.0, 0.0, 0.0]",-0.588,"Full Formula (Cd1 In1 Ga1 S4)
Reduced Formula: CdInGaS4
abc   :   3.913738   3.913738  29.560107
angles:  90.000000  90.000000 120.000004
pbc   :       True       True       True
Sites (7)
  #  SP           a         b         c
---  ----  --------  --------  --------
  0  Cd    0         0         0.493158
  1  In    0.666667  0.333333  0.623065
  2  Ga    0.333333  0.666667  0.369792
  3  S     0.666667  0.333333  0.541921
  4  S     0.333333  0.666667  0.444714
  5  S     0.666667  0.333333  0.338294
  6  S     0.333333  0.666667  0.661706",JVASP-28112,1.0032,3.3023,3.298,3.3459,mp-630773,0.5432,Cd1 In1 Ga1 S4
2.9383,2.9383,2.5386,28.708625,"Full Formula (Tb2 H4 Br2)
Reduced Formula: TbH2Br
abc   :   3.772236   3.772236  27.126876
angles:  90.000000  90.000000 120.000001
pbc   :       True       True       True
Sites (8)
  #  SP           a          b         c  velocities
---  ----  --------  ---------  --------  ---------------
  0  Tb    0.666667   0.333333  0.440477  [0.0, 0.0, 0.0]
  1  Tb    0.333333   0.666667  0.559523  [0.0, 0.0, 0.0]
  2  H     0.666667   0.333333  0.522818  [0.0, 0.0, 0.0]
  3  H     0.333333   0.666667  0.477182  [0.0, 0.0, 0.0]
  4  H     0          0         0.447806  [0.0, 0.0, 0.0]
  5  H     0         -0         0.552194  [0.0, 0.0, 0.0]
  6  Br    0.333333   0.666667  0.368693  [0.0, 0.0, 0.0]
  7  Br    0.666667   0.333333  0.631307  [0.0, 0.0, 0.0]",-1.128,"Full Formula (Tb2 H4 Br2)
Reduced Formula: TbH2Br
abc   :   3.785224   3.785224  27.126876
angles:  90.000000  90.000000 120.000001
pbc   :       True       True       True
Sites (8)
  #  SP           a         b         c
---  ----  --------  --------  --------
  0  Tb    0.666667  0.333333  0.44017
  1  Tb    0.333333  0.666667  0.55983
  2  H     0.666667  0.333333  0.522822
  3  H     0.333333  0.666667  0.477178
  4  H     0         0         0.446335
  5  H     0         0         0.553665
  6  Br    0.333333  0.666667  0.368638
  7  Br    0.666667  0.333333  0.631362",JVASP-28115,2.2284,2.6358,2.6341,2.3127,mp-642807,1.8924,Tb2 H4 Br2
2.721,2.7211,2.5412,87.95402222,"Full Formula (Pb1 I2)
Reduced Formula: PbI2
abc   :   4.566671   4.566672  23.785938
angles:  90.000000  90.000000 119.999777
pbc   :       True       True       True
Sites (3)
  #  SP           a          b         c  velocities
---  ----  --------  ---------  --------  ---------------
  0  I     0.333335   0.666665  0.84023   [0.0, 0.0, 0.0]
  1  I     0.666663   0.333337  0.000633  [0.0, 0.0, 0.0]
  2  Pb    3e-06     -2e-06     0.920386  [0.0, 0.0, 0.0]",-0.571,"Full Formula (Pb1 I2)
Reduced Formula: PbI2
abc   :   4.682436   4.682436  23.785938
angles:  90.000000  90.000000 120.000003
pbc   :       True       True       True
Sites (3)
  #  SP           a         b         c
---  ----  --------  --------  --------
  0  I     0.333333  0.666666  0.840833
  1  I     0.666667  0.333334  0
  2  Pb    0         0         0.920416",JVASP-60526,3.0141,2.5628,2.5639,2.3908,mp-672671,2.6385,I2 Pb1
17.8712,19.5575,3.2064,88.04341667,"Full Formula (Nb3 Ir1 Se8)
Reduced Formula: Nb3IrSe8
abc   :   6.939257   6.939369  23.684104
angles:  90.514742  90.178652 119.663245
pbc   :       True       True       True
Sites (12)
  #  SP           a         b         c  velocities
---  ----  --------  --------  --------  ---------------
  0  Nb    0.478748  0.47839   0.499614  [0.0, 0.0, 0.0]
  1  Nb    0.465791  0.999693  0.500616  [0.0, 0.0, 0.0]
  2  Nb    0.999907  0.46537   0.498552  [0.0, 0.0, 0.0]
  3  Ir    0.048398  0.048052  0.499606  [0.0, 0.0, 0.0]
  4  Se    0.346024  0.1817    0.577311  [0.0, 0.0, 0.0]
  5  Se    0.322991  0.660422  0.570764  [0.0, 0.0, 0.0]
  6  Se    0.853413  0.696492  0.55884   [0.0, 0.0, 0.0]
  7  Se    0.175719  0.339306  0.421902  [0.0, 0.0, 0.0]
  8  Se    0.654919  0.316865  0.428412  [0.0, 0.0, 0.0]
  9  Se    0.691981  0.848204  0.440373  [0.0, 0.0, 0.0]
 10  Se    0.832089  0.153177  0.568776  [0.0, 0.0, 0.0]
 11  Se    0.147823  0.826113  0.430402  [0.0, 0.0, 0.0]",-0.629,"Full Formula (Nb3 Ir1 Se8)
Reduced Formula: Nb3IrSe8
abc   :   6.964957   6.978761  23.684104
angles:  90.511836  90.177993 119.833397
pbc   :       True       True       True
Sites (12)
  #  SP           a         b         c
---  ----  --------  --------  --------
  0  Nb    0.480456  0.477838  0.499275
  1  Nb    0.467739  0.003357  0.501328
  2  Nb    0.001089  0.466041  0.497978
  3  Ir    0.049346  0.049073  0.499808
  4  Se    0.347854  0.184344  0.577743
  5  Se    0.320685  0.656681  0.570151
  6  Se    0.852669  0.6962    0.558256
  7  Se    0.17576   0.338726  0.422257
  8  Se    0.650658  0.313545  0.428088
  9  Se    0.691983  0.849485  0.440881
 10  Se    0.832283  0.152874  0.568617
 11  Se    0.147282  0.825619  0.430785",JVASP-28125,,,,,mp-675066,0.0856,Nb3 Ir1 Se8
8.8693,8.8693,7.6831,48.72114286,"Full Formula (Bi2 Pb1 Se4)
Reduced Formula: Bi2PbSe4
abc   :   4.221002   4.221002  30.639840
angles:  90.000000  90.000000 119.999993
pbc   :       True       True       True
Sites (7)
  #  SP            a         b         c  velocities
---  ----  ---------  --------  --------  ---------------
  0  Bi    -0         0         0.375741  [0.0, 0.0, 0.0]
  1  Bi     0.666667  0.333333  0.624261  [0.0, 0.0, 0.0]
  2  Pb     0.333333  0.666667  0.500001  [0.0, 0.0, 0.0]
  3  Se     0.333333  0.666667  0.325514  [0.0, 0.0, 0.0]
  4  Se     0.666667  0.333333  0.439148  [0.0, 0.0, 0.0]
  5  Se     0         0         0.560852  [0.0, 0.0, 0.0]
  6  Se     0.333333  0.666667  0.674486  [0.0, 0.0, 0.0]",-0.409,"Full Formula (Bi2 Pb1 Se4)
Reduced Formula: Bi2PbSe4
abc   :   4.245097   4.245097  30.639840
angles:  90.000000  90.000000 119.999993
pbc   :       True       True       True
Sites (7)
  #  SP           a         b         c
---  ----  --------  --------  --------
  0  Bi    0         0         0.376176
  1  Bi    0.666667  0.333333  0.623826
  2  Pb    0.333333  0.666667  0.500001
  3  Se    0.333333  0.666667  0.326372
  4  Se    0.666667  0.333333  0.439123
  5  Se    0         0         0.560877
  6  Se    0.333333  0.666667  0.673628",JVASP-28127,1.1393,7.6985,7.6854,6.3087,mp-675543,1.005,Bi2 Pb1 Se4
12.6085,12.6085,10.3343,55.66662857,"Full Formula (Bi2 Te4 Pb1)
Reduced Formula: Bi2Te4Pb
abc   :   4.465918   4.465918  31.417273
angles:  90.000000  90.000000 120.000001
pbc   :       True       True       True
Sites (7)
  #  SP            a         b         c  velocities
---  ----  ---------  --------  --------  ---------------
  0  Bi    -0         0         0.371723  [0.0, 0.0, 0.0]
  1  Bi     0.666667  0.333333  0.628276  [0.0, 0.0, 0.0]
  2  Te     0.333333  0.666667  0.317645  [0.0, 0.0, 0.0]
  3  Te     0.666667  0.333333  0.437133  [0.0, 0.0, 0.0]
  4  Te     0         0         0.562866  [0.0, 0.0, 0.0]
  5  Te     0.333333  0.666667  0.682355  [0.0, 0.0, 0.0]
  6  Pb     0.333333  0.666667  0.5       [0.0, 0.0, 0.0]",-0.232,"Full Formula (Bi2 Te4 Pb1)
Reduced Formula: Bi2Te4Pb
abc   :   4.514258   4.514258  31.417273
angles:  90.000000  90.000000 120.000001
pbc   :       True       True       True
Sites (7)
  #  SP           a         b         c
---  ----  --------  --------  --------
  0  Bi    0         0         0.371797
  1  Bi    0.666667  0.333333  0.628202
  2  Te    0.333333  0.666667  0.318296
  3  Te    0.666667  0.333333  0.436759
  4  Te    0         0         0.56324
  5  Te    0.333333  0.666667  0.681704
  6  Pb    0.333333  0.666667  0.5",JVASP-28130,1.2676,10.5471,10.5576,8.9255,mp-676250,1.0772,Bi2 Te4 Pb1
16.5896,5.3201,3.4348,60.97916667,"Full Formula (Pt2 Cl4)
Reduced Formula: PtCl2
abc   :   4.678689   4.428352  25.528175
angles: 103.335272  94.262715 104.069134
pbc   :       True       True       True
Sites (6)
  #  SP           a         b         c  velocities
---  ----  --------  --------  --------  ---------------
  0  Pt    0.785011  0.719075  0.47098   [0.0, 0.0, 0.0]
  1  Pt    0.214974  0.280913  0.528987  [0.0, 0.0, 0.0]
  2  Cl    0.765172  0.901049  0.395475  [0.0, 0.0, 0.0]
  3  Cl    0.743627  0.460557  0.543289  [0.0, 0.0, 0.0]
  4  Cl    0.256389  0.53945   0.456679  [0.0, 0.0, 0.0]
  5  Cl    0.234827  0.098955  0.604493  [0.0, 0.0, 0.0]",-0.025,"Full Formula (Pt2 Cl4)
Reduced Formula: PtCl2
abc   :   4.575982   4.928423  25.528175
angles: 101.960987  94.358574 102.855059
pbc   :       True       True       True
Sites (6)
  #  SP           a         b         c
---  ----  --------  --------  --------
  0  Pt    0.786781  0.713506  0.473361
  1  Pt    0.213294  0.286738  0.526577
  2  Cl    0.787302  0.929902  0.40374
  3  Cl    0.746245  0.440206  0.541139
  4  Cl    0.253854  0.559594  0.458825
  5  Cl    0.212524  0.070052  0.59626",JVASP-28136,,,,,mp-684670,0.0335,Pt2 Cl4
19.6968,19.6968,4.1332,123.007825,"Full Formula (Yb2 Br6)
Reduced Formula: YbBr3
abc   :   6.716921   6.716921  22.858728
angles:  90.000000  90.000000 120.000000
pbc   :       True       True       True
Sites (8)
  #  SP           a         b         c  velocities
---  ----  --------  --------  --------  ---------------
  0  Yb    0.333333  0.666667  0.489557  [0.0, 0.0, 0.0]
  1  Yb    0.666667  0.333333  0.510443  [0.0, 0.0, 0.0]
  2  Br    0.300825  0.333018  0.572793  [0.0, 0.0, 0.0]
  3  Br    0.032192  0.699175  0.572793  [0.0, 0.0, 0.0]
  4  Br    0.666982  0.967808  0.572793  [0.0, 0.0, 0.0]
  5  Br    0.333018  0.032192  0.427207  [0.0, 0.0, 0.0]
  6  Br    0.967808  0.300825  0.427207  [0.0, 0.0, 0.0]
  7  Br    0.699175  0.666982  0.427207  [0.0, 0.0, 0.0]",-1.306,"Full Formula (Yb2 Br6)
Reduced Formula: YbBr3
abc   :   7.483620   7.483620  22.858728
angles:  90.000000  90.000000 120.000000
pbc   :       True       True       True
Sites (8)
  #  SP           a         b         c
---  ----  --------  --------  --------
  0  Yb    0.333333  0.666667  0.496398
  1  Yb    0.666667  0.333333  0.503602
  2  Br    0.325795  0.335944  0.56253
  3  Br    0.010148  0.674205  0.56253
  4  Br    0.664056  0.989852  0.56253
  5  Br    0.335944  0.010148  0.43747
  6  Br    0.989852  0.325795  0.43747
  7  Br    0.674205  0.664056  0.43747",JVASP-28139,0.032,90.5817,88.6579,11.7732,mp-685068,3.1968,Yb2 Br6
2.0369,1.8565,1.9356,41.64333333,"Full Formula (Ho2 Br2 O2)
Reduced Formula: HoBrO
abc   :   3.812156   4.139830  26.252246
angles:  90.000000  90.000000  90.000000
pbc   :       True       True       True
Sites (6)
  #  SP      a    b         c  velocities
---  ----  ---  ---  --------  ---------------
  0  Br    0.5  0    0.000525  [0.0, 0.0, 0.0]
  1  Br    0    0.5  0.237635  [0.0, 0.0, 0.0]
  2  Ho    0    0    0.079274  [0.0, 0.0, 0.0]
  3  Ho    0.5  0.5  0.158886  [0.0, 0.0, 0.0]
  4  O     0.5  0    0.127856  [0.0, 0.0, 0.0]
  5  O     0    0.5  0.110304  [0.0, 0.0, 0.0]",-3.019,"Full Formula (Ho2 Br2 O2)
Reduced Formula: HoBrO
abc   :   3.836031   4.164108  26.252246
angles:  90.000000  90.000000  90.000000
pbc   :       True       True       True
Sites (6)
  #  SP      a    b         c
---  ----  ---  ---  --------
  0  Br    0.5  0    0
  1  Br    0    0.5  0.23816
  2  Ho    0    0    0.079402
  3  Ho    0.5  0.5  0.158758
  4  O     0.5  0    0.127521
  5  O     0    0.5  0.110639",JVASP-60550,,,,,mp-752637,4.6183,Br2 Ho2 O2
2.492,2.492,2.1914,47.6405,"Full Formula (Ho2 I2 O2)
Reduced Formula: HoIO
abc   :   3.906237   3.906237  26.042386
angles:  90.000000  90.000000  90.000000
pbc   :       True       True       True
Sites (6)
  #  SP       a     b         c  velocities
---  ----  ----  ----  --------  ---------------
  0  Ho     0.5   0    0.457934  [0.0, 0.0, 0.0]
  1  Ho    -0     0.5  0.542066  [0.0, 0.0, 0.0]
  2  I     -0     0.5  0.385232  [0.0, 0.0, 0.0]
  3  I      0.5   0    0.614768  [0.0, 0.0, 0.0]
  4  O      0.5   0.5  0.5       [0.0, 0.0, 0.0]
  5  O      0    -0    0.5       [0.0, 0.0, 0.0]",-2.864,"Full Formula (Ho2 I2 O2)
Reduced Formula: HoIO
abc   :   3.931840   3.931840  26.042386
angles:  90.000000  90.000000  90.000000
pbc   :       True       True       True
Sites (6)
  #  SP      a    b         c
---  ----  ---  ---  --------
  0  Ho    0.5  0    0.458143
  1  Ho    0    0.5  0.541857
  2  I     0    0.5  0.383989
  3  I     0.5  0    0.616011
  4  O     0.5  0.5  0.5
  5  O     0    0    0.5",JVASP-28173,4.1403,2.2713,2.2712,2.0207,mp-753173,3.6602,Ho2 I2 O2
2.4736,2.4736,2.1831,47.64416667,"Full Formula (Y2 I2 O2)
Reduced Formula: YIO
abc   :   3.932411   3.932411  26.053808
angles:  90.000000  90.000000  90.000000
pbc   :       True       True       True
Sites (6)
  #  SP       a     b         c  velocities
---  ----  ----  ----  --------  ---------------
  0  I      0.5  -0    0.231262  [0.0, 0.0, 0.0]
  1  I     -0     0.5  0.001096  [0.0, 0.0, 0.0]
  2  O     -0     0    0.116179  [0.0, 0.0, 0.0]
  3  O      0.5   0.5  0.116179  [0.0, 0.0, 0.0]
  4  Y     -0     0.5  0.15833   [0.0, 0.0, 0.0]
  5  Y      0.5   0    0.074027  [0.0, 0.0, 0.0]",-2.875,"Full Formula (Y2 I2 O2)
Reduced Formula: YIO
abc   :   3.953166   3.953166  26.053808
angles:  90.000000  90.000000  90.000000
pbc   :       True       True       True
Sites (6)
  #  SP      a    b         c
---  ----  ---  ---  --------
  0  I     0.5  0    0.232358
  1  I     0    0.5  0
  2  O     0    0    0.116179
  3  O     0.5  0.5  0.116179
  4  Y     0    0.5  0.15826
  5  Y     0.5  0    0.074097",JVASP-60553,4.0195,2.2614,2.2617,2.0072,mp-753712,3.122,I2 O2 Y2
1.8531,1.7446,1.7661,40.04483333,"Full Formula (Tm2 Cl2 O2)
Reduced Formula: TmClO
abc   :   3.689112   4.111207  25.833586
angles:  90.000000  90.000000  90.000000
pbc   :       True       True       True
Sites (6)
  #  SP      a    b         c  velocities
---  ----  ---  ---  --------  ---------------
  0  Cl    0    0    0.225888  [0.0, 0.0, 0.0]
  1  Cl    0.5  0.5  0.999926  [0.0, 0.0, 0.0]
  2  O     0    0    0.102406  [0.0, 0.0, 0.0]
  3  O     0.5  0.5  0.123408  [0.0, 0.0, 0.0]
  4  Tm    0.5  0    0.153086  [0.0, 0.0, 0.0]
  5  Tm    0    0.5  0.072728  [0.0, 0.0, 0.0]",-3.229,"Full Formula (Tm2 Cl2 O2)
Reduced Formula: TmClO
abc   :   3.706843   4.154520  25.833586
angles:  90.000000  90.000000  90.000000
pbc   :       True       True       True
Sites (6)
  #  SP      a    b         c
---  ----  ---  ---  --------
  0  Cl    0    0    0.225814
  1  Cl    0.5  0.5  0
  2  O     0    0    0.102007
  3  O     0.5  0.5  0.123807
  4  Tm    0.5  0    0.152779
  5  Tm    0    0.5  0.073035",JVASP-60554,5.7776,1.8014,1.7074,1.7018,mp-754113,5.4043,Cl2 O2 Tm2
2.4541,2.4541,2.1991,35.8712,"Full Formula (Ti2 Sn2 O6)
Reduced Formula: TiSnO3
abc   :   5.115013   5.115014  24.414907
angles:  90.000000  90.000000 120.000005
pbc   :       True       True       True
Sites (10)
  #  SP            a         b         c  velocities
---  ----  ---------  --------  --------  ---------------
  0  Ti     0.333333  0.666667  0.498116  [0.0, 0.0, 0.0]
  1  Ti    -0         0         0.501885  [0.0, 0.0, 0.0]
  2  Sn     0.666667  0.333333  0.408959  [0.0, 0.0, 0.0]
  3  Sn     0.666667  0.333333  0.591041  [0.0, 0.0, 0.0]
  4  O      0.022927  0.689946  0.455856  [0.0, 0.0, 0.0]
  5  O      0.667018  0.977073  0.455856  [0.0, 0.0, 0.0]
  6  O      0.310054  0.332982  0.455856  [0.0, 0.0, 0.0]
  7  O      0.023279  0.333685  0.544145  [0.0, 0.0, 0.0]
  8  O      0.666315  0.689594  0.544145  [0.0, 0.0, 0.0]
  9  O      0.310406  0.976721  0.544145  [0.0, 0.0, 0.0]",-2.487,"Full Formula (Ti2 Sn2 O6)
Reduced Formula: TiSnO3
abc   :   5.141803   5.141803  24.414907
angles:  90.000000  90.000000 120.000005
pbc   :       True       True       True
Sites (10)
  #  SP           a         b         c
---  ----  --------  --------  --------
  0  Ti    0.333333  0.666667  0.498836
  1  Ti    0         0         0.501165
  2  Sn    0.666667  0.333333  0.409586
  3  Sn    0.666667  0.333333  0.590414
  4  O     0.025182  0.691466  0.455815
  5  O     0.666283  0.974818  0.455815
  6  O     0.308534  0.333717  0.455815
  7  O     0.024799  0.33295   0.544186
  8  O     0.66705   0.691849  0.544186
  9  O     0.308151  0.975201  0.544186",JVASP-28183,2.2632,2.3247,2.3245,2.0652,mp-754246,2.2673,Ti2 Sn2 O6
2.0281,1.8431,1.9251,41.32366667,"Full Formula (Tm2 Br2 O2)
Reduced Formula: TmBrO
abc   :   3.760786   4.102135  26.172939
angles:  90.000000  90.000000  90.000000
pbc   :       True       True       True
Sites (6)
  #  SP      a    b         c  velocities
---  ----  ---  ---  --------  ---------------
  0  Br    0    0.5  0.000431  [0.0, 0.0, 0.0]
  1  Br    0.5  0    0.235421  [0.0, 0.0, 0.0]
  2  O     0    0.5  0.126948  [0.0, 0.0, 0.0]
  3  O     0.5  0    0.108904  [0.0, 0.0, 0.0]
  4  Tm    0.5  0.5  0.07884   [0.0, 0.0, 0.0]
  5  Tm    0    0    0.157012  [0.0, 0.0, 0.0]",-3.049,"Full Formula (Tm2 Br2 O2)
Reduced Formula: TmBrO
abc   :   3.779335   4.143389  26.172939
angles:  90.000000  90.000000  90.000000
pbc   :       True       True       True
Sites (6)
  #  SP      a    b         c
---  ----  ---  ---  --------
  0  Br    0    0.5  0
  1  Br    0.5  0    0.235852
  2  O     0    0.5  0.12695
  3  O     0.5  0    0.108902
  4  Tm    0.5  0.5  0.078974
  5  Tm    0    0    0.156878",JVASP-60556,5.1769,1.8676,1.7235,1.7739,mp-754526,4.6893,Br2 O2 Tm2
2.2214,2.2214,2.1934,38.42216667,"Full Formula (Pr2 Br2 O2)
Reduced Formula: PrBrO
abc   :   4.045427   4.045427  26.964648
angles:  90.000000  90.000000 120.000000
pbc   :       True       True       True
Sites (6)
  #  SP            a         b         c  velocities
---  ----  ---------  --------  --------  ---------------
  0  Br     0.666666  0.333334  0.258227  [0.0, 0.0, 0.0]
  1  Br     0.666666  0.333334  6.1e-05   [0.0, 0.0, 0.0]
  2  O     -0         0         0.162191  [0.0, 0.0, 0.0]
  3  O      0.333334  0.666666  0.096096  [0.0, 0.0, 0.0]
  4  Pr    -0         0         0.073175  [0.0, 0.0, 0.0]
  5  Pr     0.333334  0.666666  0.185114  [0.0, 0.0, 0.0]",-2.936,"Full Formula (Pr2 Br2 O2)
Reduced Formula: PrBrO
abc   :   4.073964   4.073964  26.964648
angles:  90.000000  90.000000 119.999996
pbc   :       True       True       True
Sites (6)
  #  SP           a         b         c
---  ----  --------  --------  --------
  0  Br    0.666666  0.333334  0.258288
  1  Br    0.666666  0.333334  0
  2  O     0         0         0.162298
  3  O     0.333334  0.666666  0.095989
  4  Pr    0         0         0.073309
  5  Pr    0.333334  0.666666  0.18498",JVASP-60564,4.0403,2.1389,2.1402,2.0617,mp-756702,3.646,Br2 O2 Pr2
7.7423,7.7423,1.5847,39.90911111,"Full Formula (V1 C2 O6)
Reduced Formula: V(CO3)2
abc   :   4.775825   4.775825  22.222608
angles:  90.000000  90.000000 120.000003
pbc   :       True       True       True
Sites (9)
  #  SP            a          b         c  velocities
---  ----  ---------  ---------  --------  ---------------
  0  V      0.333333   0.666667  0.5       [0.0, 0.0, 0.0]
  1  C     -0         -0         0.548454  [0.0, 0.0, 0.0]
  2  C      0.666667   0.333333  0.451546  [0.0, 0.0, 0.0]
  3  O      0.70529    0.940171  0.549049  [0.0, 0.0, 0.0]
  4  O      0.431786   0.038623  0.450951  [0.0, 0.0, 0.0]
  5  O      0.606838   0.568214  0.450951  [0.0, 0.0, 0.0]
  6  O      0.059829   0.765119  0.549049  [0.0, 0.0, 0.0]
  7  O      0.234881   0.29471   0.549049  [0.0, 0.0, 0.0]
  8  O      0.961377   0.393162  0.450951  [0.0, 0.0, 0.0]",-1.579,"Full Formula (V1 C2 O6)
Reduced Formula: V(CO3)2
abc   :   4.853610   4.853610  22.222608
angles:  90.000000  90.000000 120.000003
pbc   :       True       True       True
Sites (9)
  #  SP           a         b         c
---  ----  --------  --------  --------
  0  V     0.333333  0.666667  0.5
  1  C     0         0         0.549113
  2  C     0.666667  0.333333  0.450887
  3  O     0.706089  0.930014  0.550008
  4  O     0.442742  0.039422  0.449992
  5  O     0.596681  0.557258  0.449992
  6  O     0.069986  0.776075  0.550008
  7  O     0.223925  0.293911  0.550008
  8  O     0.960578  0.403319  0.449992",JVASP-28199,,,,,mp-763352,0.0232,V1 C2 O6
16.6265,16.6265,2.0729,52.401,"Full Formula (Ti1 Co3 O8)
Reduced Formula: TiCo3O8
abc   :   5.713748   5.713748  21.908532
angles:  90.000000  90.000000 120.000001
pbc   :       True       True       True
Sites (12)
  #  SP           a         b         c  velocities
---  ----  --------  --------  --------  ---------------
  0  Ti    0.666667  0.333333  0.5       [0.0, 0.0, 0.0]
  1  Co    0.666667  0.833333  0.5       [0.0, 0.0, 0.0]
  2  Co    0.166667  0.833333  0.5       [0.0, 0.0, 0.0]
  3  Co    0.166667  0.333333  0.5       [0.0, 0.0, 0.0]
  4  O     0.839466  0.678932  0.544196  [0.0, 0.0, 0.0]
  5  O     0.839466  0.160534  0.544196  [0.0, 0.0, 0.0]
  6  O     0.321068  0.160534  0.544196  [0.0, 0.0, 0.0]
  7  O     0.012265  0.506132  0.455804  [0.0, 0.0, 0.0]
  8  O     0.493868  0.506132  0.455804  [0.0, 0.0, 0.0]
  9  O     0.493867  0.987735  0.455804  [0.0, 0.0, 0.0]
 10  O     0.333333  0.666667  0.541708  [0.0, 0.0, 0.0]
 11  O     0         0         0.458292  [0.0, 0.0, 0.0]",-1.396,"Full Formula (Ti1 Co3 O8)
Reduced Formula: TiCo3O8
abc   :   5.745834   5.745834  21.908532
angles:  90.000000  90.000000 120.000001
pbc   :       True       True       True
Sites (12)
  #  SP           a         b         c
---  ----  --------  --------  --------
  0  Ti    0.666667  0.333333  0.5
  1  Co    0.666667  0.833333  0.5
  2  Co    0.166667  0.833333  0.5
  3  Co    0.166667  0.333333  0.5
  4  O     0.839871  0.679742  0.543349
  5  O     0.839871  0.160129  0.543349
  6  O     0.320258  0.160129  0.543349
  7  O     0.013075  0.506537  0.456651
  8  O     0.493463  0.506537  0.456651
  9  O     0.493462  0.986925  0.456651
 10  O     0.333333  0.666667  0.543557
 11  O     0         0         0.456443",JVASP-28212,,,,,mp-765864,1.1701,Ti1 Co3 O8
2.1386,2.1386,1.9295,50.1665,"Full Formula (Y2 Br2 O2)
Reduced Formula: YBrO
abc   :   3.832978   3.832978  25.642212
angles:  90.000000  90.000000  90.000000
pbc   :       True       True       True
Sites (6)
  #  SP       a     b         c  velocities
---  ----  ----  ----  --------  ---------------
  0  Br     0.5  -0    0.219141  [0.0, 0.0, 0.0]
  1  Br    -0     0.5  0.000895  [0.0, 0.0, 0.0]
  2  O      0    -0    0.110018  [0.0, 0.0, 0.0]
  3  O      0.5   0.5  0.110018  [0.0, 0.0, 0.0]
  4  Y      0     0.5  0.15457   [0.0, 0.0, 0.0]
  5  Y      0.5  -0    0.065467  [0.0, 0.0, 0.0]",-3.087,"Full Formula (Y2 Br2 O2)
Reduced Formula: YBrO
abc   :   3.868339   3.868339  25.642212
angles:  90.000000  90.000000  90.000000
pbc   :       True       True       True
Sites (6)
  #  SP      a    b         c
---  ----  ---  ---  --------
  0  Br    0.5  0    0.220036
  1  Br    0    0.5  0
  2  O     0    0    0.110018
  3  O     0.5  0.5  0.110018
  4  Y     0    0.5  0.15441
  5  Y     0.5  0    0.065627",JVASP-60579,5.4948,1.9608,1.9609,1.7805,mp-768906,4.8031,Br2 O2 Y2
14.076,14.076,1.8447,43.058,"Full Formula (Fe1 C2 O6)
Reduced Formula: Fe(CO3)2
abc   :   4.577217   4.577218  22.326582
angles:  90.000000  90.000000 120.000006
pbc   :       True       True       True
Sites (9)
  #  SP           a          b         c  velocities
---  ----  --------  ---------  --------  ---------------
  0  Fe    0.333333   0.666667  0.5       [0.0, 0.0, 0.0]
  1  C     0         -0         0.547356  [0.0, 0.0, 0.0]
  2  C     0.666667   0.333333  0.452643  [0.0, 0.0, 0.0]
  3  O     0.702574   0.966209  0.548339  [0.0, 0.0, 0.0]
  4  O     0.403033   0.035908  0.451661  [0.0, 0.0, 0.0]
  5  O     0.632875   0.596967  0.451661  [0.0, 0.0, 0.0]
  6  O     0.033791   0.736367  0.548339  [0.0, 0.0, 0.0]
  7  O     0.263633   0.297426  0.548339  [0.0, 0.0, 0.0]
  8  O     0.964092   0.367125  0.451661  [0.0, 0.0, 0.0]",-1.179,"Full Formula (Fe1 C2 O6)
Reduced Formula: Fe(CO3)2
abc   :   4.777594   4.777594  22.326582
angles:  90.000000  90.000000 119.999999
pbc   :       True       True       True
Sites (9)
  #  SP           a         b         c
---  ----  --------  --------  --------
  0  Fe    0.333333  0.666667  0.5
  1  C     0         0         0.551723
  2  C     0.666667  0.333333  0.448276
  3  O     0.714483  0.964042  0.552103
  4  O     0.417108  0.047817  0.447897
  5  O     0.630708  0.582892  0.447897
  6  O     0.035958  0.750442  0.552103
  7  O     0.249558  0.285517  0.552103
  8  O     0.952183  0.369292  0.447897",JVASP-28223,,,,,mp-769642,1.6499,Fe1 C2 O6
2.0048,2.0047,1.9546,33.76083333,"Full Formula (Tm2 Cl2 O2)
Reduced Formula: TmClO
abc   :   3.724139   3.724058  26.277566
angles:  90.000000  90.000000 120.004194
pbc   :       True       True       True
Sites (6)
  #  SP            a          b          c  velocities
---  ----  ---------  ---------  ---------  ---------------
  0  Cl     1e-06      1e-06     -0.000194  [0.0, 0.0, 0.0]
  1  Cl    -1e-06     -1e-06      0.761312  [0.0, 0.0, 0.0]
  2  O      0.666672   0.333346   0.848691  [0.0, 0.0, 0.0]
  3  O      0.333328   0.666654   0.912405  [0.0, 0.0, 0.0]
  4  Tm     0.666679   0.333359   0.934213  [0.0, 0.0, 0.0]
  5  Tm     0.333321   0.666641   0.82689   [0.0, 0.0, 0.0]",-3.305,"Full Formula (Tm2 Cl2 O2)
Reduced Formula: TmClO
abc   :   3.755542   3.755541  26.277566
angles:  90.000000  90.000000 120.000006
pbc   :       True       True       True
Sites (6)
  #  SP           a         b         c
---  ----  --------  --------  --------
  0  Cl    0         0         0
  1  Cl    0         0         0.761105
  2  O     0.666666  0.333332  0.848495
  3  O     0.333334  0.666668  0.91261
  4  Tm    0.666666  0.333332  0.934324
  5  Tm    0.333334  0.666668  0.826782",JVASP-60585,5.2781,1.8972,1.8986,1.8652,mp-772295,4.6656,Cl2 O2 Tm2
2.489,2.489,2.1178,34.5908,"Full Formula (Ti2 Ge2 O6)
Reduced Formula: TiGeO3
abc   :   5.025952   5.025952  24.121626
angles:  90.000000  90.000000 120.000004
pbc   :       True       True       True
Sites (10)
  #  SP           a         b         c  velocities
---  ----  --------  --------  --------  ---------------
  0  Ti    0.666667  0.333333  0.504386  [0.0, 0.0, 0.0]
  1  Ti    0         0         0.495614  [0.0, 0.0, 0.0]
  2  Ge    0.333333  0.666667  0.58559   [0.0, 0.0, 0.0]
  3  Ge    0.333333  0.666667  0.41441   [0.0, 0.0, 0.0]
  4  O     0.992356  0.667766  0.544439  [0.0, 0.0, 0.0]
  5  O     0.675412  0.007644  0.544439  [0.0, 0.0, 0.0]
  6  O     0.332234  0.324588  0.544439  [0.0, 0.0, 0.0]
  7  O     0.334433  0.008745  0.455561  [0.0, 0.0, 0.0]
  8  O     0.991255  0.325689  0.455561  [0.0, 0.0, 0.0]
  9  O     0.674311  0.665567  0.455561  [0.0, 0.0, 0.0]",-2.413,"Full Formula (Ti2 Ge2 O6)
Reduced Formula: TiGeO3
abc   :   5.045017   5.045017  24.121626
angles:  90.000000  90.000000 120.000004
pbc   :       True       True       True
Sites (10)
  #  SP           a         b         c
---  ----  --------  --------  --------
  0  Ti    0.666667  0.333333  0.503321
  1  Ti    0         0         0.496679
  2  Ge    0.333333  0.666667  0.585434
  3  Ge    0.333333  0.666667  0.414566
  4  O     0.990341  0.666282  0.544719
  5  O     0.675942  0.009659  0.544719
  6  O     0.333718  0.324058  0.544719
  7  O     0.332949  0.009275  0.455281
  8  O     0.990725  0.323674  0.455281
  9  O     0.676326  0.667051  0.455281",JVASP-28250,1.9108,2.3437,2.3445,2.0002,mp-780260,1.8842,Ti2 Ge2 O6
15.7539,15.7604,2.193,62.87266667,"Full Formula (Co1 O2)
Reduced Formula: CoO2
abc   :   2.816735   2.816824  21.895317
angles:  88.455558  89.319042  60.001072
pbc   :       True       True       True
Sites (3)
  #  SP           a         b         c  velocities
---  ----  --------  --------  --------  ---------------
  0  Co    0.009229  0.951619  0.043114  [0.0, 0.0, 0.0]
  1  O     0.341844  0.294252  0.000408  [0.0, 0.0, 0.0]
  2  O     0.676611  0.608981  0.085811  [0.0, 0.0, 0.0]",-0.925,"Full Formula (Co1 O2)
Reduced Formula: CoO2
abc   :   2.827183   2.836159  21.895317
angles:  88.466089  89.321559  60.148206
pbc   :       True       True       True
Sites (3)
  #  SP           a         b         c
---  ----  --------  --------  --------
  0  Co    0.00934   0.951316  0.043099
  1  O     0.343136  0.27761   0
  2  O     0.675208  0.625926  0.086234",JVASP-60599,,,,,mp-849598,1.4102,Co1 O2
1.6353,1.6372,1.5761,38.1091875,"Full Formula (Ga2 H2 O4)
Reduced Formula: GaHO2
abc   :   3.040352   3.823280  25.152066
angles:  90.000000  90.000000  90.000000
pbc   :       True       True       True
Sites (8)
  #  SP      a          b         c  velocities
---  ----  ---  ---------  --------  ---------------
  0  Ga    0.5   0.26343   0.463435  [0.0, 0.0, 0.0]
  1  Ga    0     0.76343   0.536565  [0.0, 0.0, 0.0]
  2  H     0     0.480015  0.391184  [0.0, 0.0, 0.0]
  3  H     0.5  -0.019985  0.608816  [0.0, 0.0, 0.0]
  4  O     0     0.263605  0.411909  [0.0, 0.0, 0.0]
  5  O     0     0.265933  0.519951  [0.0, 0.0, 0.0]
  6  O     0.5   0.765933  0.480049  [0.0, 0.0, 0.0]
  7  O     0.5   0.763605  0.588091  [0.0, 0.0, 0.0]",-1.544,"Full Formula (Ga2 H2 O4)
Reduced Formula: GaHO2
abc   :   3.054940   3.821705  25.152066
angles:  90.000000  90.000000  90.000000
pbc   :       True       True       True
Sites (8)
  #  SP      a         b         c
---  ----  ---  --------  --------
  0  Ga    0.5  0.248068  0.463304
  1  Ga    0    0.748068  0.536696
  2  H     0    0.506278  0.397582
  3  H     0.5  0.006278  0.602418
  4  O     0    0.268282  0.411957
  5  O     0    0.250354  0.520095
  6  O     0.5  0.750354  0.479905
  7  O     0.5  0.768282  0.588043",JVASP-28262,3.9218,1.58,1.5755,1.5188,mp-867675,3.2496,Ga2 H2 O4
3.3569,3.6496,2.3821,173.80375,"Full Formula (Bi4 S8)
Reduced Formula: BiS2
abc   :  14.969232   4.084716  23.025916
angles:  90.000000  95.965780  90.000000
pbc   :       True       True       True
Sites (12)
  #  SP           a     b         c  velocities
---  ----  --------  ----  --------  ---------------
  0  Bi    0.639837   0    0.479213  [0.0, 0.0, 0.0]
  1  Bi    0.860163   0.5  0.520787  [0.0, 0.0, 0.0]
  2  Bi    0.360163   0    0.520787  [0.0, 0.0, 0.0]
  3  Bi    0.139837   0.5  0.479213  [0.0, 0.0, 0.0]
  4  S     0.760968  -0    0.568599  [0.0, 0.0, 0.0]
  5  S     0.739032   0.5  0.431401  [0.0, 0.0, 0.0]
  6  S     0.547016   0.5  0.537724  [0.0, 0.0, 0.0]
  7  S     0.452984   0.5  0.462276  [0.0, 0.0, 0.0]
  8  S     0.952984   0    0.462276  [0.0, 0.0, 0.0]
  9  S     0.260968   0.5  0.568599  [0.0, 0.0, 0.0]
 10  S     0.239032   0    0.431401  [0.0, 0.0, 0.0]
 11  S     0.047016  -0    0.537724  [0.0, 0.0, 0.0]",-0.193,"Full Formula (Bi4 S8)
Reduced Formula: BiS2
abc   :  15.951235   4.082372  23.025916
angles:  90.000000  95.597297  90.000000
pbc   :       True       True       True
Sites (12)
  #  SP           a    b         c
---  ----  --------  ---  --------
  0  Bi    0.651276  0    0.459486
  1  Bi    0.848724  0.5  0.540514
  2  Bi    0.348724  0    0.540514
  3  Bi    0.151276  0.5  0.459486
  4  S     0.736023  0    0.563626
  5  S     0.763977  0.5  0.436374
  6  S     0.560962  0.5  0.52039
  7  S     0.439038  0.5  0.47961
  8  S     0.939038  0    0.47961
  9  S     0.236023  0.5  0.563626
 10  S     0.263977  0    0.436374
 11  S     0.060962  0    0.52039",JVASP-28270,1.748,2.7822,3.1154,2.0287,mp-971673,1.4482,Bi4 S8
2.5019,2.5019,2.1827,47.00216667,"Full Formula (Lu2 I2 O2)
Reduced Formula: LuIO
abc   :   3.838156   3.838156  25.963298
angles:  90.000000  90.000000  90.000000
pbc   :       True       True       True
Sites (6)
  #  SP       a     b         c  velocities
---  ----  ----  ----  --------  ---------------
  0  I      0     0.5  0.076782  [0.0, 0.0, 0.0]
  1  I      0.5   0    0.304304  [0.0, 0.0, 0.0]
  2  Lu     0     0.5  0.231261  [0.0, 0.0, 0.0]
  3  Lu     0.5  -0    0.149825  [0.0, 0.0, 0.0]
  4  O      0.5   0.5  0.190543  [0.0, 0.0, 0.0]
  5  O     -0    -0    0.190543  [0.0, 0.0, 0.0]",-2.86,"Full Formula (Lu2 I2 O2)
Reduced Formula: LuIO
abc   :   3.860167   3.860167  25.963298
angles:  90.000000  90.000000  90.000000
pbc   :       True       True       True
Sites (6)
  #  SP      a    b         c
---  ----  ---  ---  --------
  0  I     0    0.5  0.075702
  1  I     0.5  0    0.305384
  2  Lu    0    0.5  0.231149
  3  Lu    0.5  0    0.149937
  4  O     0.5  0.5  0.190543
  5  O     0    0    0.190543",JVASP-60609,3.915,2.3194,2.3194,2.0469,mp-973585,1.9654,I2 Lu2 O2
2.1456,2.1456,1.9268,46.78016667,"Full Formula (Lu2 Br2 O2)
Reduced Formula: LuBrO
abc   :   3.734239   3.734239  25.518759
angles:  90.000000  90.000000  90.000000
pbc   :       True       True       True
Sites (6)
  #  SP      a     b          c  velocities
---  ----  ---  ----  ---------  ---------------
  0  Br    0     0.5  -7.4e-05   [0.0, 0.0, 0.0]
  1  Br    0.5   0     0.216337  [0.0, 0.0, 0.0]
  2  Lu    0.5  -0     0.064927  [0.0, 0.0, 0.0]
  3  Lu    0     0.5   0.151336  [0.0, 0.0, 0.0]
  4  O     0.5   0.5   0.108131  [0.0, 0.0, 0.0]
  5  O     0     0     0.108131  [0.0, 0.0, 0.0]",-3.086,"Full Formula (Lu2 Br2 O2)
Reduced Formula: LuBrO
abc   :   3.750091   3.750091  25.518759
angles:  90.000000  90.000000  90.000000
pbc   :       True       True       True
Sites (6)
  #  SP      a    b         c
---  ----  ---  ---  --------
  0  Br    0    0.5  0
  1  Br    0.5  0    0.216263
  2  Lu    0.5  0    0.064921
  3  Lu    0    0.5  0.151342
  4  O     0.5  0.5  0.108131
  5  O     0    0    0.108131",JVASP-60610,,,,,mp-973981,4.5924,Br2 Lu2 O2
1.514,1.514,1.0927,44.02754545,"Full Formula (B2 C3 N6)
Reduced Formula: B2(CN2)3
abc   :   8.470305   8.470304  20.516403
angles:  90.000000  90.000000 119.999999
pbc   :       True       True       True
Sites (11)
  #  SP            a          b         c  velocities
---  ----  ---------  ---------  --------  ---------------
  0  B      0.333333   0.666667  0.500017  [0.0, 0.0, 0.0]
  1  B     -0         -0         0.499983  [0.0, 0.0, 0.0]
  2  C      0.241449   0.333333  0.5       [0.0, 0.0, 0.0]
  3  C      0.666667   0.908116  0.5       [0.0, 0.0, 0.0]
  4  C      0.091884   0.758551  0.5       [0.0, 0.0, 0.0]
  5  N      0.334649   0.498434  0.500021  [0.0, 0.0, 0.0]
  6  N      0.501566   0.836216  0.500021  [0.0, 0.0, 0.0]
  7  N      0.163784   0.665351  0.500021  [0.0, 0.0, 0.0]
  8  N      0.169549   0.168233  0.499979  [0.0, 0.0, 0.0]
  9  N     -0.001316   0.830451  0.499979  [0.0, 0.0, 0.0]
 10  N      0.831767   0.001316  0.499979  [0.0, 0.0, 0.0]",-0.101,"Full Formula (B2 C3 N6)
Reduced Formula: B2(CN2)3
abc   :   8.130179   8.130178  20.516403
angles:  90.000000  90.000000 119.999999
pbc   :       True       True       True
Sites (11)
  #  SP           a         b         c
---  ----  --------  --------  --------
  0  B     0.333333  0.666667  0.512585
  1  B     0         0         0.487415
  2  C     0.258237  0.333333  0.5
  3  C     0.666667  0.924904  0.5
  4  C     0.075096  0.741763  0.5
  5  N     0.354972  0.502229  0.51239
  6  N     0.497771  0.852744  0.51239
  7  N     0.147256  0.645028  0.51239
  8  N     0.186077  0.164438  0.48761
  9  N     0.978361  0.813923  0.48761
 10  N     0.835562  0.021639  0.48761",JVASP-28277,2.0504,1.6934,1.6932,1.1002,mp-989460,2.526,B2 C3 N6
2.2985,2.5545,2.0594,107.7915,"Full Formula (Ag2 Bi2 O4)
Reduced Formula: AgBiO2
abc   :   6.700300   3.521826  23.918971
angles:  90.000000  95.900053  90.000000
pbc   :       True       True       True
Sites (8)
  #  SP           a     b         c  velocities
---  ----  --------  ----  --------  ---------------
  0  Ag    0.42295   0.75  0.452693  [0.0, 0.0, 0.0]
  1  Ag    0.57705   0.25  0.547307  [0.0, 0.0, 0.0]
  2  Bi    0.909295  0.25  0.434075  [0.0, 0.0, 0.0]
  3  Bi    0.090705  0.75  0.565925  [0.0, 0.0, 0.0]
  4  O     0.701225  0.75  0.423101  [0.0, 0.0, 0.0]
  5  O     0.133067  0.75  0.477048  [0.0, 0.0, 0.0]
  6  O     0.298775  0.25  0.576899  [0.0, 0.0, 0.0]
  7  O     0.866933  0.25  0.522952  [0.0, 0.0, 0.0]",-0.803,"Full Formula (Ag2 Bi2 O4)
Reduced Formula: AgBiO2
abc   :   6.720941   3.603070  23.918971
angles:  90.000000  95.881869  90.000000
pbc   :       True       True       True
Sites (8)
  #  SP           a     b         c
---  ----  --------  ----  --------
  0  Ag    0.42844   0.75  0.452476
  1  Ag    0.57156   0.25  0.547524
  2  Bi    0.91698   0.25  0.4339
  3  Bi    0.08302   0.75  0.5661
  4  O     0.70671   0.75  0.420291
  5  O     0.137585  0.75  0.477045
  6  O     0.29329   0.25  0.579709
  7  O     0.862415  0.25  0.522955",JVASP-28280,2.4596,2.0944,2.2991,1.8856,mp-996969,2.0585,Ag2 Bi2 O4
2.2998,2.3222,2.1575,85.57628333,"Full Formula (Ca1 Pb1 I4)
Reduced Formula: CaPbI4
abc   :   4.512732   7.897587  23.662185
angles:  89.995894  89.687513  89.998237
pbc   :       True       True       True
Sites (6)
  #  SP            a         b         c  velocities
---  ----  ---------  --------  --------  ---------------
  0  Ca     0.498534  0.502201  0.077845  [0.0, 0.0, 0.0]
  1  Pb    -0.00131   0.002205  0.077866  [0.0, 0.0, 0.0]
  2  I      0.496323  0.181237  0.156257  [0.0, 0.0, 0.0]
  3  I      0.996359  0.660207  0.153746  [0.0, 0.0, 0.0]
  4  I      0.500826  0.823169  0.999449  [0.0, 0.0, 0.0]
  5  I      0.000735  0.344167  0.001939  [0.0, 0.0, 0.0]",-1.103,"Full Formula (Ca1 Pb1 I4)
Reduced Formula: CaPbI4
abc   :   4.496198   7.867096  23.662185
angles:  89.995878  89.686364  89.972628
pbc   :       True       True       True
Sites (6)
  #  SP           a         b         c
---  ----  --------  --------  --------
  0  Ca    0.497346  0.502408  0.078419
  1  Pb    0.000752  0.001746  0.077211
  2  I     0.497632  0.179495  0.156528
  3  I     0.995481  0.661914  0.154657
  4  I     0.501038  0.822132  0.998583
  5  I     0.999218  0.345491  0.001705",JVASP-60552,3.4295,2.2078,2.2161,2.0433,mp-753670,2.217,Ca1 Pb1 I4
20.598,7.496,7.0087,71.99128571,"Full Formula (Pr6 Os2 I6)
Reduced Formula: Pr3OsI3
abc   :   4.345200   9.221416  29.727439
angles:  93.155206  90.000000  90.000000
pbc   :       True       True       True
Sites (14)
  #  SP       a         b         c  velocities
---  ----  ----  --------  --------  ---------------
  0  Pr    0.75  0.883594  0.022661  [0.0, 0.0, 0.0]
  1  Pr    0.25  0.099065  0.115308  [0.0, 0.0, 0.0]
  2  Pr    0.25  0.686808  0.113482  [0.0, 0.0, 0.0]
  3  Pr    0.75  0.900935  0.211913  [0.0, 0.0, 0.0]
  4  Pr    0.75  0.313192  0.213739  [0.0, 0.0, 0.0]
  5  Pr    0.25  0.116406  0.30456   [0.0, 0.0, 0.0]
  6  Os    0.75  0.88923   0.112717  [0.0, 0.0, 0.0]
  7  Os    0.25  0.11077   0.214503  [0.0, 0.0, 0.0]
  8  I     0.75  0.395028  0.105629  [0.0, 0.0, 0.0]
  9  I     0.25  0.604972  0.221592  [0.0, 0.0, 0.0]
 10  I     0.25  0.627626  0.002559  [0.0, 0.0, 0.0]
 11  I     0.25  0.130774  0.00054   [0.0, 0.0, 0.0]
 12  I     0.75  0.869226  0.326681  [0.0, 0.0, 0.0]
 13  I     0.75  0.372374  0.324662  [0.0, 0.0, 0.0]",-0.954,"Full Formula (Pr6 Os2 I6)
Reduced Formula: Pr3OsI3
abc   :   4.352590   9.237922  29.727439
angles:  93.149562  90.000000  90.000000
pbc   :       True       True       True
Sites (14)
  #  SP       a         b         c
---  ----  ----  --------  --------
  0  Pr    0.75  0.885671  0.022497
  1  Pr    0.25  0.099179  0.115649
  2  Pr    0.25  0.686798  0.112734
  3  Pr    0.75  0.900821  0.211572
  4  Pr    0.75  0.313202  0.214487
  5  Pr    0.25  0.114329  0.304724
  6  Os    0.75  0.88939   0.112644
  7  Os    0.25  0.11061   0.214576
  8  I     0.75  0.395499  0.106458
  9  I     0.25  0.604501  0.220763
 10  I     0.25  0.631746  0.001889
 11  I     0.25  0.131336  0.000336
 12  I     0.75  0.868664  0.326885
 13  I     0.75  0.368254  0.325332",JVASP-60473,0.0217,18.8046,6.9437,6.5114,mp-570779,0.0042,Pr6 Os2 I6
,,,57.21670833,"Full Formula (B4 Cl8)
Reduced Formula: BCl2
abc   :   6.237972   7.549317  28.779838
angles:  90.000000  90.000000  90.000000
pbc   :       True       True       True
Sites (12)
  #  SP           a         b         c  velocities
---  ----  --------  --------  --------  ---------------
  0  B     0.615355  0.944143  0.215901  [0.0, 0.0, 0.0]
  1  B     0.884645  0.444143  0.215901  [0.0, 0.0, 0.0]
  2  B     0.115355  0.555857  0.228154  [0.0, 0.0, 0.0]
  3  B     0.384645  0.055857  0.228154  [0.0, 0.0, 0.0]
  4  Cl    0.767619  0.452011  0.160948  [0.0, 0.0, 0.0]
  5  Cl    0.732381  0.952011  0.160948  [0.0, 0.0, 0.0]
  6  Cl    0.257784  0.181354  0.184547  [0.0, 0.0, 0.0]
  7  Cl    0.242216  0.681354  0.184547  [0.0, 0.0, 0.0]
  8  Cl    0.757784  0.318646  0.259508  [0.0, 0.0, 0.0]
  9  Cl    0.742216  0.818646  0.259508  [0.0, 0.0, 0.0]
 10  Cl    0.232381  0.547989  0.283108  [0.0, 0.0, 0.0]
 11  Cl    0.267619  0.047989  0.283108  [0.0, 0.0, 0.0]",-0.701,"Full Formula (B4 Cl8)
Reduced Formula: BCl2
abc   :   6.710181   8.455732  28.779838
angles:  90.000000  90.000000  90.000000
pbc   :       True       True       True
Sites (12)
  #  SP           a         b         c
---  ----  --------  --------  --------
  0  B     0.605842  0.946726  0.215854
  1  B     0.894158  0.446726  0.215854
  2  B     0.105842  0.553274  0.228201
  3  B     0.394158  0.053274  0.228201
  4  Cl    0.787491  0.45053   0.160573
  5  Cl    0.712509  0.95053   0.160573
  6  Cl    0.279518  0.167726  0.184993
  7  Cl    0.220482  0.667726  0.184993
  8  Cl    0.779518  0.332274  0.259062
  9  Cl    0.720482  0.832274  0.259062
 10  Cl    0.212509  0.54947   0.283483
 11  Cl    0.287491  0.04947   0.283483",JVASP-6898,,,,,mp-23316,,B4 Cl8
1.5197,1.5197,1.4706,154.1076429,"Full Formula (Ge3 Sb2 O9)
Reduced Formula: Ge3Sb2O9
abc   :   7.210958   7.210958  25.093035
angles:  90.000000  90.000000 119.999997
pbc   :       True       True       True
Sites (14)
  #  SP           a         b         c  velocities
---  ----  --------  --------  --------  ---------------
  0  Ge    0.21646   0.934464  0.898517  [0.0, 0.0, 0.0]
  1  Ge    0.718005  0.783539  0.898517  [0.0, 0.0, 0.0]
  2  Ge    0.065535  0.281994  0.898517  [0.0, 0.0, 0.0]
  3  Sb    0.333333  0.666666  0.995475  [0.0, 0.0, 0.0]
  4  Sb    0.333333  0.666666  0.801559  [0.0, 0.0, 0.0]
  5  O     0.335594  0.90648   0.957244  [0.0, 0.0, 0.0]
  6  O     0.335594  0.90648   0.83979   [0.0, 0.0, 0.0]
  7  O     0.93848   0.739408  0.898517  [0.0, 0.0, 0.0]
  8  O     0.260591  0.199071  0.898517  [0.0, 0.0, 0.0]
  9  O     0.570887  0.664405  0.957244  [0.0, 0.0, 0.0]
 10  O     0.093519  0.429112  0.957244  [0.0, 0.0, 0.0]
 11  O     0.093519  0.429112  0.83979   [0.0, 0.0, 0.0]
 12  O     0.570887  0.664405  0.83979   [0.0, 0.0, 0.0]
 13  O     0.800928  0.061519  0.898517  [0.0, 0.0, 0.0]",-1.458,"Full Formula (Ge3 Sb2 O9)
Reduced Formula: Ge3Sb2O9
abc   :   7.233773   7.233773  25.093035
angles:  90.000000  90.000000 119.999997
pbc   :       True       True       True
Sites (14)
  #  SP           a         b         c
---  ----  --------  --------  --------
  0  Ge    0.214096  0.93226   0.898517
  1  Ge    0.718165  0.785903  0.898517
  2  Ge    0.067739  0.281834  0.898517
  3  Sb    0.333333  0.666666  0.995584
  4  Sb    0.333333  0.666666  0.80145
  5  O     0.332104  0.903817  0.957287
  6  O     0.332104  0.903817  0.839747
  7  O     0.936556  0.739442  0.898517
  8  O     0.260557  0.197113  0.898517
  9  O     0.571714  0.667895  0.957287
 10  O     0.096182  0.428285  0.957287
 11  O     0.096182  0.428285  0.839747
 12  O     0.571714  0.667895  0.839747
 13  O     0.802886  0.063443  0.898517",JVASP-60241,4.83,1.4083,1.4087,1.352,mp-17708,3.9863,Ge3 Sb2 O9
70.8892,67.562,17.9332,59.609875,"Full Formula (U2 Te6)
Reduced Formula: UTe3
abc   :   4.476480   4.363591  28.821097
angles:  90.000000  90.000000  90.001642
pbc   :       True       True       True
Sites (8)
  #  SP            a          b         c  velocities
---  ----  ---------  ---------  --------  ---------------
  0  U      1e-06     -0.000941  0.225398  [0.0, 0.0, 0.0]
  1  U      0.500001   0.499169  0.080664  [0.0, 0.0, 0.0]
  2  Te     0.499998   0.49965   0.192955  [0.0, 0.0, 0.0]
  3  Te     1e-06      0.500108  0.306574  [0.0, 0.0, 0.0]
  4  Te     0.499991   0.00094   0.305959  [0.0, 0.0, 0.0]
  5  Te     5e-06     -0.00025   0.113108  [0.0, 0.0, 0.0]
  6  Te     0.500005   0.000242  0.999491  [0.0, 0.0, 0.0]
  7  Te    -1e-06      0.501083  0.000105  [0.0, 0.0, 0.0]",-0.481,"Full Formula (U2 Te6)
Reduced Formula: UTe3
abc   :   4.440928   4.399284  28.821097
angles:  90.000000  90.000000  90.000000
pbc   :       True       True       True
Sites (8)
  #  SP      a    b         c
---  ----  ---  ---  --------
  0  U     0    0    0.225577
  1  U     0.5  0.5  0.080487
  2  Te    0.5  0.5  0.192635
  3  Te    0    0.5  0.306682
  4  Te    0.5  0    0.307205
  5  Te    0    0    0.113429
  6  Te    0.5  0    0.999381
  7  Te    0    0.5  0.998858",JVASP-60253,0.0007,1004.5446,2974.2248,655.6117,mp-22231,0.0001,U2 Te6
6.6874,6.6874,3.7882,34.81083333,"Full Formula (Sc2 H2 Cl2)
Reduced Formula: ScHCl
abc   :   3.487249   3.487249  27.723597
angles:  90.000000  90.000000 120.000007
pbc   :       True       True       True
Sites (6)
  #  SP            a          b         c  velocities
---  ----  ---------  ---------  --------  ---------------
  0  Sc    -0          0         0.120967  [0.0, 0.0, 0.0]
  1  Sc     0.666667   0.333333  0.212366  [0.0, 0.0, 0.0]
  2  H      0.666667   0.333333  0.139996  [0.0, 0.0, 0.0]
  3  H     -0         -0         0.193337  [0.0, 0.0, 0.0]
  4  Cl     0.333333   0.666667  0.062776  [0.0, 0.0, 0.0]
  5  Cl     0.333333   0.666667  0.270558  [0.0, 0.0, 0.0]",-1.414,"Full Formula (Sc2 H2 Cl2)
Reduced Formula: ScHCl
abc   :   3.510121   3.510121  27.723597
angles:  90.000000  90.000000 120.000007
pbc   :       True       True       True
Sites (6)
  #  SP           a         b         c
---  ----  --------  --------  --------
  0  Sc    0         0         0.121341
  1  Sc    0.666667  0.333333  0.211992
  2  H     0.666667  0.333333  0.139702
  3  H     0         0         0.193631
  4  Cl    0.333333  0.666667  0.063089
  5  Cl    0.333333  0.666667  0.270245",JVASP-13588,,,,,mp-24081,0.0438,Sc2 H2 Cl2
4.352,4.352,2.5501,100.4986364,"Full Formula (Nb3 I8)
Reduced Formula: Nb3I8
abc   :   7.652973   7.652971  25.913248
angles:  90.000000  90.000000 119.999954
pbc   :       True       True       True
Sites (11)
  #  SP           a         b         c  velocities
---  ----  --------  --------  --------  ---------------
  0  Nb    0.464398  0.535603  0.143045  [0.0, 0.0, 0.0]
  1  Nb    0.464398  0.928795  0.143046  [0.0, 0.0, 0.0]
  2  Nb    0.071205  0.535602  0.143045  [0.0, 0.0, 0.0]
  3  I     0.333335  0.666666  0.059284  [0.0, 0.0, 0.0]
  4  I     0.327593  0.163797  0.083645  [0.0, 0.0, 0.0]
  5  I     0.836203  0.672407  0.083645  [0.0, 0.0, 0.0]
  6  I     0.836202  0.163798  0.083644  [0.0, 0.0, 0.0]
  7  I     0.666667  0.333334  0.199986  [0.0, 0.0, 0.0]
  8  I     0.66633   0.833166  0.217172  [0.0, 0.0, 0.0]
  9  I     0.166834  0.33367   0.217171  [0.0, 0.0, 0.0]
 10  I     0.166834  0.833165  0.21717   [0.0, 0.0, 0.0]",-0.45,"Full Formula (Nb3 I8)
Reduced Formula: Nb3I8
abc   :   7.698856   7.698856  25.913248
angles:  90.000000  90.000000 120.000000
pbc   :       True       True       True
Sites (11)
  #  SP           a         b         c
---  ----  --------  --------  --------
  0  Nb    0.464027  0.535973  0.143198
  1  Nb    0.464027  0.928054  0.143198
  2  Nb    0.071946  0.535973  0.143198
  3  I     0.333333  0.666667  0.060389
  4  I     0.328421  0.164211  0.083872
  5  I     0.835789  0.671579  0.083872
  6  I     0.835789  0.164211  0.083872
  7  I     0.666667  0.333333  0.19897
  8  I     0.663798  0.831899  0.216761
  9  I     0.168101  0.336202  0.216761
 10  I     0.168101  0.831899  0.216761",JVASP-31357,,,,,mp-27772,0.6524,Nb3 I8
23.6564,18.6196,4.5643,76.4926875,"Full Formula (Ta4 Co4 Te8)
Reduced Formula: TaCoTe2
abc   :   6.328102   7.764264  24.664464
angles:  92.572910  90.000000  90.000000
pbc   :       True       True       True
Sites (16)
  #  SP           a         b         c  velocities
---  ----  --------  --------  --------  ---------------
  0  Ta    0.977944  0.302503  0.08988   [0.0, 0.0, 0.0]
  1  Ta    0.022056  0.697497  0.099237  [0.0, 0.0, 0.0]
  2  Ta    0.522056  0.802503  0.08988   [0.0, 0.0, 0.0]
  3  Ta    0.477944  0.197497  0.099237  [0.0, 0.0, 0.0]
  4  Co    0.150499  0.007401  0.063606  [0.0, 0.0, 0.0]
  5  Co    0.849501  0.992599  0.125511  [0.0, 0.0, 0.0]
  6  Co    0.349501  0.507401  0.063606  [0.0, 0.0, 0.0]
  7  Co    0.650499  0.492599  0.125511  [0.0, 0.0, 0.0]
  8  Te    0.745922  0.531567  0.023864  [0.0, 0.0, 0.0]
  9  Te    0.245922  0.968433  0.165252  [0.0, 0.0, 0.0]
 10  Te    0.254078  0.468433  0.165252  [0.0, 0.0, 0.0]
 11  Te    0.249713  0.751703  0.99991   [0.0, 0.0, 0.0]
 12  Te    0.749713  0.748297  0.189207  [0.0, 0.0, 0.0]
 13  Te    0.754078  0.031567  0.023864  [0.0, 0.0, 0.0]
 14  Te    0.750287  0.248297  0.189207  [0.0, 0.0, 0.0]
 15  Te    0.250287  0.251703  0.99991   [0.0, 0.0, 0.0]",-0.221,"Full Formula (Ta4 Co4 Te8)
Reduced Formula: TaCoTe2
abc   :   6.342602   7.745150  24.664464
angles:  92.579264  90.000000  90.000000
pbc   :       True       True       True
Sites (16)
  #  SP           a         b         c
---  ----  --------  --------  --------
  0  Ta    0.978796  0.301895  0.090211
  1  Ta    0.021204  0.698105  0.098906
  2  Ta    0.521204  0.801895  0.090211
  3  Ta    0.478796  0.198105  0.098906
  4  Co    0.150717  0.00845   0.063653
  5  Co    0.849283  0.99155   0.125464
  6  Co    0.349283  0.50845   0.063653
  7  Co    0.650717  0.49155   0.125464
  8  Te    0.745964  0.530983  0.023896
  9  Te    0.245964  0.969017  0.16522
 10  Te    0.254036  0.469017  0.16522
 11  Te    0.250272  0.751662  0.999771
 12  Te    0.750272  0.748338  0.189346
 13  Te    0.754036  0.030983  0.023896
 14  Te    0.749728  0.248338  0.189346
 15  Te    0.249728  0.251662  0.999771",JVASP-60317,,,,,mp-28846,0.0128,Ta4 Co4 Te8
3.0474,3.0474,1.7594,26.42654545,"Full Formula (Co1 Cl2 O8)
Reduced Formula: Co(ClO4)2
abc   :   4.771842   4.771842  26.356208
angles:  90.000000  90.000000 120.000000
pbc   :       True       True       True
Sites (11)
  #  SP            a          b         c  velocities
---  ----  ---------  ---------  --------  ---------------
  0  Co     0.666667   0.333333  0.5       [0.0, 0.0, 0.0]
  1  Cl     0.333333   0.666667  0.566875  [0.0, 0.0, 0.0]
  2  Cl    -0         -0         0.433125  [0.0, 0.0, 0.0]
  3  O      0.616628   0.962531  0.546969  [0.0, 0.0, 0.0]
  4  O      0.345901   0.383372  0.546969  [0.0, 0.0, 0.0]
  5  O      0.037469   0.654099  0.546969  [0.0, 0.0, 0.0]
  6  O      0.295864   0.012568  0.453032  [0.0, 0.0, 0.0]
  7  O      0.716705   0.704136  0.453032  [0.0, 0.0, 0.0]
  8  O      0.987432   0.283295  0.453032  [0.0, 0.0, 0.0]
  9  O      0.333333   0.666667  0.620472  [0.0, 0.0, 0.0]
 10  O     -0          0         0.379528  [0.0, 0.0, 0.0]",0.082,"Full Formula (Co1 Cl2 O8)
Reduced Formula: Co(ClO4)2
abc   :   4.910237   4.910237  26.356208
angles:  90.000000  90.000000 120.000005
pbc   :       True       True       True
Sites (11)
  #  SP           a         b         c
---  ----  --------  --------  --------
  0  Co    0.666667  0.333333  0.5
  1  Cl    0.333333  0.666667  0.566796
  2  Cl    0         0         0.433204
  3  O     0.603375  0.959671  0.547082
  4  O     0.356296  0.396625  0.547082
  5  O     0.040329  0.643704  0.547082
  6  O     0.293004  0.022963  0.452919
  7  O     0.729958  0.706996  0.452919
  8  O     0.977037  0.270042  0.452919
  9  O     0.333333  0.666667  0.620583
 10  O     0         0         0.379417",JVASP-27971,,,,,mp-31621,3.3695,Co1 Cl2 O8
2.246,2.246,2.012,43.57428571,"Full Formula (Ca2 Cu1 Br2 O2)
Reduced Formula: Ca2Cu(BrO)2
abc   :   3.858420   3.858420  26.029331
angles:  90.000000  90.000000  90.000000
pbc   :       True       True       True
Sites (7)
  #  SP       a     b         c  velocities
---  ----  ----  ----  --------  ---------------
  0  Br     0     0    0.231362  [0.0, 0.0, 0.0]
  1  Br    -0    -0    0.000274  [0.0, 0.0, 0.0]
  2  Ca     0.5   0.5  0.175905  [0.0, 0.0, 0.0]
  3  Ca     0.5   0.5  0.055731  [0.0, 0.0, 0.0]
  4  Cu     0     0    0.115818  [0.0, 0.0, 0.0]
  5  O     -0     0.5  0.115818  [0.0, 0.0, 0.0]
  6  O      0.5   0    0.115818  [0.0, 0.0, 0.0]",-2.057,"Full Formula (Ca2 Cu1 Br2 O2)
Reduced Formula: Ca2Cu(BrO)2
abc   :   3.884897   3.884897  26.029331
angles:  90.000000  90.000000  90.000000
pbc   :       True       True       True
Sites (7)
  #  SP      a    b         c
---  ----  ---  ---  --------
  0  Br    0    0    0.231636
  1  Br    0    0    0
  2  Ca    0.5  0.5  0.176248
  3  Ca    0.5  0.5  0.055388
  4  Cu    0    0    0.115818
  5  O     0    0.5  0.115818
  6  O     0.5  0    0.115818",JVASP-60396,,,,,mp-545481,0.1178,Br2 Ca2 Cu1 O2
3.3495,2.9913,2.9485,88.80865909,"Full Formula (Pd2 Se16 Cl4)
Reduced Formula: Pd(Se4Cl)2
abc   :   9.071567   8.994796  26.298007
angles:  90.000000  90.000000  90.002686
pbc   :       True       True       True
Sites (22)
  #  SP           a          b         c  velocities
---  ----  --------  ---------  --------  ---------------
  0  Se    0.302755   0.007593  0.055744  [0.0, 0.0, 0.0]
  1  Se    0.697245   0.992407  0.183742  [0.0, 0.0, 0.0]
  2  Cl    0.390174   0.170862  0.174926  [0.0, 0.0, 0.0]
  3  Cl    0.609826   0.829138  0.06456   [0.0, 0.0, 0.0]
  4  Pd    0.5       -0         0.119743  [0.0, 0.0, 0.0]
  5  Se    0.123481   0.156606  0.099227  [0.0, 0.0, 0.0]
  6  Se    0.406246   0.186251  0.994491  [0.0, 0.0, 0.0]
  7  Se    0.876519   0.843394  0.140259  [0.0, 0.0, 0.0]
  8  Se    0.593754   0.813749  0.244995  [0.0, 0.0, 0.0]
  9  Se    0.917731   0.102674  0.045848  [0.0, 0.0, 0.0]
 10  Se    0.417736   0.397327  0.045846  [0.0, 0.0, 0.0]
 11  Se    0.082269   0.897326  0.193638  [0.0, 0.0, 0.0]
 12  Se    0.582264   0.602673  0.19364   [0.0, 0.0, 0.0]
 13  Se    0.906252   0.313748  0.994492  [0.0, 0.0, 0.0]
 14  Se    0.623474   0.3434    0.099229  [0.0, 0.0, 0.0]
 15  Se    0.093748   0.686252  0.244994  [0.0, 0.0, 0.0]
 16  Se    0.376526   0.6566    0.140257  [0.0, 0.0, 0.0]
 17  Se    0.802763   0.492404  0.055744  [0.0, 0.0, 0.0]
 18  Se    0.197237   0.507596  0.183742  [0.0, 0.0, 0.0]
 19  Pd    0          0.5       0.119743  [0.0, 0.0, 0.0]
 20  Cl    0.890169   0.329133  0.174927  [0.0, 0.0, 0.0]
 21  Cl    0.109831   0.670867  0.064559  [0.0, 0.0, 0.0]",-0.062,"Full Formula (Pd2 Se16 Cl4)
Reduced Formula: Pd(Se4Cl)2
abc   :   9.034540   9.912741  26.298007
angles:  90.000000  90.000000  90.000000
pbc   :       True       True       True
Sites (22)
  #  SP           a         b         c
---  ----  --------  --------  --------
  0  Se    0.299859  0.026438  0.057728
  1  Se    0.700141  0.973562  0.181758
  2  Cl    0.407285  0.160363  0.176559
  3  Cl    0.592715  0.839637  0.062927
  4  Pd    0.5       0         0.119743
  5  Se    0.128728  0.156459  0.106003
  6  Se    0.413176  0.194083  2e-05
  7  Se    0.871272  0.843541  0.133483
  8  Se    0.586824  0.805917  0.239466
  9  Se    0.919571  0.118953  0.052386
 10  Se    0.419571  0.381047  0.052386
 11  Se    0.080429  0.881047  0.1871
 12  Se    0.580429  0.618953  0.1871
 13  Se    0.913176  0.305917  2e-05
 14  Se    0.628728  0.343541  0.106003
 15  Se    0.086824  0.694083  0.239466
 16  Se    0.371272  0.656459  0.133483
 17  Se    0.799858  0.473561  0.057728
 18  Se    0.200142  0.526439  0.181758
 19  Pd    0         0.5       0.119743
 20  Cl    0.907284  0.339638  0.176559
 21  Cl    0.092716  0.660362  0.062927",JVASP-60439,,,,,mp-567437,1.301,Se16 Cl4 Pd2
2.2354,2.2346,2.1312,132.26525,"Full Formula (Hg4 I8)
Reduced Formula: HgI2
abc   :   8.834578   8.834024  26.753903
angles:  90.000000  90.000000  90.000000
pbc   :       True       True       True
Sites (12)
  #  SP           a          b         c  velocities
---  ----  --------  ---------  --------  ---------------
  0  I     0.768635   0.231296  0.126236  [0.0, 0.0, 0.0]
  1  I     0.231365   0.231296  0.126236  [0.0, 0.0, 0.0]
  2  I     0.5       -0         0.99926   [0.0, 0.0, 0.0]
  3  I     0.5        0.499998  0.001066  [0.0, 0.0, 0.0]
  4  Hg    0.5        0.249337  0.067988  [0.0, 0.0, 0.0]
  5  Hg    0.750642   0.499998  0.184446  [0.0, 0.0, 0.0]
  6  Hg    0.249358   0.499998  0.184446  [0.0, 0.0, 0.0]
  7  Hg    0.5        0.750664  0.067989  [0.0, 0.0, 0.0]
  8  I     0          0.500014  0.253166  [0.0, 0.0, 0.0]
  9  I     0.5        0.500015  0.251382  [0.0, 0.0, 0.0]
 10  I     0.768647   0.768692  0.12623   [0.0, 0.0, 0.0]
 11  I     0.231353   0.768692  0.12623   [0.0, 0.0, 0.0]",-0.101,"Full Formula (Hg4 I8)
Reduced Formula: HgI2
abc   :   9.166951   9.166951  26.753903
angles:  90.000000  90.000000  90.000000
pbc   :       True       True       True
Sites (12)
  #  SP           a         b         c
---  ----  --------  --------  --------
  0  I     0.757889  0.242111  0.126223
  1  I     0.242111  0.242111  0.126223
  2  I     0.5       0         0.002028
  3  I     0.5       0.5       0
  4  Hg    0.5       0.254553  0.065829
  5  Hg    0.745447  0.5       0.186616
  6  Hg    0.254553  0.5       0.186616
  7  Hg    0.5       0.745447  0.065829
  8  I     0         0.5       0.250418
  9  I     0.5       0.5       0.252446
 10  I     0.757889  0.757889  0.126223
 11  I     0.242111  0.757889  0.126223",JVASP-60440,2.1636,2.1444,2.1421,2.0013,mp-567471,1.8036,I8 Hg4
15.7179,15.7546,2.2486,63.56433333,"Full Formula (Co1 O2)
Reduced Formula: CoO2
abc   :   2.816917   2.816963  21.938889
angles:  93.573699  86.528216 119.999647
pbc   :       True       True       True
Sites (3)
  #  SP           a         b         c  velocities
---  ----  --------  --------  --------  ---------------
  0  Co    0.003715  0.503222  0.043033  [0.0, 0.0, 0.0]
  1  O     0.683418  0.822352  0.000335  [0.0, 0.0, 0.0]
  2  O     0.324011  0.18409   0.085732  [0.0, 0.0, 0.0]",-0.925,"Full Formula (Co1 O2)
Reduced Formula: CoO2
abc   :   2.809673   2.841120  21.938889
angles:  93.543274  86.519254 119.505027
pbc   :       True       True       True
Sites (3)
  #  SP           a         b         c
---  ----  --------  --------  --------
  0  Co    0.003708  0.503211  0.043024
  1  O     0.641934  0.821271  0
  2  O     0.365502  0.185182  0.086076",JVASP-60593,,,,,mp-782689,1.4097,Co1 O2
